config,seed,model,buffer,policy,replay,static,final_acc,forgetting,buffer_classes,fit_s,dream_judge_acc,dream_self_acc,recon_mse,judge_test_acc,overlap,overlap_in,dim,hidden,active_frac,synops,schedule,replay_used,asleep_frac,eff_frac,gate,theta,rest_frac,ach_frac,gate_signal,run_args,kp_eff,drift,drift_p99,drift_n,omp_threads,sleeps,rem_used,early_sleeps,sleep_log
b0_only_200,0,ctx,200,random,nrem,False,0.8472,0.11529500838784659,"[24, 21, 20, 17, 26, 15, 14, 23, 21, 19]",37.93691563606262,0.9490000009536743,0.949999988079071,0.5417135953903198,0.9732000231742859,,,,,,,,,,,,,,,,,,,,,,,,,
b0_only_200,1,ctx,200,random,nrem,False,0.8731,0.11878105197689495,"[9, 14, 17, 27, 19, 22, 26, 19, 19, 28]",37.93626546859741,0.9610000252723694,0.984000027179718,0.5400754809379578,0.9732999801635742,,,,,,,,,,,,,,,,,,,,,,,,,
b0_only_200,2,ctx,200,random,nrem,False,0.8017,0.20390658082039442,"[23, 21, 21, 19, 21, 24, 12, 20, 18, 21]",37.828701972961426,0.949999988079071,0.8999999761581421,0.5297942161560059,0.972000002861023,,,,,,,,,,,,,,,,,,,,,,,,,
bp_er_1000,0,bp,1000,random,er,False,0.8837,0.13929933011240217,"[106, 110, 95, 91, 105, 80, 114, 87, 96, 116]",19.327098846435547,,,,,,,,,,,,,,,,,,,,,,,,,,,,,
bp_er_1000,1,bp,1000,random,er,False,0.8995,0.12012443285331387,"[92, 119, 95, 92, 100, 101, 102, 101, 83, 115]",19.292575359344482,,,,,,,,,,,,,,,,,,,,,,,,,,,,,
bp_er_1000,2,bp,1000,random,er,False,0.8955,0.1270103927164838,"[107, 116, 94, 112, 88, 79, 107, 95, 87, 115]",19.342065811157227,,,,,,,,,,,,,,,,,,,,,,,,,,,,,
bp_er_200,0,bp,200,random,er,False,0.71,0.36008976875688176,"[24, 16, 24, 20, 20, 20, 17, 27, 14, 18]",18.125421285629272,,,,,,,,,,,,,,,,,,,,,,,,,,,,,
bp_er_200,1,bp,200,random,er,False,0.6993,0.3748314587836227,"[20, 28, 15, 14, 11, 27, 18, 21, 22, 24]",18.179582357406616,,,,,,,,,,,,,,,,,,,,,,,,,,,,,
bp_er_200,2,bp,200,random,er,False,0.7051,0.3685134220570194,"[23, 21, 18, 24, 17, 14, 25, 26, 20, 12]",18.155762434005737,,,,,,,,,,,,,,,,,,,,,,,,,,,,,
bp_er_5000,0,bp,5000,random,er,False,0.9549,0.04838432947792029,"[501, 565, 497, 493, 492, 442, 500, 509, 471, 530]",21.12166118621826,,,,,,,,,,,,,,,,,,,,,,,,,,,,,
bp_er_5000,1,bp,5000,random,er,False,0.9562,0.04643767981376648,"[490, 545, 516, 525, 499, 496, 452, 523, 481, 473]",21.16154980659485,,,,,,,,,,,,,,,,,,,,,,,,,,,,,
bp_er_5000,2,bp,5000,random,er,False,0.9565,0.04646977996394269,"[491, 571, 480, 507, 507, 461, 496, 512, 519, 456]",21.24856662750244,,,,,,,,,,,,,,,,,,,,,,,,,,,,,
bp_none,0,bp,0,,,False,0.1969,0.9980096021321512,"[0, 0, 0, 0, 0, 0, 0, 0, 0, 0]",9.022763729095459,,,,,,,,,,,,,,,,,,,,,,,,,,,,,
bp_none,1,bp,0,,,False,0.1969,0.9983837934596906,"[0, 0, 0, 0, 0, 0, 0, 0, 0, 0]",9.008621215820312,,,,,,,,,,,,,,,,,,,,,,,,,,,,,
bp_none,2,bp,0,,,False,0.1972,0.9980061499551589,"[0, 0, 0, 0, 0, 0, 0, 0, 0, 0]",8.959635734558105,,,,,,,,,,,,,,,,,,,,,,,,,,,,,
bp_nrem_rand_1000,0,bp,1000,random,nrem,False,0.7377,0.28730394551589294,"[96, 120, 99, 105, 84, 92, 107, 109, 99, 89]",15.382833003997803,,,,,,,,,,,,,,,,,,,,,,,,,,,,,
bp_nrem_rand_1000,1,bp,1000,random,nrem,False,0.8094,0.19177467123141614,"[115, 122, 95, 107, 94, 82, 92, 99, 103, 91]",15.47194528579712,,,,,,,,,,,,,,,,,,,,,,,,,,,,,
bp_nrem_rand_1000,2,bp,1000,random,nrem,False,0.8717,0.10496217521049708,"[100, 100, 82, 96, 77, 103, 109, 114, 97, 122]",15.49946904182434,,,,,,,,,,,,,,,,,,,,,,,,,,,,,
bp_nrem_rand_200,0,bp,200,random,nrem,False,0.8129,0.1572524648322349,"[24, 21, 20, 17, 26, 15, 14, 23, 21, 19]",14.394639253616333,,,,,,,,,,,,,,,,,,,,,,,,,,,,,
bp_nrem_rand_200,1,bp,200,random,nrem,False,0.8249,0.14280283495750248,"[9, 14, 17, 27, 19, 22, 26, 19, 19, 28]",14.377735376358032,,,,,,,,,,,,,,,,,,,,,,,,,,,,,
bp_nrem_rand_200,2,bp,200,random,nrem,False,0.8278,0.12354504898437318,"[23, 21, 21, 19, 21, 24, 12, 20, 18, 21]",14.312589168548584,,,,,,,,,,,,,,,,,,,,,,,,,,,,,
c100_bp_er_1000,0,bp,1000,random,er,False,0.0611,0.27311111111111114,"[6, 14, 13, 9, 13, 14, 15, 5, 10, 7, 8, 8, 11, 9, 10, 13, 7, 9, 14, 8, 7, 12, 8, 9, 12, 6, 9, 12, 8, 10, 6, 11, 8, 12, 7, 14, 12, 11, 7, 14, 8, 15, 11, 11, 10, 11, 15, 14, 9, 9, 8, 9, 10, 11, 8, 5, 10, 6, 11, 10, 12, 7, 11, 12, 7, 6, 6, 9, 10, 8, 12, 17, 10, 11, 19, 8, 12, 14, 9, 8, 10, 9, 10, 13, 12, 8, 7, 9, 11, 6, 11, 5, 16, 9, 11, 5, 13, 9, 8, 11]",9.80475640296936,,,,,,,,,,,,,,,,,,,,,,,,,,,,,
c100_bp_er_1000,1,bp,1000,random,er,False,0.066,0.25511111111111107,"[10, 11, 7, 11, 7, 11, 10, 3, 8, 6, 11, 9, 13, 5, 16, 8, 10, 5, 8, 14, 13, 7, 8, 8, 7, 6, 7, 5, 6, 4, 15, 7, 11, 15, 8, 7, 17, 11, 18, 10, 13, 8, 10, 11, 7, 9, 9, 11, 9, 9, 9, 13, 10, 19, 15, 14, 13, 9, 7, 9, 9, 17, 11, 7, 12, 11, 9, 9, 9, 9, 10, 12, 8, 6, 18, 5, 15, 10, 6, 10, 12, 7, 12, 9, 14, 14, 7, 17, 7, 5, 8, 8, 17, 10, 11, 11, 13, 11, 8, 9]",19.226430654525757,,,,,,,,,,,,,,,,,,,,,,,,,,,,,
c100_bp_er_1000,2,bp,1000,random,er,False,0.0588,0.26811111111111113,"[9, 16, 8, 17, 10, 9, 6, 8, 11, 13, 16, 8, 9, 8, 11, 17, 12, 6, 5, 12, 9, 7, 13, 10, 13, 6, 12, 13, 9, 14, 7, 8, 10, 15, 9, 8, 11, 7, 11, 14, 6, 7, 10, 15, 8, 10, 10, 6, 11, 6, 9, 11, 5, 10, 9, 8, 15, 16, 7, 12, 10, 5, 9, 11, 8, 9, 11, 9, 12, 10, 8, 7, 12, 10, 15, 13, 12, 11, 7, 9, 7, 11, 8, 9, 12, 16, 12, 7, 8, 10, 13, 2, 10, 8, 11, 11, 10, 10, 9, 10]",18.566622018814087,,,,,,,,,,,,,,,,,,,,,,,,,,,,,
c100_bp_er_5000,0,bp,5000,random,er,False,0.0625,0.31344444444444447,"[56, 47, 43, 58, 56, 57, 35, 44, 48, 52, 47, 50, 48, 43, 48, 46, 56, 54, 47, 53, 52, 47, 55, 40, 49, 42, 55, 46, 57, 56, 44, 50, 56, 49, 51, 48, 40, 49, 63, 59, 61, 46, 46, 50, 50, 39, 58, 40, 42, 59, 48, 47, 53, 47, 52, 46, 51, 52, 51, 54, 56, 52, 56, 55, 50, 58, 48, 47, 40, 52, 54, 58, 55, 63, 60, 46, 57, 50, 56, 48, 42, 50, 61, 45, 53, 48, 43, 34, 55, 39, 43, 46, 37, 50, 50, 44, 60, 43, 52, 56]",16.93250012397766,,,,,,,,,,,,,,,,,,,,,,,,,,,,,
c100_bp_er_5000,1,bp,5000,random,er,False,0.0673,0.29577777777777775,"[54, 51, 52, 51, 47, 56, 47, 67, 40, 59, 50, 48, 41, 51, 46, 49, 42, 50, 47, 49, 62, 53, 46, 48, 61, 63, 54, 52, 47, 53, 50, 53, 50, 44, 50, 64, 64, 53, 49, 44, 44, 58, 55, 55, 44, 49, 46, 56, 47, 59, 50, 60, 49, 47, 47, 52, 60, 42, 59, 51, 57, 48, 41, 56, 36, 37, 47, 45, 44, 45, 37, 51, 47, 55, 50, 48, 47, 43, 48, 55, 35, 59, 49, 44, 53, 52, 48, 48, 48, 43, 36, 53, 60, 43, 67, 50, 52, 53, 44, 39]",18.85242533683777,,,,,,,,,,,,,,,,,,,,,,,,,,,,,
c100_bp_er_5000,2,bp,5000,random,er,False,0.0672,0.3058888888888889,"[46, 47, 52, 43, 53, 58, 41, 54, 38, 46, 47, 45, 41, 51, 55, 49, 54, 49, 49, 46, 41, 48, 64, 54, 51, 57, 66, 46, 52, 48, 51, 54, 51, 49, 57, 42, 58, 43, 44, 48, 48, 44, 53, 54, 65, 50, 42, 58, 53, 53, 47, 38, 51, 55, 51, 55, 43, 55, 59, 60, 47, 54, 42, 55, 42, 53, 41, 62, 56, 48, 49, 47, 52, 48, 43, 33, 51, 52, 58, 55, 57, 49, 54, 47, 49, 46, 46, 44, 39, 61, 59, 67, 48, 46, 33, 54, 45, 53, 50, 43]",13.254486799240112,,,,,,,,,,,,,,,,,,,,,,,,,,,,,
c100_ctx_none,0,ctx,0,,,False,0.0251,0.22644444444444442,"[0, 0, 0, 0, 0, 0, 0, 0, 0, 0]",29.257004022598267,,,,,"[0.9679445995190666, 0.934367593318443]",1.0,"[7.114258827339226, 5.582075064756811, 4.371789652961253]","(512, 256)",0.1,163801.22627270222,,,,,,,,,,,,,,,,,,,
c100_ctx_none,1,ctx,0,,,False,0.0205,0.22766666666666666,"[0, 0, 0, 0, 0, 0, 0, 0, 0, 0]",30.146772861480713,,,,,"[0.9631002265740989, 0.9528592327109847]",1.0,"[7.114258827339226, 4.1580089225912396, 3.3544192640195454]","(512, 256)",0.1,163796.9929124117,,,,,,,,,,,,,,,,,,,
c100_ctx_none,2,ctx,0,,,False,0.0242,0.21633333333333335,"[0, 0, 0, 0, 0, 0, 0, 0, 0, 0]",29.655195951461792,,,,,"[0.9534953779438415, 0.9075072375317461]",1.0,"[7.114258827339226, 4.37131927415436, 2.140945552007005]","(512, 256)",0.1,163802.69302380085,,,,,,,,,,,,,,,,,,,
c100_night_k5000,0,ctx,5000,random,nrem,False,0.0318,0.15477777777777776,"[55, 56, 49, 57, 44, 62, 52, 43, 57, 42, 52, 58, 60, 51, 46, 46, 52, 50, 49, 51, 54, 46, 50, 47, 46, 46, 53, 52, 45, 54, 60, 50, 55, 53, 50, 43, 57, 55, 52, 48, 51, 45, 46, 47, 42, 48, 48, 38, 58, 44, 48, 50, 62, 42, 53, 57, 46, 63, 56, 52, 45, 36, 53, 60, 47, 62, 33, 63, 38, 47, 49, 50, 48, 51, 57, 55, 57, 52, 41, 42, 42, 48, 53, 54, 46, 54, 51, 39, 43, 55, 49, 39, 51, 55, 48, 54, 38, 50, 51, 50]",67.88477087020874,,,,,"[0.9626829676433074, 0.9857549857549855]",1.0,"[7.114258827339226, 8.441780521912813, 11.537819297022512]","(512, 256)",0.1,163802.7929688692,,,,,,,,,,,,,,,,,,,
c100_night_k5000,1,ctx,5000,random,nrem,False,0.0318,0.196,"[47, 50, 47, 49, 49, 53, 64, 45, 50, 54, 50, 45, 53, 51, 48, 59, 58, 49, 51, 38, 51, 39, 51, 44, 50, 57, 32, 54, 54, 51, 56, 45, 48, 47, 50, 51, 40, 66, 47, 52, 29, 62, 43, 53, 58, 45, 56, 54, 56, 50, 49, 46, 54, 54, 46, 51, 51, 58, 46, 58, 49, 44, 47, 42, 61, 56, 38, 65, 49, 48, 55, 42, 55, 44, 54, 51, 49, 60, 33, 44, 50, 62, 51, 48, 43, 48, 25, 44, 65, 46, 51, 47, 45, 51, 53, 42, 75, 49, 53, 52]",65.3781213760376,,,,,"[0.9658100343423612, 0.9944444444444445]",1.0,"[7.114258827339226, 8.116750985681707, 13.932438197784538]","(512, 256)",0.1,163802.7929688692,,,,,,,,,,,,,,,,,,,
c100_night_k5000,2,ctx,5000,random,nrem,False,0.029,0.1782222222222222,"[50, 53, 37, 46, 46, 53, 44, 61, 50, 50, 56, 45, 56, 50, 51, 55, 58, 59, 39, 51, 44, 56, 45, 53, 43, 45, 53, 52, 42, 39, 54, 41, 63, 53, 54, 53, 42, 49, 59, 59, 62, 54, 56, 56, 38, 53, 51, 53, 46, 43, 52, 53, 52, 47, 48, 53, 40, 49, 46, 49, 64, 52, 54, 56, 28, 42, 38, 51, 46, 49, 50, 51, 47, 48, 57, 52, 48, 62, 54, 64, 48, 47, 52, 44, 43, 51, 58, 46, 61, 54, 43, 36, 61, 42, 43, 56, 44, 46, 54, 48]",48.12197017669678,,,,,"[0.9756396029099973, 0.9855855855855858]",1.0,"[7.114258827339226, 8.73342688465041, 12.672149113633537]","(512, 256)",0.1,163802.7929688692,,,,,,,,,,,,,,,,,,,
c100_night,0,ctx,1000,random,nrem,False,0.0269,0.12933333333333336,"[6, 10, 13, 14, 16, 11, 5, 8, 18, 13, 9, 8, 10, 11, 10, 12, 13, 14, 12, 12, 15, 7, 10, 7, 7, 9, 9, 10, 8, 12, 13, 6, 8, 10, 9, 11, 10, 13, 15, 15, 8, 8, 9, 4, 11, 15, 7, 7, 14, 12, 10, 7, 11, 8, 19, 11, 12, 7, 10, 7, 9, 11, 11, 10, 8, 14, 9, 10, 13, 7, 5, 13, 10, 10, 14, 11, 11, 2, 4, 6, 10, 6, 9, 7, 9, 8, 5, 13, 9, 11, 9, 8, 6, 14, 11, 13, 8, 9, 10, 11]",67.5002589225769,,,,,"[0.9649865919966918, 1.0]",1.0,"[7.114258827339226, 11.658626600320257, 14.16275729501776]","(512, 256)",0.1,163802.7929688692,,,,,,,,,,,,,,,,,,,
c100_night,1,ctx,1000,random,nrem,False,0.0262,0.15277777777777776,"[8, 18, 10, 11, 5, 8, 13, 12, 13, 10, 7, 15, 12, 13, 9, 11, 6, 10, 15, 13, 11, 10, 11, 7, 9, 12, 12, 13, 12, 7, 10, 8, 9, 10, 12, 13, 15, 14, 13, 9, 7, 13, 9, 10, 13, 9, 6, 11, 17, 8, 7, 9, 7, 11, 9, 9, 12, 11, 11, 9, 7, 12, 16, 7, 12, 10, 9, 6, 8, 8, 6, 6, 11, 5, 6, 6, 8, 8, 9, 10, 8, 9, 5, 9, 7, 11, 11, 12, 13, 10, 7, 9, 8, 14, 16, 13, 9, 6, 8, 11]",64.74769973754883,,,,,"[0.9525548348588855, 0.9947368421052631]",1.0,"[7.114258827339226, 10.347173509357502, 12.683319876980178]","(512, 256)",0.1,163802.7929688692,,,,,,,,,,,,,,,,,,,
c100_night,2,ctx,1000,random,nrem,False,0.0253,0.1388888888888889,"[8, 8, 12, 6, 16, 9, 9, 6, 16, 4, 5, 3, 12, 8, 8, 9, 10, 14, 14, 6, 15, 17, 9, 9, 11, 14, 10, 14, 15, 11, 13, 9, 5, 9, 7, 7, 14, 7, 11, 10, 7, 8, 7, 11, 14, 6, 13, 11, 7, 12, 11, 7, 13, 8, 3, 12, 6, 12, 12, 15, 6, 9, 8, 10, 10, 11, 11, 11, 10, 10, 9, 9, 10, 15, 10, 13, 13, 4, 11, 11, 7, 14, 9, 7, 9, 9, 14, 14, 10, 6, 9, 12, 11, 12, 12, 13, 6, 11, 10, 9]",65.16691017150879,,,,,"[0.9462185782206782, 1.0]",1.0,"[7.114258827339226, 9.505894899741834, 11.629529749473628]","(512, 256)",0.1,163802.7929688692,,,,,,,,,,,,,,,,,,,
c100_sgd_none_k5000,0,ctx,5000,random,local,False,0.0101,0.10044444444444443,"[45, 60, 54, 53, 46, 44, 53, 53, 50, 60, 68, 51, 49, 49, 61, 56, 60, 49, 48, 38, 47, 57, 40, 40, 48, 47, 45, 50, 60, 43, 50, 47, 47, 46, 50, 49, 43, 52, 45, 54, 51, 45, 43, 61, 55, 36, 45, 45, 52, 60, 44, 52, 42, 42, 59, 52, 46, 51, 50, 57, 54, 47, 41, 45, 53, 42, 47, 45, 55, 55, 48, 44, 61, 53, 52, 47, 55, 48, 63, 54, 50, 38, 57, 71, 43, 50, 49, 49, 54, 39, 48, 58, 58, 51, 49, 50, 41, 46, 58, 37]",365.05188727378845,,,,,"[1.0, 1.0]",1.0,"[7.114258827339226, 1.7884674925449477, 2.249884305279162]","(512, 256)",0.1,160210.30842655152,local,15650.0,"[1.0, 1.0]","[1.0, 1.0]",,0.0,"[1.0, 1.0]",,,,,,,,,,,,
c100_sgd_none_k5000,1,ctx,5000,random,local,False,0.011,0.11344444444444443,"[37, 49, 53, 45, 42, 50, 48, 47, 46, 46, 55, 40, 53, 48, 55, 57, 51, 66, 51, 37, 53, 50, 43, 52, 48, 63, 46, 47, 60, 50, 57, 47, 46, 42, 38, 50, 39, 50, 59, 53, 53, 42, 47, 46, 47, 47, 43, 36, 42, 43, 65, 61, 53, 51, 57, 61, 35, 51, 49, 38, 51, 57, 61, 49, 48, 54, 58, 40, 62, 57, 63, 48, 49, 52, 48, 66, 40, 61, 47, 52, 59, 51, 56, 48, 47, 53, 48, 49, 62, 50, 48, 54, 43, 33, 46, 61, 50, 48, 39, 56]",357.45539379119873,,,,,"[1.0, 0.987719298245614]",1.0,"[7.114258827339226, 1.3996016748032702, 1.673094941682726]","(512, 256)",0.1,160107.46245305706,local,15650.0,"[1.0, 1.0]","[1.0, 1.0]",,0.0,"[1.0, 1.0]",,,,,,,,,,,,
c100_sgd_none_k5000,2,ctx,5000,random,local,False,0.01,0.1297777777777778,"[62, 50, 47, 48, 47, 58, 39, 33, 38, 55, 60, 40, 57, 52, 58, 38, 49, 53, 52, 56, 65, 48, 51, 50, 49, 51, 52, 51, 40, 48, 45, 40, 48, 44, 58, 46, 41, 60, 54, 54, 50, 44, 48, 54, 49, 47, 54, 29, 50, 43, 53, 61, 41, 49, 51, 52, 60, 47, 52, 47, 48, 45, 45, 51, 43, 51, 65, 54, 59, 42, 50, 50, 55, 49, 44, 56, 60, 43, 55, 45, 62, 57, 46, 62, 57, 42, 43, 46, 58, 50, 40, 33, 56, 57, 59, 51, 48, 52, 53, 50]",255.25675344467163,,,,,"[0.8092965995360831, 1.0]",1.0,"[7.114258827339226, 1.9302739603928023, 2.0593247566425967]","(512, 256)",0.1,160564.87204308808,local,15650.0,"[1.0, 1.0]","[1.0, 1.0]",,0.0,"[1.0, 1.0]",,,,,,,,,,,,
c100_sgd_none,0,ctx,1000,random,local,False,0.0111,0.13844444444444445,"[8, 14, 11, 5, 13, 9, 7, 11, 11, 7, 14, 13, 9, 6, 12, 12, 15, 9, 12, 8, 13, 10, 13, 10, 5, 13, 7, 9, 13, 6, 18, 17, 8, 12, 13, 9, 13, 9, 7, 6, 11, 8, 20, 7, 14, 10, 5, 5, 9, 7, 12, 10, 10, 8, 9, 10, 10, 11, 6, 13, 9, 13, 19, 5, 11, 6, 12, 9, 16, 4, 7, 13, 10, 9, 12, 11, 9, 10, 4, 10, 10, 8, 9, 10, 6, 8, 8, 8, 6, 9, 16, 8, 16, 7, 7, 10, 9, 10, 9, 15]",349.4924714565277,,,,,"[0.9933333333333334, 0.9889222555889224]",1.0,"[7.114258827339226, 2.1815104151449707, 3.770036630864464]","(512, 256)",0.1,161195.27962943166,local,15650.0,"[1.0, 1.0]","[1.0, 1.0]",,0.0,"[1.0, 1.0]",,,,,,,,,,,,
c100_sgd_none,1,ctx,1000,random,local,False,0.014,0.1328888888888889,"[10, 15, 17, 13, 14, 10, 13, 8, 9, 10, 13, 10, 12, 6, 8, 8, 14, 7, 16, 10, 4, 14, 14, 8, 12, 11, 5, 9, 6, 12, 9, 7, 11, 9, 5, 5, 6, 13, 9, 13, 7, 10, 8, 12, 10, 13, 7, 14, 7, 14, 5, 9, 10, 12, 13, 5, 14, 10, 9, 13, 11, 9, 16, 14, 8, 19, 8, 7, 10, 8, 9, 11, 10, 12, 16, 4, 14, 8, 11, 10, 7, 11, 8, 15, 9, 7, 6, 6, 11, 9, 2, 9, 7, 8, 10, 12, 8, 13, 9, 11]",351.56472992897034,,,,,"[1.0, 0.9614734903759294]",1.0,"[7.114258827339226, 4.409231438853656, 5.917516111695945]","(512, 256)",0.1,161976.52806106955,local,15650.0,"[1.0, 1.0]","[1.0, 1.0]",,0.0,"[1.0, 1.0]",,,,,,,,,,,,
c100_sgd_none,2,ctx,1000,random,local,False,0.0106,0.13622222222222222,"[12, 13, 11, 11, 7, 8, 15, 8, 14, 9, 11, 5, 6, 10, 7, 7, 13, 12, 8, 6, 13, 9, 10, 13, 9, 11, 8, 13, 8, 11, 10, 6, 12, 13, 8, 12, 6, 11, 8, 13, 10, 11, 5, 13, 13, 9, 9, 5, 9, 12, 7, 10, 11, 12, 7, 8, 7, 13, 11, 7, 10, 5, 8, 10, 8, 12, 14, 8, 12, 10, 12, 11, 21, 12, 13, 10, 6, 5, 5, 13, 8, 12, 6, 8, 11, 13, 13, 10, 13, 18, 17, 6, 9, 7, 9, 7, 15, 13, 6, 8]",354.32264018058777,,,,,"[0.9611916264090179, 0.9900709219858157]",1.0,"[7.114258827339226, 1.724263590533779, 1.824153241343285]","(512, 256)",0.1,160670.13890471682,local,15650.0,"[1.0, 1.0]","[1.0, 1.0]",,0.0,"[1.0, 1.0]",,,,,,,,,,,,
c100_sgd_refr_k5000,0,ctx,5000,random,local,False,0.0147,0.12433333333333335,"[45, 60, 54, 53, 46, 44, 53, 53, 50, 60, 68, 51, 49, 49, 61, 56, 60, 49, 48, 38, 47, 57, 40, 40, 48, 47, 45, 50, 60, 43, 50, 47, 47, 46, 50, 49, 43, 52, 45, 54, 51, 45, 43, 61, 55, 36, 45, 45, 52, 60, 44, 52, 42, 42, 59, 52, 46, 51, 50, 57, 54, 47, 41, 45, 53, 42, 47, 45, 55, 55, 48, 44, 61, 53, 52, 47, 55, 48, 63, 54, 50, 38, 57, 71, 43, 50, 49, 49, 54, 39, 48, 58, 58, 51, 49, 50, 41, 46, 58, 37]",388.55460500717163,,,,,"[0.9526324139816053, 0.9731623931623932]",1.0,"[7.114258827339226, 5.153652262034743, 6.654004559615739]","(512, 256)",0.1,163738.359680295,local,15650.0,"[0.7477190245607028, 0.8958548821884984]","[0.5040312549465904, 0.5000943009219112]",,0.0,"[0.7477190245607028, 0.8958548821884984]",,,,,,,,,,,,
c100_sgd_refr_k5000,1,ctx,5000,random,local,False,0.0122,0.12044444444444445,"[37, 49, 53, 45, 42, 50, 48, 47, 46, 46, 55, 40, 53, 48, 55, 57, 51, 66, 51, 37, 53, 50, 43, 52, 48, 63, 46, 47, 60, 50, 57, 47, 46, 42, 38, 50, 39, 50, 59, 53, 53, 42, 47, 46, 47, 47, 43, 36, 42, 43, 65, 61, 53, 51, 57, 61, 35, 51, 49, 38, 51, 57, 61, 49, 48, 54, 58, 40, 62, 57, 63, 48, 49, 52, 48, 66, 40, 61, 47, 52, 59, 51, 56, 48, 47, 53, 48, 49, 62, 50, 48, 54, 43, 33, 46, 61, 50, 48, 39, 56]",365.59197068214417,,,,,"[0.9361197518372875, 0.9671592775041051]",1.0,"[7.114258827339226, 5.826123513852844, 6.857203297595447]","(512, 256)",0.1,162429.32628643513,local,15650.0,"[0.7357562899361022, 0.8954100938498403]","[0.5040826730503918, 0.5003355657630645]",,0.0,"[0.7357562899361022, 0.8954100938498403]",,,,,,,,,,,,
c100_sgd_refr_k5000,2,ctx,5000,random,local,False,0.0095,0.13044444444444447,"[62, 50, 47, 48, 47, 58, 39, 33, 38, 55, 60, 40, 57, 52, 58, 38, 49, 53, 52, 56, 65, 48, 51, 50, 49, 51, 52, 51, 40, 48, 45, 40, 48, 44, 58, 46, 41, 60, 54, 54, 50, 44, 48, 54, 49, 47, 54, 29, 50, 43, 53, 61, 41, 49, 51, 52, 60, 47, 52, 47, 48, 45, 45, 51, 43, 51, 65, 54, 59, 42, 50, 50, 55, 49, 44, 56, 60, 43, 55, 45, 62, 57, 46, 62, 57, 42, 43, 46, 58, 50, 40, 33, 56, 57, 59, 51, 48, 52, 53, 50]",286.31725096702576,,,,,"[0.9507183852781849, 0.9474413603825367]",1.0,"[7.114258827339226, 3.9288511914243176, 5.13350521596972]","(512, 256)",0.1,163024.32636272907,local,15650.0,"[0.7450071136182108, 0.8956257488019169]","[0.503977881466952, 0.500250753086334]",,0.0,"[0.7450071136182108, 0.8956257488019169]",,,,,,,,,,,,
c100_sgd_refr,0,ctx,1000,random,local,False,0.0104,0.11044444444444444,"[8, 14, 11, 5, 13, 9, 7, 11, 11, 7, 14, 13, 9, 6, 12, 12, 15, 9, 12, 8, 13, 10, 13, 10, 5, 13, 7, 9, 13, 6, 18, 17, 8, 12, 13, 9, 13, 9, 7, 6, 11, 8, 20, 7, 14, 10, 5, 5, 9, 7, 12, 10, 10, 8, 9, 10, 10, 11, 6, 13, 9, 13, 19, 5, 11, 6, 12, 9, 16, 4, 7, 13, 10, 9, 12, 11, 9, 10, 4, 10, 10, 8, 9, 10, 6, 8, 8, 8, 6, 9, 16, 8, 16, 7, 7, 10, 9, 10, 9, 15]",381.087069272995,,,,,"[0.9898110773110774, 0.9950000000000001]",1.0,"[7.114258827339226, 4.805716897215858, 5.238797491553435]","(512, 256)",0.1,163788.5578570217,local,15650.0,"[0.7766613418530351, 0.8959412440095846]","[0.5039349459192028, 0.5003094984216693]",,0.0,"[0.7766613418530351, 0.8959412440095846]",,,,,,,,,,,,
c100_sgd_refr,1,ctx,1000,random,local,False,0.0128,0.12311111111111112,"[10, 15, 17, 13, 14, 10, 13, 8, 9, 10, 13, 10, 12, 6, 8, 8, 14, 7, 16, 10, 4, 14, 14, 8, 12, 11, 5, 9, 6, 12, 9, 7, 11, 9, 5, 5, 6, 13, 9, 13, 7, 10, 8, 12, 10, 13, 7, 14, 7, 14, 5, 9, 10, 12, 13, 5, 14, 10, 9, 13, 11, 9, 16, 14, 8, 19, 8, 7, 10, 8, 9, 11, 10, 12, 16, 4, 14, 8, 11, 10, 7, 11, 8, 15, 9, 7, 6, 6, 11, 9, 2, 9, 7, 8, 10, 12, 8, 13, 9, 11]",356.1826858520508,,,,,"[0.9470227466505098, 0.9433243727598567]",1.0,"[7.114258827339226, 2.63778165091752, 4.726704803424365]","(512, 256)",0.1,162744.89292156696,local,15650.0,"[0.7439148612220448, 0.8959899161341853]","[0.5040593518492894, 0.5001664585695147]",,0.0,"[0.7439148612220448, 0.8959899161341853]",,,,,,,,,,,,
c100_sgd_refr,2,ctx,1000,random,local,False,0.0203,0.11555555555555556,"[12, 13, 11, 11, 7, 8, 15, 8, 14, 9, 11, 5, 6, 10, 7, 7, 13, 12, 8, 6, 13, 9, 10, 13, 9, 11, 8, 13, 8, 11, 10, 6, 12, 13, 8, 12, 6, 11, 8, 13, 10, 11, 5, 13, 13, 9, 9, 5, 9, 12, 7, 10, 11, 12, 7, 8, 7, 13, 11, 7, 10, 5, 8, 10, 8, 12, 14, 8, 12, 10, 12, 11, 21, 12, 13, 10, 6, 5, 5, 13, 8, 12, 6, 8, 11, 13, 13, 10, 13, 18, 17, 6, 9, 7, 9, 7, 15, 13, 6, 8]",359.88130617141724,,,,,"[0.9679970548820287, 0.9792768959435626]",1.0,"[7.114258827339226, 4.740078250973054, 5.735893685527699]","(512, 256)",0.1,163070.7596207857,local,15650.0,"[0.7599630591054313, 0.8960123801916933]","[0.5046366369250579, 0.5001112943433058]",,0.0,"[0.7599630591054313, 0.8960123801916933]",,,,,,,,,,,,
c100_sgd_refr_static,0,ctx,1000,random,local,True,0.0111,0.0,"[17, 5, 15, 11, 7, 15, 12, 8, 16, 7, 12, 11, 14, 6, 7, 8, 7, 10, 11, 8, 8, 15, 7, 6, 8, 10, 11, 13, 5, 5, 7, 11, 15, 12, 10, 4, 13, 10, 6, 14, 8, 9, 12, 15, 9, 11, 9, 5, 13, 6, 14, 11, 11, 10, 8, 13, 12, 7, 6, 13, 7, 11, 10, 9, 12, 12, 11, 9, 11, 12, 10, 11, 6, 5, 11, 11, 5, 14, 8, 9, 10, 8, 16, 6, 15, 6, 13, 18, 10, 11, 9, 7, 11, 11, 11, 8, 8, 8, 11, 10]",358.27494978904724,,,,,"[nan, nan]",,"[7.114258827339226, 6.183605575704696, 13.828404338860175]","(512, 256)",0.1,163802.7929688692,local,15625.0,"[0.649762125, 0.8948155]","[0.5055333479242324, 0.4999089117860794]",,0.0,"[0.649762125, 0.8948155]",,,,,,,,,,,,
c100_sgd_refr_static,1,ctx,1000,random,local,True,0.0126,0.0,"[15, 13, 10, 8, 3, 2, 12, 8, 9, 9, 13, 13, 4, 10, 5, 7, 9, 11, 9, 10, 18, 9, 10, 13, 12, 9, 9, 14, 9, 13, 13, 5, 14, 9, 11, 15, 7, 12, 10, 9, 10, 8, 8, 15, 11, 9, 9, 10, 11, 11, 6, 7, 9, 16, 9, 10, 9, 12, 12, 8, 7, 11, 6, 12, 8, 10, 11, 11, 6, 10, 8, 12, 7, 6, 13, 8, 9, 6, 9, 13, 13, 7, 6, 8, 11, 12, 10, 16, 7, 11, 14, 13, 14, 13, 9, 18, 7, 11, 5, 11]",359.3687858581543,,,,,"[nan, nan]",,"[7.114258827339226, 37.922887424183024, 16.36003336587071]","(512, 256)",0.1,163802.7929688692,local,15625.0,"[0.64417675, 0.89446375]","[0.504634517271161, 0.4999822667822838]",,0.0,"[0.64417675, 0.89446375]",,,,,,,,,,,,
c100_sgd_refr_static,2,ctx,1000,random,local,True,0.0107,0.0,"[10, 7, 9, 16, 10, 7, 11, 15, 16, 12, 6, 6, 12, 6, 11, 10, 13, 14, 12, 10, 4, 5, 8, 10, 9, 8, 9, 13, 9, 6, 3, 9, 18, 14, 14, 18, 6, 12, 14, 6, 18, 9, 8, 10, 7, 16, 6, 6, 9, 14, 9, 12, 16, 7, 13, 7, 7, 11, 11, 5, 4, 7, 11, 11, 6, 9, 9, 10, 4, 5, 4, 8, 12, 14, 9, 12, 17, 14, 7, 9, 9, 13, 10, 12, 8, 10, 10, 8, 14, 13, 16, 8, 8, 12, 13, 9, 15, 6, 7, 8]",256.61286425590515,,,,,"[nan, nan]",,"[7.114258827339226, 7.77345852619749, 25.743529921802587]","(512, 256)",0.1,163802.7929688692,local,15625.0,"[0.652506375, 0.895007]","[0.5049582740497589, 0.5002324744176865]",,0.0,"[0.652506375, 0.895007]",,,,,,,,,,,,
c100f_bp_er_1000,0,bp,1000,random,er,False,0.1013,0.4001111111111111,"[6, 14, 13, 9, 13, 14, 15, 5, 10, 7, 8, 8, 11, 9, 10, 13, 7, 9, 14, 8, 7, 12, 8, 9, 12, 6, 9, 12, 8, 10, 6, 11, 8, 12, 7, 14, 12, 11, 7, 14, 8, 15, 11, 11, 10, 11, 15, 14, 9, 9, 8, 9, 10, 11, 8, 5, 10, 6, 11, 10, 12, 7, 11, 12, 7, 6, 6, 9, 10, 8, 12, 17, 10, 11, 19, 8, 12, 14, 9, 8, 10, 9, 10, 13, 12, 8, 7, 9, 11, 6, 11, 5, 16, 9, 11, 5, 13, 9, 8, 11]",17.59738302230835,,,,,,,,,,,,,,,,,,,,,,,,,,,,,
c100f_bp_er_1000,1,bp,1000,random,er,False,0.103,0.39855555555555555,"[10, 11, 7, 11, 7, 11, 10, 3, 8, 6, 11, 9, 13, 5, 16, 8, 10, 5, 8, 14, 13, 7, 8, 8, 7, 6, 7, 5, 6, 4, 15, 7, 11, 15, 8, 7, 17, 11, 18, 10, 13, 8, 10, 11, 7, 9, 9, 11, 9, 9, 9, 13, 10, 19, 15, 14, 13, 9, 7, 9, 9, 17, 11, 7, 12, 11, 9, 9, 9, 9, 10, 12, 8, 6, 18, 5, 15, 10, 6, 10, 12, 7, 12, 9, 14, 14, 7, 17, 7, 5, 8, 8, 17, 10, 11, 11, 13, 11, 8, 9]",19.854875087738037,,,,,,,,,,,,,,,,,,,,,,,,,,,,,
c100f_bp_er_1000,2,bp,1000,random,er,False,0.0935,0.39266666666666666,"[9, 16, 8, 17, 10, 9, 6, 8, 11, 13, 16, 8, 9, 8, 11, 17, 12, 6, 5, 12, 9, 7, 13, 10, 13, 6, 12, 13, 9, 14, 7, 8, 10, 15, 9, 8, 11, 7, 11, 14, 6, 7, 10, 15, 8, 10, 10, 6, 11, 6, 9, 11, 5, 10, 9, 8, 15, 16, 7, 12, 10, 5, 9, 11, 8, 9, 11, 9, 12, 10, 8, 7, 12, 10, 15, 13, 12, 11, 7, 9, 7, 11, 8, 9, 12, 16, 12, 7, 8, 10, 13, 2, 10, 8, 11, 11, 10, 10, 9, 10]",16.93050527572632,,,,,,,,,,,,,,,,,,,,,,,,,,,,,
c100f_bp_er_5000,0,bp,5000,random,er,False,0.0946,0.4474444444444445,"[56, 47, 43, 58, 56, 57, 35, 44, 48, 52, 47, 50, 48, 43, 48, 46, 56, 54, 47, 53, 52, 47, 55, 40, 49, 42, 55, 46, 57, 56, 44, 50, 56, 49, 51, 48, 40, 49, 63, 59, 61, 46, 46, 50, 50, 39, 58, 40, 42, 59, 48, 47, 53, 47, 52, 46, 51, 52, 51, 54, 56, 52, 56, 55, 50, 58, 48, 47, 40, 52, 54, 58, 55, 63, 60, 46, 57, 50, 56, 48, 42, 50, 61, 45, 53, 48, 43, 34, 55, 39, 43, 46, 37, 50, 50, 44, 60, 43, 52, 56]",17.767229557037354,,,,,,,,,,,,,,,,,,,,,,,,,,,,,
c100f_bp_er_5000,1,bp,5000,random,er,False,0.0928,0.43477777777777776,"[54, 51, 52, 51, 47, 56, 47, 67, 40, 59, 50, 48, 41, 51, 46, 49, 42, 50, 47, 49, 62, 53, 46, 48, 61, 63, 54, 52, 47, 53, 50, 53, 50, 44, 50, 64, 64, 53, 49, 44, 44, 58, 55, 55, 44, 49, 46, 56, 47, 59, 50, 60, 49, 47, 47, 52, 60, 42, 59, 51, 57, 48, 41, 56, 36, 37, 47, 45, 44, 45, 37, 51, 47, 55, 50, 48, 47, 43, 48, 55, 35, 59, 49, 44, 53, 52, 48, 48, 48, 43, 36, 53, 60, 43, 67, 50, 52, 53, 44, 39]",19.03207230567932,,,,,,,,,,,,,,,,,,,,,,,,,,,,,
c100f_bp_er_5000,2,bp,5000,random,er,False,0.0884,0.4486666666666667,"[46, 47, 52, 43, 53, 58, 41, 54, 38, 46, 47, 45, 41, 51, 55, 49, 54, 49, 49, 46, 41, 48, 64, 54, 51, 57, 66, 46, 52, 48, 51, 54, 51, 49, 57, 42, 58, 43, 44, 48, 48, 44, 53, 54, 65, 50, 42, 58, 53, 53, 47, 38, 51, 55, 51, 55, 43, 55, 59, 60, 47, 54, 42, 55, 42, 53, 41, 62, 56, 48, 49, 47, 52, 48, 43, 33, 51, 52, 58, 55, 57, 49, 54, 47, 49, 46, 46, 44, 39, 61, 59, 67, 48, 46, 33, 54, 45, 53, 50, 43]",13.276194095611572,,,,,,,,,,,,,,,,,,,,,,,,,,,,,
c100f_ctx_none,0,ctx,0,,,False,0.0319,0.3002222222222222,"[0, 0, 0, 0, 0, 0, 0, 0, 0, 0]",29.123324632644653,,,,,"[0.9435679275018473, 0.9169964306739672]",1.0,"[9.27809755419962, 9.010159289696718, 4.016619120842603]","(512, 256)",0.1,163802.83984375,,,,,,,,,,,,,,,,,,,
c100f_ctx_none,1,ctx,0,,,False,0.0298,0.2986666666666667,"[0, 0, 0, 0, 0, 0, 0, 0, 0, 0]",28.09384322166443,,,,,"[0.9669298486102297, 0.9376243386152128]",1.0,"[9.27809755419962, 8.835700561533546, 4.8556018003998975]","(512, 256)",0.1,163802.83984375,,,,,,,,,,,,,,,,,,,
c100f_ctx_none,2,ctx,0,,,False,0.0324,0.2827777777777778,"[0, 0, 0, 0, 0, 0, 0, 0, 0, 0]",28.85464096069336,,,,,"[0.9628372130287054, 0.9469552898378895]",1.0,"[9.27809755419962, 10.06405941904554, 5.177014734972794]","(512, 256)",0.1,163802.83984375,,,,,,,,,,,,,,,,,,,
c100f_night_k5000,0,ctx,5000,random,nrem,False,0.0456,0.1436666666666667,"[55, 56, 49, 57, 44, 62, 52, 43, 57, 42, 52, 58, 60, 51, 46, 46, 52, 50, 49, 51, 54, 46, 50, 47, 46, 46, 53, 52, 45, 54, 60, 50, 55, 53, 50, 43, 57, 55, 52, 48, 51, 45, 46, 47, 42, 48, 48, 38, 58, 44, 48, 50, 62, 42, 53, 57, 46, 63, 56, 52, 45, 36, 53, 60, 47, 62, 33, 63, 38, 47, 49, 50, 48, 51, 57, 55, 57, 52, 41, 42, 42, 48, 53, 54, 46, 54, 51, 39, 43, 55, 49, 39, 51, 55, 48, 54, 38, 50, 51, 50]",67.75509309768677,,,,,"[0.9828601982277312, 0.9867724867724867]",1.0,"[9.27809755419962, 10.401476967411286, 17.66263285064754]","(512, 256)",0.1,163802.83984375,,,,,,,,,,,,,,,,,,,
c100f_night_k5000,1,ctx,5000,random,nrem,False,0.0485,0.14444444444444446,"[47, 50, 47, 49, 49, 53, 64, 45, 50, 54, 50, 45, 53, 51, 48, 59, 58, 49, 51, 38, 51, 39, 51, 44, 50, 57, 32, 54, 54, 51, 56, 45, 48, 47, 50, 51, 40, 66, 47, 52, 29, 62, 43, 53, 58, 45, 56, 54, 56, 50, 49, 46, 54, 54, 46, 51, 51, 58, 46, 58, 49, 44, 47, 42, 61, 56, 38, 65, 49, 48, 55, 42, 55, 44, 54, 51, 49, 60, 33, 44, 50, 62, 51, 48, 43, 48, 25, 44, 65, 46, 51, 47, 45, 51, 53, 42, 75, 49, 53, 52]",65.36111307144165,,,,,"[0.9836024766526278, 0.9873737373737373]",1.0,"[9.27809755419962, 9.79436813760371, 17.15913776095623]","(512, 256)",0.1,163802.83984375,,,,,,,,,,,,,,,,,,,
c100f_night_k5000,2,ctx,5000,random,nrem,False,0.0506,0.13699999999999998,"[50, 53, 37, 46, 46, 53, 44, 61, 50, 50, 56, 45, 56, 50, 51, 55, 58, 59, 39, 51, 44, 56, 45, 53, 43, 45, 53, 52, 42, 39, 54, 41, 63, 53, 54, 53, 42, 49, 59, 59, 62, 54, 56, 56, 38, 53, 51, 53, 46, 43, 52, 53, 52, 47, 48, 53, 40, 49, 46, 49, 64, 52, 54, 56, 28, 42, 38, 51, 46, 49, 50, 51, 47, 48, 57, 52, 48, 62, 54, 64, 48, 47, 52, 44, 43, 51, 58, 46, 61, 54, 43, 36, 61, 42, 43, 56, 44, 46, 54, 48]",48.088359117507935,,,,,"[0.9729507577195213, 0.9876543209876542]",1.0,"[9.27809755419962, 9.78437715011527, 17.417102357239326]","(512, 256)",0.1,163802.83984375,,,,,,,,,,,,,,,,,,,
c100f_night,0,ctx,1000,random,nrem,False,0.0454,0.10066666666666668,"[6, 10, 13, 14, 16, 11, 5, 8, 18, 13, 9, 8, 10, 11, 10, 12, 13, 14, 12, 12, 15, 7, 10, 7, 7, 9, 9, 10, 8, 12, 13, 6, 8, 10, 9, 11, 10, 13, 15, 15, 8, 8, 9, 4, 11, 15, 7, 7, 14, 12, 10, 7, 11, 8, 19, 11, 12, 7, 10, 7, 9, 11, 11, 10, 8, 14, 9, 10, 13, 7, 5, 13, 10, 10, 14, 11, 11, 2, 4, 6, 10, 6, 9, 7, 9, 8, 5, 13, 9, 11, 9, 8, 6, 14, 11, 13, 8, 9, 10, 11]",67.4023585319519,,,,,"[0.9747120757204863, 1.0]",1.0,"[9.27809755419962, 11.168164518185247, 17.997063668106005]","(512, 256)",0.1,163802.83984375,,,,,,,,,,,,,,,,,,,
c100f_night,1,ctx,1000,random,nrem,False,0.0402,0.11088888888888887,"[8, 18, 10, 11, 5, 8, 13, 12, 13, 10, 7, 15, 12, 13, 9, 11, 6, 10, 15, 13, 11, 10, 11, 7, 9, 12, 12, 13, 12, 7, 10, 8, 9, 10, 12, 13, 15, 14, 13, 9, 7, 13, 9, 10, 13, 9, 6, 11, 17, 8, 7, 9, 7, 11, 9, 9, 12, 11, 11, 9, 7, 12, 16, 7, 12, 10, 9, 6, 8, 8, 6, 6, 11, 5, 6, 6, 8, 8, 9, 10, 8, 9, 5, 9, 7, 11, 11, 12, 13, 10, 7, 9, 8, 14, 16, 13, 9, 6, 8, 11]",65.64862489700317,,,,,"[0.9813263250490794, 0.9915343915343916]",1.0,"[9.27809755419962, 12.95190663000723, 17.269348521584497]","(512, 256)",0.1,163802.83984375,,,,,,,,,,,,,,,,,,,
c100f_night,2,ctx,1000,random,nrem,False,0.0446,0.1276666666666667,"[8, 8, 12, 6, 16, 9, 9, 6, 16, 4, 5, 3, 12, 8, 8, 9, 10, 14, 14, 6, 15, 17, 9, 9, 11, 14, 10, 14, 15, 11, 13, 9, 5, 9, 7, 7, 14, 7, 11, 10, 7, 8, 7, 11, 14, 6, 13, 11, 7, 12, 11, 7, 13, 8, 3, 12, 6, 12, 12, 15, 6, 9, 8, 10, 10, 11, 11, 11, 10, 10, 9, 9, 10, 15, 10, 13, 13, 4, 11, 11, 7, 14, 9, 7, 9, 9, 14, 14, 10, 6, 9, 12, 11, 12, 12, 13, 6, 11, 10, 9]",64.73667645454407,,,,,"[0.9741921679717619, 0.9761001419538003]",1.0,"[9.27809755419962, 10.144373238984805, 16.801932431076928]","(512, 256)",0.1,163802.83984375,,,,,,,,,,,,,,,,,,,
c100f_sgd_none_k5000,0,ctx,5000,random,local,False,0.0186,0.11500000000000002,"[45, 60, 54, 53, 46, 44, 53, 53, 50, 60, 68, 51, 49, 49, 61, 56, 60, 49, 48, 38, 47, 57, 40, 40, 48, 47, 45, 50, 60, 43, 50, 47, 47, 46, 50, 49, 43, 52, 45, 54, 51, 45, 43, 61, 55, 36, 45, 45, 52, 60, 44, 52, 42, 42, 59, 52, 46, 51, 50, 57, 54, 47, 41, 45, 53, 42, 47, 45, 55, 55, 48, 44, 61, 53, 52, 47, 55, 48, 63, 54, 50, 38, 57, 71, 43, 50, 49, 49, 54, 39, 48, 58, 58, 51, 49, 50, 41, 46, 58, 37]",360.14623260498047,,,,,"[1.0, 0.995]",1.0,"[9.27809755419962, 2.5387861491274015, 2.7717063196596383]","(512, 256)",0.1,160098.7893594075,local,15650.0,"[1.0, 1.0]","[1.0, 1.0]",,0.0,"[1.0, 1.0]",,,,,,,,,,,,
c100f_sgd_none_k5000,1,ctx,5000,random,local,False,0.01,0.12133333333333335,"[37, 49, 53, 45, 42, 50, 48, 47, 46, 46, 55, 40, 53, 48, 55, 57, 51, 66, 51, 37, 53, 50, 43, 52, 48, 63, 46, 47, 60, 50, 57, 47, 46, 42, 38, 50, 39, 50, 59, 53, 53, 42, 47, 46, 47, 47, 43, 36, 42, 43, 65, 61, 53, 51, 57, 61, 35, 51, 49, 38, 51, 57, 61, 49, 48, 54, 58, 40, 62, 57, 63, 48, 49, 52, 48, 66, 40, 61, 47, 52, 59, 51, 56, 48, 47, 53, 48, 49, 62, 50, 48, 54, 43, 33, 46, 61, 50, 48, 39, 56]",357.33554124832153,,,,,"[0.8432539682539683, 1.0]",1.0,"[9.27809755419962, 2.1268406835970537, 1.8572922390629072]","(512, 256)",0.1,160043.46719630528,local,15650.0,"[1.0, 1.0]","[1.0, 1.0]",,0.0,"[1.0, 1.0]",,,,,,,,,,,,
c100f_sgd_none_k5000,2,ctx,5000,random,local,False,0.0099,0.14088888888888892,"[62, 50, 47, 48, 47, 58, 39, 33, 38, 55, 60, 40, 57, 52, 58, 38, 49, 53, 52, 56, 65, 48, 51, 50, 49, 51, 52, 51, 40, 48, 45, 40, 48, 44, 58, 46, 41, 60, 54, 54, 50, 44, 48, 54, 49, 47, 54, 29, 50, 43, 53, 61, 41, 49, 51, 52, 60, 47, 52, 47, 48, 45, 45, 51, 43, 51, 65, 54, 59, 42, 50, 50, 55, 49, 44, 56, 60, 43, 55, 45, 62, 57, 46, 62, 57, 42, 43, 46, 58, 50, 40, 33, 56, 57, 59, 51, 48, 52, 53, 50]",254.33514976501465,,,,,"[1.0, 1.0]",1.0,"[9.27809755419962, 1.9139107437412102, 1.739753742519269]","(512, 256)",0.1,160114.4311200846,local,15650.0,"[1.0, 1.0]","[1.0, 1.0]",,0.0,"[1.0, 1.0]",,,,,,,,,,,,
c100f_sgd_none,0,ctx,1000,random,local,False,0.0136,0.15188888888888888,"[8, 14, 11, 5, 13, 9, 7, 11, 11, 7, 14, 13, 9, 6, 12, 12, 15, 9, 12, 8, 13, 10, 13, 10, 5, 13, 7, 9, 13, 6, 18, 17, 8, 12, 13, 9, 13, 9, 7, 6, 11, 8, 20, 7, 14, 10, 5, 5, 9, 7, 12, 10, 10, 8, 9, 10, 10, 11, 6, 13, 9, 13, 19, 5, 11, 6, 12, 9, 16, 4, 7, 13, 10, 9, 12, 11, 9, 10, 4, 10, 10, 8, 9, 10, 6, 8, 8, 8, 6, 9, 16, 8, 16, 7, 7, 10, 9, 10, 9, 15]",350.73075771331787,,,,,"[1.0, 1.0]",1.0,"[9.27809755419962, 2.3757317617908704, 2.737919646886602]","(512, 256)",0.1,160132.88890672196,local,15650.0,"[1.0, 1.0]","[1.0, 1.0]",,0.0,"[1.0, 1.0]",,,,,,,,,,,,
c100f_sgd_none,1,ctx,1000,random,local,False,0.012,0.14166666666666666,"[10, 15, 17, 13, 14, 10, 13, 8, 9, 10, 13, 10, 12, 6, 8, 8, 14, 7, 16, 10, 4, 14, 14, 8, 12, 11, 5, 9, 6, 12, 9, 7, 11, 9, 5, 5, 6, 13, 9, 13, 7, 10, 8, 12, 10, 13, 7, 14, 7, 14, 5, 9, 10, 12, 13, 5, 14, 10, 9, 13, 11, 9, 16, 14, 8, 19, 8, 7, 10, 8, 9, 11, 10, 12, 16, 4, 14, 8, 11, 10, 7, 11, 8, 15, 9, 7, 6, 6, 11, 9, 2, 9, 7, 8, 10, 12, 8, 13, 9, 11]",352.1550598144531,,,,,"[1.0, 1.0]",1.0,"[9.27809755419962, 2.114692610813489, 1.5865450760403894]","(512, 256)",0.1,160238.0803881511,local,15650.0,"[1.0, 1.0]","[1.0, 1.0]",,0.0,"[1.0, 1.0]",,,,,,,,,,,,
c100f_sgd_none,2,ctx,1000,random,local,False,0.0126,0.16955555555555554,"[12, 13, 11, 11, 7, 8, 15, 8, 14, 9, 11, 5, 6, 10, 7, 7, 13, 12, 8, 6, 13, 9, 10, 13, 9, 11, 8, 13, 8, 11, 10, 6, 12, 13, 8, 12, 6, 11, 8, 13, 10, 11, 5, 13, 13, 9, 9, 5, 9, 12, 7, 10, 11, 12, 7, 8, 7, 13, 11, 7, 10, 5, 8, 10, 8, 12, 14, 8, 12, 10, 12, 11, 21, 12, 13, 10, 6, 5, 5, 13, 8, 12, 6, 8, 11, 13, 13, 10, 13, 18, 17, 6, 9, 7, 9, 7, 15, 13, 6, 8]",351.0606484413147,,,,,"[1.0, 0.9896296296296294]",1.0,"[9.27809755419962, 2.7340837786878267, 3.3073491034272053]","(512, 256)",0.1,160291.84092037752,local,15650.0,"[1.0, 1.0]","[1.0, 1.0]",,0.0,"[1.0, 1.0]",,,,,,,,,,,,
c100f_sgd_refr_k5000,0,ctx,5000,random,local,False,0.0133,0.13922222222222225,"[45, 60, 54, 53, 46, 44, 53, 53, 50, 60, 68, 51, 49, 49, 61, 56, 60, 49, 48, 38, 47, 57, 40, 40, 48, 47, 45, 50, 60, 43, 50, 47, 47, 46, 50, 49, 43, 52, 45, 54, 51, 45, 43, 61, 55, 36, 45, 45, 52, 60, 44, 52, 42, 42, 59, 52, 46, 51, 50, 57, 54, 47, 41, 45, 53, 42, 47, 45, 55, 55, 48, 44, 61, 53, 52, 47, 55, 48, 63, 54, 50, 38, 57, 71, 43, 50, 49, 49, 54, 39, 48, 58, 58, 51, 49, 50, 41, 46, 58, 37]",400.77843856811523,,,,,"[0.9958702064896755, 0.9306299554686651]",1.0,"[9.27809755419962, 4.184042674893936, 3.8570939504032187]","(512, 256)",0.1,162115.7489541322,local,15650.0,"[0.7883978134984025, 0.8973637180511183]","[0.504559810826787, 0.5007158487433562]",,0.0,"[0.7883978134984025, 0.8973637180511183]",,,,,,,,,,,,
c100f_sgd_refr_k5000,1,ctx,5000,random,local,False,0.0174,0.1297777777777778,"[37, 49, 53, 45, 42, 50, 48, 47, 46, 46, 55, 40, 53, 48, 55, 57, 51, 66, 51, 37, 53, 50, 43, 52, 48, 63, 46, 47, 60, 50, 57, 47, 46, 42, 38, 50, 39, 50, 59, 53, 53, 42, 47, 46, 47, 47, 43, 36, 42, 43, 65, 61, 53, 51, 57, 61, 35, 51, 49, 38, 51, 57, 61, 49, 48, 54, 58, 40, 62, 57, 63, 48, 49, 52, 48, 66, 40, 61, 47, 52, 59, 51, 56, 48, 47, 53, 48, 49, 62, 50, 48, 54, 43, 33, 46, 61, 50, 48, 39, 56]",368.04937958717346,,,,,"[0.9809513440677339, 0.9620449509338398]",1.0,"[9.27809755419962, 6.37193612004631, 7.377184341313035]","(512, 256)",0.1,162194.84653361142,local,15650.0,"[0.784475339456869, 0.8974293630191693]","[0.5041106411520118, 0.5008331791810191]",,0.0,"[0.784475339456869, 0.8974293630191693]",,,,,,,,,,,,
c100f_sgd_refr_k5000,2,ctx,5000,random,local,False,0.012,0.15688888888888888,"[62, 50, 47, 48, 47, 58, 39, 33, 38, 55, 60, 40, 57, 52, 58, 38, 49, 53, 52, 56, 65, 48, 51, 50, 49, 51, 52, 51, 40, 48, 45, 40, 48, 44, 58, 46, 41, 60, 54, 54, 50, 44, 48, 54, 49, 47, 54, 29, 50, 43, 53, 61, 41, 49, 51, 52, 60, 47, 52, 47, 48, 45, 45, 51, 43, 51, 65, 54, 59, 42, 50, 50, 55, 49, 44, 56, 60, 43, 55, 45, 62, 57, 46, 62, 57, 42, 43, 46, 58, 50, 40, 33, 56, 57, 59, 51, 48, 52, 53, 50]",284.73449969291687,,,,,"[0.9849184579882941, 0.9777777777777777]",1.0,"[9.27809755419962, 4.222687608707592, 3.855256178541237]","(512, 256)",0.1,161862.2206980586,local,15650.0,"[0.7757570387380192, 0.8962472543929713]","[0.504138091720236, 0.5007786687936027]",,0.0,"[0.7757570387380192, 0.8962472543929713]",,,,,,,,,,,,
c100f_sgd_refr,0,ctx,1000,random,local,False,0.0111,0.1451111111111111,"[8, 14, 11, 5, 13, 9, 7, 11, 11, 7, 14, 13, 9, 6, 12, 12, 15, 9, 12, 8, 13, 10, 13, 10, 5, 13, 7, 9, 13, 6, 18, 17, 8, 12, 13, 9, 13, 9, 7, 6, 11, 8, 20, 7, 14, 10, 5, 5, 9, 7, 12, 10, 10, 8, 9, 10, 10, 11, 6, 13, 9, 13, 19, 5, 11, 6, 12, 9, 16, 4, 7, 13, 10, 9, 12, 11, 9, 10, 4, 10, 10, 8, 9, 10, 6, 8, 8, 8, 6, 9, 16, 8, 16, 7, 7, 10, 9, 10, 9, 15]",379.554856300354,,,,,"[0.9870819227168366, 0.9704545454545455]",1.0,"[9.27809755419962, 6.47069721204331, 5.805284645718632]","(512, 256)",0.1,163052.49916510284,local,15650.0,"[0.7881655601038339, 0.8960747803514377]","[0.5038079631790972, 0.5007174645987348]",,0.0,"[0.7881655601038339, 0.8960747803514377]",,,,,,,,,,,,
c100f_sgd_refr,1,ctx,1000,random,local,False,0.0151,0.16777777777777778,"[10, 15, 17, 13, 14, 10, 13, 8, 9, 10, 13, 10, 12, 6, 8, 8, 14, 7, 16, 10, 4, 14, 14, 8, 12, 11, 5, 9, 6, 12, 9, 7, 11, 9, 5, 5, 6, 13, 9, 13, 7, 10, 8, 12, 10, 13, 7, 14, 7, 14, 5, 9, 10, 12, 13, 5, 14, 10, 9, 13, 11, 9, 16, 14, 8, 19, 8, 7, 10, 8, 9, 11, 10, 12, 16, 4, 14, 8, 11, 10, 7, 11, 8, 15, 9, 7, 6, 6, 11, 9, 2, 9, 7, 8, 10, 12, 8, 13, 9, 11]",362.73862385749817,,,,,"[0.981397856892694, 0.9729309221244705]",1.0,"[9.27809755419962, 4.461024928409789, 3.244616419460347]","(512, 256)",0.1,162224.20977720618,local,15650.0,"[0.7816614666533547, 0.898448981629393]","[0.5042886272096596, 0.5007953874352641]",,0.0,"[0.7816614666533547, 0.898448981629393]",,,,,,,,,,,,
c100f_sgd_refr,2,ctx,1000,random,local,False,0.0102,0.15455555555555553,"[12, 13, 11, 11, 7, 8, 15, 8, 14, 9, 11, 5, 6, 10, 7, 7, 13, 12, 8, 6, 13, 9, 10, 13, 9, 11, 8, 13, 8, 11, 10, 6, 12, 13, 8, 12, 6, 11, 8, 13, 10, 11, 5, 13, 13, 9, 9, 5, 9, 12, 7, 10, 11, 12, 7, 8, 7, 13, 11, 7, 10, 5, 8, 10, 8, 12, 14, 8, 12, 10, 12, 11, 21, 12, 13, 10, 6, 5, 5, 13, 8, 12, 6, 8, 11, 13, 13, 10, 13, 18, 17, 6, 9, 7, 9, 7, 15, 13, 6, 8]",356.46569085121155,,,,,"[0.9916893707719397, 0.9373005416483678]",1.0,"[9.27809755419962, 3.4553265313296704, 3.520492141861475]","(512, 256)",0.1,162313.04955598712,local,15650.0,"[0.7895121555511182, 0.8953167432108626]","[0.5044596064803651, 0.5006865203000914]",,0.0,"[0.7895121555511182, 0.8953167432108626]",,,,,,,,,,,,
c100f_sgd_refr_static,0,ctx,1000,random,local,True,0.0134,0.0,"[17, 5, 15, 11, 7, 15, 12, 8, 16, 7, 12, 11, 14, 6, 7, 8, 7, 10, 11, 8, 8, 15, 7, 6, 8, 10, 11, 13, 5, 5, 7, 11, 15, 12, 10, 4, 13, 10, 6, 14, 8, 9, 12, 15, 9, 11, 9, 5, 13, 6, 14, 11, 11, 10, 8, 13, 12, 7, 6, 13, 7, 11, 10, 9, 12, 12, 11, 9, 11, 12, 10, 11, 6, 5, 11, 11, 5, 14, 8, 9, 10, 8, 16, 6, 15, 6, 13, 18, 10, 11, 9, 7, 11, 11, 11, 8, 8, 8, 11, 10]",357.7886166572571,,,,,"[nan, nan]",,"[9.27809755419962, 36.55046302420271, 15.142562535222712]","(512, 256)",0.1,163802.83984375,local,15625.0,"[0.632791875, 0.8949095]","[0.5060491570053249, 0.5001245129838586]",,0.0,"[0.632791875, 0.8949095]",,,,,,,,,,,,
c100f_sgd_refr_static,1,ctx,1000,random,local,True,0.01,0.0,"[15, 13, 10, 8, 3, 2, 12, 8, 9, 9, 13, 13, 4, 10, 5, 7, 9, 11, 9, 10, 18, 9, 10, 13, 12, 9, 9, 14, 9, 13, 13, 5, 14, 9, 11, 15, 7, 12, 10, 9, 10, 8, 8, 15, 11, 9, 9, 10, 11, 11, 6, 7, 9, 16, 9, 10, 9, 12, 12, 8, 7, 11, 6, 12, 8, 10, 11, 11, 6, 10, 8, 12, 7, 6, 13, 8, 9, 6, 9, 13, 13, 7, 6, 8, 11, 12, 10, 16, 7, 11, 14, 13, 14, 13, 9, 18, 7, 11, 5, 11]",358.78426337242126,,,,,"[nan, nan]",,"[9.27809755419962, 18.27234102072423, 5.773430310083626]","(512, 256)",0.1,163802.83984375,local,15625.0,"[0.6253045, 0.894541]","[0.5064680704059601, 0.4998516072230339]",,0.0,"[0.6253045, 0.894541]",,,,,,,,,,,,
c100f_sgd_refr_static,2,ctx,1000,random,local,True,0.0117,0.0,"[10, 7, 9, 16, 10, 7, 11, 15, 16, 12, 6, 6, 12, 6, 11, 10, 13, 14, 12, 10, 4, 5, 8, 10, 9, 8, 9, 13, 9, 6, 3, 9, 18, 14, 14, 18, 6, 12, 14, 6, 18, 9, 8, 10, 7, 16, 6, 6, 9, 14, 9, 12, 16, 7, 13, 7, 7, 11, 11, 5, 4, 7, 11, 11, 6, 9, 9, 10, 4, 5, 4, 8, 12, 14, 9, 12, 17, 14, 7, 9, 9, 13, 10, 12, 8, 10, 10, 8, 14, 13, 16, 8, 8, 12, 13, 9, 15, 6, 7, 8]",256.2294933795929,,,,,"[nan, nan]",,"[9.27809755419962, 35.90208716527921, 15.38134334982086]","(512, 256)",0.1,163802.83984375,local,15625.0,"[0.630010125, 0.8946705]","[0.5067365849704742, 0.5001395688558817]",,0.0,"[0.630010125, 0.8946705]",,,,,,,,,,,,
cfeat_bp_er_1000,0,bp,1000,random,er,False,0.4189,0.508875,"[100, 105, 98, 114, 77, 100, 90, 122, 94, 100]",19.547717809677124,,,,,,,,,,,,,,,,,,,,"{'epochs_per_task': 5, 'batch': 256, 'nrem_batches': 20, 'nrem_gain': 3.0, 'val': False}",,,,,,,,,
cfeat_bp_er_1000,1,bp,1000,random,er,False,0.4107,0.51425,"[99, 87, 108, 105, 99, 105, 96, 106, 91, 104]",20.478337287902832,,,,,,,,,,,,,,,,,,,,"{'epochs_per_task': 5, 'batch': 256, 'nrem_batches': 20, 'nrem_gain': 3.0, 'val': False}",,,,,,,,,
cfeat_bp_er_1000,2,bp,1000,random,er,False,0.4148,0.497625,"[109, 101, 96, 99, 109, 101, 101, 89, 100, 95]",21.77282452583313,,,,,,,,,,,,,,,,,,,,"{'epochs_per_task': 5, 'batch': 256, 'nrem_batches': 20, 'nrem_gain': 3.0, 'val': False}",,,,,,,,,
cfeat_bp_er_lr3e3,0,bp,1000,random,er,False,0.4002,0.50425,"[100, 105, 98, 114, 77, 100, 90, 122, 94, 100]",19.61541986465454,,,,,,,,,,,,,,,,,,,,"{'epochs_per_task': 5, 'batch': 256, 'nrem_batches': 20, 'nrem_gain': 3.0, 'val': False}",,,,,,,,,
cfeat_bp_er_lr3e3,1,bp,1000,random,er,False,0.4021,0.5098750000000001,"[99, 87, 108, 105, 99, 105, 96, 106, 91, 104]",20.285426378250122,,,,,,,,,,,,,,,,,,,,"{'epochs_per_task': 5, 'batch': 256, 'nrem_batches': 20, 'nrem_gain': 3.0, 'val': False}",,,,,,,,,
cfeat_bp_er_lr3e3,2,bp,1000,random,er,False,0.3893,0.48900000000000005,"[109, 101, 96, 99, 109, 101, 101, 89, 100, 95]",23.155147552490234,,,,,,,,,,,,,,,,,,,,"{'epochs_per_task': 5, 'batch': 256, 'nrem_batches': 20, 'nrem_gain': 3.0, 'val': False}",,,,,,,,,
cfeat_bp_er_lr3e4,0,bp,1000,random,er,False,0.4273,0.48575,"[100, 105, 98, 114, 77, 100, 90, 122, 94, 100]",20.79289960861206,,,,,,,,,,,,,,,,,,,,"{'epochs_per_task': 5, 'batch': 256, 'nrem_batches': 20, 'nrem_gain': 3.0, 'val': False}",,,,,,,,,
cfeat_bp_er_lr3e4,1,bp,1000,random,er,False,0.4209,0.5025,"[99, 87, 108, 105, 99, 105, 96, 106, 91, 104]",20.89917278289795,,,,,,,,,,,,,,,,,,,,"{'epochs_per_task': 5, 'batch': 256, 'nrem_batches': 20, 'nrem_gain': 3.0, 'val': False}",,,,,,,,,
cfeat_bp_er_lr3e4,2,bp,1000,random,er,False,0.4372,0.48124999999999996,"[109, 101, 96, 99, 109, 101, 101, 89, 100, 95]",20.519333124160767,,,,,,,,,,,,,,,,,,,,"{'epochs_per_task': 5, 'batch': 256, 'nrem_batches': 20, 'nrem_gain': 3.0, 'val': False}",,,,,,,,,
cfeat_bp_er_lr3e4,3,bp,1000,random,er,False,0.4243,0.49887499999999996,"[89, 84, 101, 107, 105, 100, 99, 87, 112, 116]",19.858327388763428,,,,,,,,,,,,,,,,,,,,"{'epochs_per_task': 5, 'batch': 256, 'nrem_batches': 20, 'nrem_gain': 3.0, 'val': False}",,,,,,,,,
cfeat_bp_er_lr3e4,4,bp,1000,random,er,False,0.4455,0.46125000000000005,"[109, 103, 104, 102, 107, 99, 101, 94, 95, 86]",16.789196252822876,,,,,,,,,,,,,,,,,,,,"{'epochs_per_task': 5, 'batch': 256, 'nrem_batches': 20, 'nrem_gain': 3.0, 'val': False}",,,,,,,,,
cfeat_bp_er_lr3e4,5,bp,1000,random,er,False,0.4386,0.479125,"[92, 99, 115, 101, 88, 87, 124, 94, 101, 99]",17.045455932617188,,,,,,,,,,,,,,,,,,,,"{'epochs_per_task': 5, 'batch': 256, 'nrem_batches': 20, 'nrem_gain': 3.0, 'val': False}",,,,,,,,,
cfeat_bp_er_w512_d30_lr1e3,0,bp,1000,random,er,False,0.4391,0.479375,"[100, 105, 98, 114, 77, 100, 90, 122, 94, 100]",31.857789516448975,,,,,,,,,,,,,,,,,,,,"{'epochs_per_task': 5, 'batch': 256, 'nrem_batches': 20, 'nrem_gain': 3.0, 'val': False}",,,,,,,,,
cfeat_bp_er_w512_d30_lr1e3,1,bp,1000,random,er,False,0.4317,0.4902500000000001,"[99, 87, 108, 105, 99, 105, 96, 106, 91, 104]",32.06448292732239,,,,,,,,,,,,,,,,,,,,"{'epochs_per_task': 5, 'batch': 256, 'nrem_batches': 20, 'nrem_gain': 3.0, 'val': False}",,,,,,,,,
cfeat_bp_er_w512_d30_lr1e3,2,bp,1000,random,er,False,0.4351,0.47324999999999995,"[109, 101, 96, 99, 109, 101, 101, 89, 100, 95]",31.14620065689087,,,,,,,,,,,,,,,,,,,,"{'epochs_per_task': 5, 'batch': 256, 'nrem_batches': 20, 'nrem_gain': 3.0, 'val': False}",,,,,,,,,
cfeat_bp_er_w512_d30_lr1e3,3,bp,1000,random,er,False,0.4159,0.496,"[89, 84, 101, 107, 105, 100, 99, 87, 112, 116]",30.380032539367676,,,,,,,,,,,,,,,,,,,,"{'epochs_per_task': 5, 'batch': 256, 'nrem_batches': 20, 'nrem_gain': 3.0, 'val': False}",,,,,,,,,
cfeat_bp_er_w512_d30_lr1e3,4,bp,1000,random,er,False,0.4383,0.47775000000000006,"[109, 103, 104, 102, 107, 99, 101, 94, 95, 86]",28.891860246658325,,,,,,,,,,,,,,,,,,,,"{'epochs_per_task': 5, 'batch': 256, 'nrem_batches': 20, 'nrem_gain': 3.0, 'val': False}",,,,,,,,,
cfeat_bp_er_w512_d30_lr1e3,5,bp,1000,random,er,False,0.4365,0.4809999999999999,"[92, 99, 115, 101, 88, 87, 124, 94, 101, 99]",26.643940210342407,,,,,,,,,,,,,,,,,,,,"{'epochs_per_task': 5, 'batch': 256, 'nrem_batches': 20, 'nrem_gain': 3.0, 'val': False}",,,,,,,,,
cfeat_bp_er_w512_d30_lr3e4,0,bp,1000,random,er,False,0.4361,0.4766250000000001,"[100, 105, 98, 114, 77, 100, 90, 122, 94, 100]",31.060426712036133,,,,,,,,,,,,,,,,,,,,"{'epochs_per_task': 5, 'batch': 256, 'nrem_batches': 20, 'nrem_gain': 3.0, 'val': False}",,,,,,,,,
cfeat_bp_er_w512_d30_lr3e4,1,bp,1000,random,er,False,0.4242,0.500375,"[99, 87, 108, 105, 99, 105, 96, 106, 91, 104]",32.10989737510681,,,,,,,,,,,,,,,,,,,,"{'epochs_per_task': 5, 'batch': 256, 'nrem_batches': 20, 'nrem_gain': 3.0, 'val': False}",,,,,,,,,
cfeat_bp_er_w512_d30_lr3e4,2,bp,1000,random,er,False,0.4345,0.48287500000000005,"[109, 101, 96, 99, 109, 101, 101, 89, 100, 95]",31.30896282196045,,,,,,,,,,,,,,,,,,,,"{'epochs_per_task': 5, 'batch': 256, 'nrem_batches': 20, 'nrem_gain': 3.0, 'val': False}",,,,,,,,,
cfeat_bp_er_w512_d30_lr3e4,3,bp,1000,random,er,False,0.4216,0.493125,"[89, 84, 101, 107, 105, 100, 99, 87, 112, 116]",30.24409818649292,,,,,,,,,,,,,,,,,,,,"{'epochs_per_task': 5, 'batch': 256, 'nrem_batches': 20, 'nrem_gain': 3.0, 'val': False}",,,,,,,,,
cfeat_bp_er_w512_d30_lr3e4,4,bp,1000,random,er,False,0.4381,0.46762499999999996,"[109, 103, 104, 102, 107, 99, 101, 94, 95, 86]",25.915853023529053,,,,,,,,,,,,,,,,,,,,"{'epochs_per_task': 5, 'batch': 256, 'nrem_batches': 20, 'nrem_gain': 3.0, 'val': False}",,,,,,,,,
cfeat_bp_er_w512_d30_lr3e4,5,bp,1000,random,er,False,0.4243,0.4951249999999999,"[92, 99, 115, 101, 88, 87, 124, 94, 101, 99]",25.163811206817627,,,,,,,,,,,,,,,,,,,,"{'epochs_per_task': 5, 'batch': 256, 'nrem_batches': 20, 'nrem_gain': 3.0, 'val': False}",,,,,,,,,
cfeat_bp_er_w512_d30k10_lr1e3,0,bp,1000,random,er,False,0.4,0.5085,"[100, 105, 98, 114, 77, 100, 90, 122, 94, 100]",38.32916331291199,,,,,,,,,,,,,,,,,,,,"{'epochs_per_task': 5, 'batch': 256, 'nrem_batches': 20, 'nrem_gain': 3.0, 'val': False}",,,,,,,,,
cfeat_bp_er_w512_d30k10_lr1e3,1,bp,1000,random,er,False,0.4034,0.5,"[99, 87, 108, 105, 99, 105, 96, 106, 91, 104]",38.62453532218933,,,,,,,,,,,,,,,,,,,,"{'epochs_per_task': 5, 'batch': 256, 'nrem_batches': 20, 'nrem_gain': 3.0, 'val': False}",,,,,,,,,
cfeat_bp_er_w512_d30k10_lr1e3,2,bp,1000,random,er,False,0.4014,0.51,"[109, 101, 96, 99, 109, 101, 101, 89, 100, 95]",40.24570393562317,,,,,,,,,,,,,,,,,,,,"{'epochs_per_task': 5, 'batch': 256, 'nrem_batches': 20, 'nrem_gain': 3.0, 'val': False}",,,,,,,,,
cfeat_bp_er_w512_d30k10_lr1e3,3,bp,1000,random,er,False,0.4031,0.5065,"[89, 84, 101, 107, 105, 100, 99, 87, 112, 116]",42.028313875198364,,,,,,,,,,,,,,,,,,,,"{'epochs_per_task': 5, 'batch': 256, 'nrem_batches': 20, 'nrem_gain': 3.0, 'val': False}",,,,,,,,,
cfeat_bp_er_w512_d30k10_lr1e3,4,bp,1000,random,er,False,0.4183,0.482125,"[109, 103, 104, 102, 107, 99, 101, 94, 95, 86]",35.54890966415405,,,,,,,,,,,,,,,,,,,,"{'epochs_per_task': 5, 'batch': 256, 'nrem_batches': 20, 'nrem_gain': 3.0, 'val': False}",,,,,,,,,
cfeat_bp_er_w512_d30k10_lr1e3,5,bp,1000,random,er,False,0.4036,0.507125,"[92, 99, 115, 101, 88, 87, 124, 94, 101, 99]",36.72392177581787,,,,,,,,,,,,,,,,,,,,"{'epochs_per_task': 5, 'batch': 256, 'nrem_batches': 20, 'nrem_gain': 3.0, 'val': False}",,,,,,,,,
cfeat_bp_er_w512_d30k10_lr3e4,0,bp,1000,random,er,False,0.3875,0.5025,"[100, 105, 98, 114, 77, 100, 90, 122, 94, 100]",38.07051920890808,,,,,,,,,,,,,,,,,,,,"{'epochs_per_task': 5, 'batch': 256, 'nrem_batches': 20, 'nrem_gain': 3.0, 'val': False}",,,,,,,,,
cfeat_bp_er_w512_d30k10_lr3e4,1,bp,1000,random,er,False,0.3755,0.5227499999999999,"[99, 87, 108, 105, 99, 105, 96, 106, 91, 104]",37.67696475982666,,,,,,,,,,,,,,,,,,,,"{'epochs_per_task': 5, 'batch': 256, 'nrem_batches': 20, 'nrem_gain': 3.0, 'val': False}",,,,,,,,,
cfeat_bp_er_w512_d30k10_lr3e4,2,bp,1000,random,er,False,0.3832,0.51075,"[109, 101, 96, 99, 109, 101, 101, 89, 100, 95]",35.30252432823181,,,,,,,,,,,,,,,,,,,,"{'epochs_per_task': 5, 'batch': 256, 'nrem_batches': 20, 'nrem_gain': 3.0, 'val': False}",,,,,,,,,
cfeat_bp_er_w512_d30k10_lr3e4,3,bp,1000,random,er,False,0.3785,0.520875,"[89, 84, 101, 107, 105, 100, 99, 87, 112, 116]",36.26504874229431,,,,,,,,,,,,,,,,,,,,"{'epochs_per_task': 5, 'batch': 256, 'nrem_batches': 20, 'nrem_gain': 3.0, 'val': False}",,,,,,,,,
cfeat_bp_er_w512_d30k10_lr3e4,4,bp,1000,random,er,False,0.392,0.492875,"[109, 103, 104, 102, 107, 99, 101, 94, 95, 86]",31.501192808151245,,,,,,,,,,,,,,,,,,,,"{'epochs_per_task': 5, 'batch': 256, 'nrem_batches': 20, 'nrem_gain': 3.0, 'val': False}",,,,,,,,,
cfeat_bp_er_w512_d30k10_lr3e4,5,bp,1000,random,er,False,0.3891,0.50725,"[92, 99, 115, 101, 88, 87, 124, 94, 101, 99]",32.17113184928894,,,,,,,,,,,,,,,,,,,,"{'epochs_per_task': 5, 'batch': 256, 'nrem_batches': 20, 'nrem_gain': 3.0, 'val': False}",,,,,,,,,
cfeat_bp_er_w512_d30k15_lr1e3,0,bp,1000,random,er,False,0.4075,0.5058750000000001,"[100, 105, 98, 114, 77, 100, 90, 122, 94, 100]",35.553306341171265,,,,,,,,,,,,,,,,,,,,"{'epochs_per_task': 5, 'batch': 256, 'nrem_batches': 20, 'nrem_gain': 3.0, 'val': False}",,,,,,,,,
cfeat_bp_er_w512_d30k15_lr1e3,1,bp,1000,random,er,False,0.4133,0.49675,"[99, 87, 108, 105, 99, 105, 96, 106, 91, 104]",36.37925863265991,,,,,,,,,,,,,,,,,,,,"{'epochs_per_task': 5, 'batch': 256, 'nrem_batches': 20, 'nrem_gain': 3.0, 'val': False}",,,,,,,,,
cfeat_bp_er_w512_d30k15_lr1e3,2,bp,1000,random,er,False,0.4059,0.50475,"[109, 101, 96, 99, 109, 101, 101, 89, 100, 95]",40.70312213897705,,,,,,,,,,,,,,,,,,,,"{'epochs_per_task': 5, 'batch': 256, 'nrem_batches': 20, 'nrem_gain': 3.0, 'val': False}",,,,,,,,,
cfeat_bp_er_w512_d30k15_lr3e4,0,bp,1000,random,er,False,0.397,0.50275,"[100, 105, 98, 114, 77, 100, 90, 122, 94, 100]",35.586169481277466,,,,,,,,,,,,,,,,,,,,"{'epochs_per_task': 5, 'batch': 256, 'nrem_batches': 20, 'nrem_gain': 3.0, 'val': False}",,,,,,,,,
cfeat_bp_er_w512_d30k15_lr3e4,1,bp,1000,random,er,False,0.3836,0.523875,"[99, 87, 108, 105, 99, 105, 96, 106, 91, 104]",49.21863794326782,,,,,,,,,,,,,,,,,,,,"{'epochs_per_task': 5, 'batch': 256, 'nrem_batches': 20, 'nrem_gain': 3.0, 'val': False}",,,,,,,,,
cfeat_bp_er_w512_d30k15_lr3e4,2,bp,1000,random,er,False,0.4005,0.49850000000000005,"[109, 101, 96, 99, 109, 101, 101, 89, 100, 95]",39.1663019657135,,,,,,,,,,,,,,,,,,,,"{'epochs_per_task': 5, 'batch': 256, 'nrem_batches': 20, 'nrem_gain': 3.0, 'val': False}",,,,,,,,,
cfeat_bp_er_w512_d30k5_lr1e3,0,bp,1000,random,er,False,0.3887,0.512375,"[100, 105, 98, 114, 77, 100, 90, 122, 94, 100]",37.11917757987976,,,,,,,,,,,,,,,,,,,,"{'epochs_per_task': 5, 'batch': 256, 'nrem_batches': 20, 'nrem_gain': 3.0, 'val': False}",,,,,,,,,
cfeat_bp_er_w512_d30k5_lr1e3,1,bp,1000,random,er,False,0.3869,0.506625,"[99, 87, 108, 105, 99, 105, 96, 106, 91, 104]",38.12304735183716,,,,,,,,,,,,,,,,,,,,"{'epochs_per_task': 5, 'batch': 256, 'nrem_batches': 20, 'nrem_gain': 3.0, 'val': False}",,,,,,,,,
cfeat_bp_er_w512_d30k5_lr1e3,2,bp,1000,random,er,False,0.3932,0.51825,"[109, 101, 96, 99, 109, 101, 101, 89, 100, 95]",37.122246742248535,,,,,,,,,,,,,,,,,,,,"{'epochs_per_task': 5, 'batch': 256, 'nrem_batches': 20, 'nrem_gain': 3.0, 'val': False}",,,,,,,,,
cfeat_bp_er_w512_d30k5_lr1e3,3,bp,1000,random,er,False,0.3795,0.5193749999999999,"[89, 84, 101, 107, 105, 100, 99, 87, 112, 116]",36.44042897224426,,,,,,,,,,,,,,,,,,,,"{'epochs_per_task': 5, 'batch': 256, 'nrem_batches': 20, 'nrem_gain': 3.0, 'val': False}",,,,,,,,,
cfeat_bp_er_w512_d30k5_lr1e3,4,bp,1000,random,er,False,0.4046,0.48649999999999993,"[109, 103, 104, 102, 107, 99, 101, 94, 95, 86]",33.255075454711914,,,,,,,,,,,,,,,,,,,,"{'epochs_per_task': 5, 'batch': 256, 'nrem_batches': 20, 'nrem_gain': 3.0, 'val': False}",,,,,,,,,
cfeat_bp_er_w512_d30k5_lr1e3,5,bp,1000,random,er,False,0.4041,0.49987500000000007,"[92, 99, 115, 101, 88, 87, 124, 94, 101, 99]",33.00184679031372,,,,,,,,,,,,,,,,,,,,"{'epochs_per_task': 5, 'batch': 256, 'nrem_batches': 20, 'nrem_gain': 3.0, 'val': False}",,,,,,,,,
cfeat_bp_er_w512_d30k5_lr3e4,0,bp,1000,random,er,False,0.3646,0.51625,"[100, 105, 98, 114, 77, 100, 90, 122, 94, 100]",37.79901909828186,,,,,,,,,,,,,,,,,,,,"{'epochs_per_task': 5, 'batch': 256, 'nrem_batches': 20, 'nrem_gain': 3.0, 'val': False}",,,,,,,,,
cfeat_bp_er_w512_d30k5_lr3e4,1,bp,1000,random,er,False,0.3492,0.547875,"[99, 87, 108, 105, 99, 105, 96, 106, 91, 104]",38.45390033721924,,,,,,,,,,,,,,,,,,,,"{'epochs_per_task': 5, 'batch': 256, 'nrem_batches': 20, 'nrem_gain': 3.0, 'val': False}",,,,,,,,,
cfeat_bp_er_w512_d30k5_lr3e4,2,bp,1000,random,er,False,0.3628,0.5217499999999999,"[109, 101, 96, 99, 109, 101, 101, 89, 100, 95]",37.767197370529175,,,,,,,,,,,,,,,,,,,,"{'epochs_per_task': 5, 'batch': 256, 'nrem_batches': 20, 'nrem_gain': 3.0, 'val': False}",,,,,,,,,
cfeat_bp_er_w512_d30k5_lr3e4,3,bp,1000,random,er,False,0.3499,0.537375,"[89, 84, 101, 107, 105, 100, 99, 87, 112, 116]",35.55618143081665,,,,,,,,,,,,,,,,,,,,"{'epochs_per_task': 5, 'batch': 256, 'nrem_batches': 20, 'nrem_gain': 3.0, 'val': False}",,,,,,,,,
cfeat_bp_er_w512_d30k5_lr3e4,4,bp,1000,random,er,False,0.3677,0.513625,"[109, 103, 104, 102, 107, 99, 101, 94, 95, 86]",31.126320123672485,,,,,,,,,,,,,,,,,,,,"{'epochs_per_task': 5, 'batch': 256, 'nrem_batches': 20, 'nrem_gain': 3.0, 'val': False}",,,,,,,,,
cfeat_bp_er_w512_d30k5_lr3e4,5,bp,1000,random,er,False,0.3586,0.528625,"[92, 99, 115, 101, 88, 87, 124, 94, 101, 99]",31.799092292785645,,,,,,,,,,,,,,,,,,,,"{'epochs_per_task': 5, 'batch': 256, 'nrem_batches': 20, 'nrem_gain': 3.0, 'val': False}",,,,,,,,,
cfeat_bp_er_w512_lr1e3,0,bp,1000,random,er,False,0.4088,0.5205000000000001,"[100, 105, 98, 114, 77, 100, 90, 122, 94, 100]",30.366771459579468,,,,,,,,,,,,,,,,,,,,"{'epochs_per_task': 5, 'batch': 256, 'nrem_batches': 20, 'nrem_gain': 3.0, 'val': False}",,,,,,,,,
cfeat_bp_er_w512_lr1e3,1,bp,1000,random,er,False,0.4126,0.52125,"[99, 87, 108, 105, 99, 105, 96, 106, 91, 104]",29.857845067977905,,,,,,,,,,,,,,,,,,,,"{'epochs_per_task': 5, 'batch': 256, 'nrem_batches': 20, 'nrem_gain': 3.0, 'val': False}",,,,,,,,,
cfeat_bp_er_w512_lr1e3,2,bp,1000,random,er,False,0.4077,0.5181250000000001,"[109, 101, 96, 99, 109, 101, 101, 89, 100, 95]",34.52121114730835,,,,,,,,,,,,,,,,,,,,"{'epochs_per_task': 5, 'batch': 256, 'nrem_batches': 20, 'nrem_gain': 3.0, 'val': False}",,,,,,,,,
cfeat_bp_er_w512_lr3e4,0,bp,1000,random,er,False,0.4485,0.474125,"[100, 105, 98, 114, 77, 100, 90, 122, 94, 100]",30.986773014068604,,,,,,,,,,,,,,,,,,,,"{'epochs_per_task': 5, 'batch': 256, 'nrem_batches': 20, 'nrem_gain': 3.0, 'val': False}",,,,,,,,,
cfeat_bp_er_w512_lr3e4,1,bp,1000,random,er,False,0.4358,0.481375,"[99, 87, 108, 105, 99, 105, 96, 106, 91, 104]",31.008111476898193,,,,,,,,,,,,,,,,,,,,"{'epochs_per_task': 5, 'batch': 256, 'nrem_batches': 20, 'nrem_gain': 3.0, 'val': False}",,,,,,,,,
cfeat_bp_er_w512_lr3e4,2,bp,1000,random,er,False,0.4449,0.483875,"[109, 101, 96, 99, 109, 101, 101, 89, 100, 95]",32.48483180999756,,,,,,,,,,,,,,,,,,,,"{'epochs_per_task': 5, 'batch': 256, 'nrem_batches': 20, 'nrem_gain': 3.0, 'val': False}",,,,,,,,,
cfeat_bp_er_w512_lr3e4,3,bp,1000,random,er,False,0.4328,0.481875,"[89, 84, 101, 107, 105, 100, 99, 87, 112, 116]",35.3356831073761,,,,,,,,,,,,,,,,,,,,"{'epochs_per_task': 5, 'batch': 256, 'nrem_batches': 20, 'nrem_gain': 3.0, 'val': False}",,,,,,,,,
cfeat_bp_er_w512_lr3e4,4,bp,1000,random,er,False,0.4607,0.44837499999999997,"[109, 103, 104, 102, 107, 99, 101, 94, 95, 86]",30.248878955841064,,,,,,,,,,,,,,,,,,,,"{'epochs_per_task': 5, 'batch': 256, 'nrem_batches': 20, 'nrem_gain': 3.0, 'val': False}",,,,,,,,,
cfeat_bp_er_w512_lr3e4,5,bp,1000,random,er,False,0.4498,0.464125,"[92, 99, 115, 101, 88, 87, 124, 94, 101, 99]",30.221444368362427,,,,,,,,,,,,,,,,,,,,"{'epochs_per_task': 5, 'batch': 256, 'nrem_batches': 20, 'nrem_gain': 3.0, 'val': False}",,,,,,,,,
cfeat_bp_none,0,bp,0,,,False,0.1775,0.8463749999999999,"[0, 0, 0, 0, 0, 0, 0, 0, 0, 0]",9.741788387298584,,,,,,,,,,,,,,,,,,,,"{'epochs_per_task': 5, 'batch': 256, 'nrem_batches': 20, 'nrem_gain': 3.0, 'val': False}",,,,,,,,,
cfeat_bp_none,1,bp,0,,,False,0.1773,0.850875,"[0, 0, 0, 0, 0, 0, 0, 0, 0, 0]",8.611130237579346,,,,,,,,,,,,,,,,,,,,"{'epochs_per_task': 5, 'batch': 256, 'nrem_batches': 20, 'nrem_gain': 3.0, 'val': False}",,,,,,,,,
cfeat_bp_none,2,bp,0,,,False,0.1774,0.8465,"[0, 0, 0, 0, 0, 0, 0, 0, 0, 0]",10.187957525253296,,,,,,,,,,,,,,,,,,,,"{'epochs_per_task': 5, 'batch': 256, 'nrem_batches': 20, 'nrem_gain': 3.0, 'val': False}",,,,,,,,,
cfeat_ctx_none,0,ctx,0,,,False,0.1697,0.8202499999999999,"[0, 0, 0, 0, 0, 0, 0, 0, 0, 0]",24.05455756187439,,,,,"[0.8648245099762676, 0.8935595694216385]",1.0,"[6.528281999177004, 6.287658064776349, 2.104752998069743]","(256, 128)",0.1,79771.359375,,,,,,,,,,"{'epochs_per_task': 5, 'batch': 256, 'nrem_batches': 20, 'nrem_gain': 3.0, 'val': False}",,,,,,,,,
cfeat_ctx_none,1,ctx,0,,,False,0.1708,0.81775,"[0, 0, 0, 0, 0, 0, 0, 0, 0, 0]",21.2441463470459,,,,,"[0.858193697034719, 0.8003131808278867]",1.0,"[6.528281999177004, 7.490085878653985, 2.854879745892328]","(256, 128)",0.1,79771.359375,,,,,,,,,,"{'epochs_per_task': 5, 'batch': 256, 'nrem_batches': 20, 'nrem_gain': 3.0, 'val': False}",,,,,,,,,
cfeat_ctx_none,2,ctx,0,,,False,0.1688,0.8160000000000001,"[0, 0, 0, 0, 0, 0, 0, 0, 0, 0]",23.563501596450806,,,,,"[0.7982397863910874, 0.7489817162497184]",1.0,"[6.528281999177004, 7.664030598518729, 3.0024859339279284]","(256, 128)",0.1,79771.359375,,,,,,,,,,"{'epochs_per_task': 5, 'batch': 256, 'nrem_batches': 20, 'nrem_gain': 3.0, 'val': False}",,,,,,,,,
cfeat_night,0,ctx,1000,random,nrem,False,0.3072,0.48224999999999996,"[77, 114, 119, 90, 97, 101, 118, 91, 103, 90]",66.09588265419006,,,,,"[0.8703312727429424, 0.8263343910712333]",1.0,"[6.528281999177004, 4.306666036876302, 3.894996306399251]","(512, 256)",0.05,159412.8203125,,,,,,,,,,"{'epochs_per_task': 5, 'batch': 256, 'nrem_batches': 20, 'nrem_gain': 3.0, 'val': False}",,,,,,,,,
cfeat_night,1,ctx,1000,random,nrem,False,0.3062,0.47474999999999995,"[97, 102, 116, 106, 97, 111, 83, 98, 102, 88]",80.7014422416687,,,,,"[0.8187416315914404, 0.8688808425650532]",1.0,"[6.528281999177004, 5.6808973694147955, 4.980163185681325]","(512, 256)",0.05,159412.8203125,,,,,,,,,,"{'epochs_per_task': 5, 'batch': 256, 'nrem_batches': 20, 'nrem_gain': 3.0, 'val': False}",,,,,,,,,
cfeat_night,2,ctx,1000,random,nrem,False,0.3358,0.43137499999999995,"[106, 79, 100, 92, 106, 97, 116, 92, 90, 122]",60.581504106521606,,,,,"[0.7878767713925934, 0.8691676959118819]",1.0,"[6.528281999177004, 6.690643657129125, 5.806208216955408]","(512, 256)",0.05,159412.8203125,,,,,,,,,,"{'epochs_per_task': 5, 'batch': 256, 'nrem_batches': 20, 'nrem_gain': 3.0, 'val': False}",,,,,,,,,
cfeat_none_br16,0,ctx,1000,random,local,False,0.3116,0.604875,"[110, 98, 106, 107, 104, 117, 86, 101, 83, 88]",738.3020575046539,,,,,"[0.9547496054093025, 0.77158215010142]",1.0,"[6.528281999177004, 1.769877233457967, 1.4567327743309635]","(512, 256)",0.05,159412.7403087616,local,15625.0,"[1.0, 1.0]","[1.0, 1.0]",,0.0,"[1.0, 1.0]",,,"{'epochs_per_task': 5, 'batch': 256, 'nrem_batches': 20, 'nrem_gain': 3.0, 'val': False}",,,,0.0,,,,,
cfeat_none_br16,1,ctx,1000,random,local,False,0.2987,0.6067500000000001,"[107, 113, 100, 101, 101, 127, 90, 81, 92, 88]",727.7677648067474,,,,,"[0.9304199155295647, 0.8421812596006145]",1.0,"[6.528281999177004, 1.7246770121788126, 2.6495536239712045]","(512, 256)",0.05,159412.8203125,local,15625.0,"[1.0, 1.0]","[1.0, 1.0]",,0.0,"[1.0, 1.0]",,,"{'epochs_per_task': 5, 'batch': 256, 'nrem_batches': 20, 'nrem_gain': 3.0, 'val': False}",,,,0.0,,,,,
cfeat_none_br16,2,ctx,1000,random,local,False,0.3046,0.6232500000000001,"[99, 90, 84, 107, 88, 104, 104, 105, 109, 110]",715.8892595767975,,,,,"[0.9208404294705665, 0.8008881029570685]",1.0,"[6.528281999177004, 2.4291214175963707, 2.264138710686741]","(512, 256)",0.05,159412.8203125,local,15625.0,"[1.0, 1.0]","[1.0, 1.0]",,0.0,"[1.0, 1.0]",,,"{'epochs_per_task': 5, 'batch': 256, 'nrem_batches': 20, 'nrem_gain': 3.0, 'val': False}",,,,0.0,,,,,
cfeat_prog03_br16,0,ctx,1000,random,local,False,0.3639,0.33925000000000005,"[110, 98, 106, 107, 104, 117, 86, 101, 83, 88]",759.3749148845673,,,,,"[0.8144253784398883, 0.814481137233461]",1.0,"[6.528281999177004, 11.206796187650838, 5.610376593078413]","(512, 256)",0.05,159412.8203125,local,15625.0,"[0.840007125, 0.8931395]","[0.4764754140862226, 0.4991010007753968]",,0.0,"[0.840007125, 0.8931395]",0.917376,,"{'epochs_per_task': 5, 'batch': 256, 'nrem_batches': 20, 'nrem_gain': 3.0, 'val': False}",,,,0.0,,,,,
cfeat_prog03_br16,1,ctx,1000,random,local,False,0.3568,0.41874999999999996,"[107, 113, 100, 101, 101, 127, 90, 81, 92, 88]",736.1058487892151,,,,,"[0.8070466439252437, 0.7245384736178829]",1.0,"[6.528281999177004, 12.364190133900646, 7.88866209185392]","(512, 256)",0.05,159412.8203125,local,15625.0,"[0.84067875, 0.89725725]","[0.4698506699208617, 0.48534414635777473]",,0.0,"[0.84067875, 0.89725725]",0.899264,,"{'epochs_per_task': 5, 'batch': 256, 'nrem_batches': 20, 'nrem_gain': 3.0, 'val': False}",,,,0.0,,,,,
cfeat_prog03_br16,2,ctx,1000,random,local,False,0.3526,0.44725,"[99, 90, 84, 107, 88, 104, 104, 105, 109, 110]",732.451447725296,,,,,"[0.78163697680182, 0.7682366737405932]",1.0,"[6.528281999177004, 11.48464958371028, 5.714386198370544]","(512, 256)",0.05,159412.8203125,local,15625.0,"[0.838614875, 0.89328475]","[0.47691600960493086, 0.49538764542257785]",,0.0,"[0.838614875, 0.89328475]",0.914368,,"{'epochs_per_task': 5, 'batch': 256, 'nrem_batches': 20, 'nrem_gain': 3.0, 'val': False}",,,,0.0,,,,,
cfeat_refr_br16,0,ctx,1000,random,local,False,0.3683,0.332375,"[110, 98, 106, 107, 104, 117, 86, 101, 83, 88]",746.6990878582001,,,,,"[0.8466941248435047, 0.8602020202020203]",1.0,"[6.528281999177004, 5.494367899169331, 6.782404626666321]","(512, 256)",0.05,159412.8203125,local,15625.0,"[0.85338, 0.90451]","[0.5067536848573685, 0.522916759923637]",,0.0,"[0.85338, 0.90451]",,,"{'epochs_per_task': 5, 'batch': 256, 'nrem_batches': 20, 'nrem_gain': 3.0, 'val': False}",,,,0.0,,,,,
cfeat_refr_br16,1,ctx,1000,random,local,False,0.3721,0.35462499999999997,"[107, 113, 100, 101, 101, 127, 90, 81, 92, 88]",734.3565154075623,,,,,"[0.8652031719409055, 0.8028031862827827]",1.0,"[6.528281999177004, 9.149997109220184, 2.90704569936243]","(512, 256)",0.05,159412.8203125,local,15625.0,"[0.85068025, 0.9049455]","[0.5073432818470002, 0.5195165853512287]",,0.0,"[0.85068025, 0.9049455]",,,"{'epochs_per_task': 5, 'batch': 256, 'nrem_batches': 20, 'nrem_gain': 3.0, 'val': False}",,,,0.0,,,,,
cfeat_refr_br16,2,ctx,1000,random,local,False,0.3635,0.42125,"[99, 90, 84, 107, 88, 104, 104, 105, 109, 110]",720.7922787666321,,,,,"[0.8145404095386167, 0.7672838396683247]",1.0,"[6.528281999177004, 9.558972523551896, 2.9884084833931825]","(512, 256)",0.05,159412.8203125,local,15625.0,"[0.848031375, 0.90544825]","[0.5080518778171539, 0.5216893729512692]",,0.0,"[0.848031375, 0.90544825]",,,"{'epochs_per_task': 5, 'batch': 256, 'nrem_batches': 20, 'nrem_gain': 3.0, 'val': False}",,,,0.0,,,,,
cfeat_s10_ctx_none,0,ctx,1000,random,,False,0.1729,0.8258749999999999,"[104, 96, 84, 108, 102, 103, 101, 110, 87, 105]",46.23368501663208,,,,,"[0.7845271220209887, 0.8136542803799373]",1.0,"[6.528281999177004, 6.165732754318418, 3.352458428049156]","(512, 256)",0.1,161462.83984375,,,,,,,,,,"{'epochs_per_task': 5, 'batch': 256, 'nrem_batches': 20, 'nrem_gain': 3.0, 'val': False}",,,,,,,,,
cfeat_s10_ctx_none,1,ctx,1000,random,,False,0.1728,0.8288749999999999,"[88, 102, 106, 90, 110, 92, 99, 97, 102, 114]",54.93468713760376,,,,,"[0.8022947439371955, 0.7974370266350854]",1.0,"[6.528281999177004, 8.924218487675427, 3.438446524005336]","(512, 256)",0.1,161462.83984375,,,,,,,,,,"{'epochs_per_task': 5, 'batch': 256, 'nrem_batches': 20, 'nrem_gain': 3.0, 'val': False}",,,,,,,,,
cfeat_s10_ctx_none,2,ctx,1000,random,,False,0.1733,0.83125,"[89, 108, 102, 94, 86, 94, 119, 110, 106, 92]",40.79972839355469,,,,,"[0.8184997864300165, 0.8081340217435476]",1.0,"[6.528281999177004, 12.579187832907506, 3.438852086850962]","(512, 256)",0.1,161462.83984375,,,,,,,,,,"{'epochs_per_task': 5, 'batch': 256, 'nrem_batches': 20, 'nrem_gain': 3.0, 'val': False}",,,,,,,,,
cfeat_s10_night,0,ctx,1000,random,nrem,False,0.3484,0.417875,"[77, 114, 119, 90, 97, 101, 118, 91, 103, 90]",61.204185485839844,,,,,"[0.8693762970395756, 0.7968399391802957]",1.0,"[6.528281999177004, 5.47301950059595, 2.690881800468823]","(512, 256)",0.1,161430.66985321045,,,,,,,,,,"{'epochs_per_task': 5, 'batch': 256, 'nrem_batches': 20, 'nrem_gain': 3.0, 'val': False}",,,,,,,,,
cfeat_s10_night,1,ctx,1000,random,nrem,False,0.3557,0.40900000000000003,"[97, 102, 116, 106, 97, 111, 83, 98, 102, 88]",59.13636517524719,,,,,"[0.8548874669952848, 0.8050795190821572]",1.0,"[6.528281999177004, 3.9620188161452505, 5.5250345927981614]","(512, 256)",0.1,161415.16650390625,,,,,,,,,,"{'epochs_per_task': 5, 'batch': 256, 'nrem_batches': 20, 'nrem_gain': 3.0, 'val': False}",,,,,,,,,
cfeat_s10_night,2,ctx,1000,random,nrem,False,0.3463,0.44899999999999995,"[106, 79, 100, 92, 106, 97, 116, 92, 90, 122]",58.166260957717896,,,,,"[0.8689239054433804, 0.7818990975998964]",1.0,"[6.528281999177004, 5.5035102873580914, 4.636565620393218]","(512, 256)",0.1,161433.6798400879,,,,,,,,,,"{'epochs_per_task': 5, 'batch': 256, 'nrem_batches': 20, 'nrem_gain': 3.0, 'val': False}",,,,,,,,,
cfeat_s10_sgd_none,0,ctx,1000,random,local,False,0.1292,0.64525,"[110, 98, 106, 107, 104, 117, 86, 101, 83, 88]",570.6721200942993,,,,,"[0.9017286851806023, 0.728021232973239]",1.0,"[6.528281999177004, 4.116688455496195, 3.210783040732459]","(512, 256)",0.1,161320.0098438263,local,15625.0,"[1.0, 1.0]","[1.0, 1.0]",,0.0,"[1.0, 1.0]",,,"{'epochs_per_task': 5, 'batch': 256, 'nrem_batches': 20, 'nrem_gain': 3.0, 'val': False}",,,,0.0,,,,,
cfeat_s10_sgd_none,1,ctx,1000,random,local,False,0.2759,0.545125,"[107, 113, 100, 101, 101, 127, 90, 81, 92, 88]",469.45012617111206,,,,,"[0.9460348138101727, 0.759233389817215]",1.0,"[6.528281999177004, 3.2304267723096456, 2.414181942858681]","(512, 256)",0.1,161387.5041191876,local,15625.0,"[1.0, 1.0]","[1.0, 1.0]",,0.0,"[1.0, 1.0]",,,"{'epochs_per_task': 5, 'batch': 256, 'nrem_batches': 20, 'nrem_gain': 3.0, 'val': False}",,,,0.0,,,,,
cfeat_s10_sgd_none,2,ctx,1000,random,local,False,0.1986,0.3535,"[99, 90, 84, 107, 88, 104, 104, 105, 109, 110]",454.31589698791504,,,,,"[0.9326707352152785, 0.7292505851190411]",1.0,"[6.528281999177004, 2.4880639140374776, 2.557917451379101]","(512, 256)",0.1,161415.15619157255,local,15625.0,"[1.0, 1.0]","[1.0, 1.0]",,0.0,"[1.0, 1.0]",,,"{'epochs_per_task': 5, 'batch': 256, 'nrem_batches': 20, 'nrem_gain': 3.0, 'val': False}",,,,0.0,,,,,
cfeat_sgd_refr_a1505,0,ctx,1000,random,local,False,0.4281,0.19299999999999998,"[110, 98, 106, 107, 104, 117, 86, 101, 83, 88]",573.6390991210938,,,,,"[0.8824962765281084, 0.8618942640327878]",1.0,"[6.528281999177004, 12.55566256607714, 10.995409868160175]","(512, 256)","(0.15, 0.05)",163329.66015625,local,15625.0,"[0.5385015, 0.90933625]","[0.5042685056743622, 0.5258806672945022]",,0.0,"[0.5385015, 0.90933625]",,,"{'epochs_per_task': 5, 'batch': 256, 'nrem_batches': 20, 'nrem_gain': 3.0, 'val': False}",,,,0.0,,,,,
cfeat_sgd_refr_a1505,1,ctx,1000,random,local,False,0.425,0.25449999999999995,"[107, 113, 100, 101, 101, 127, 90, 81, 92, 88]",476.39547419548035,,,,,"[0.9011018245667188, 0.8386595754406303]",1.0,"[6.528281999177004, 14.177902911213847, 11.682091938346685]","(512, 256)","(0.15, 0.05)",163329.66015625,local,15625.0,"[0.541087625, 0.9118585]","[0.5038059564123154, 0.5199025024802685]",,0.0,"[0.541087625, 0.9118585]",,,"{'epochs_per_task': 5, 'batch': 256, 'nrem_batches': 20, 'nrem_gain': 3.0, 'val': False}",,,,0.0,,,,,
cfeat_sgd_refr_a1505,2,ctx,1000,random,local,False,0.4163,0.277625,"[99, 90, 84, 107, 88, 104, 104, 105, 109, 110]",471.8210623264313,,,,,"[0.8729289551458379, 0.8322100982859496]",1.0,"[6.528281999177004, 13.704448289588436, 12.682853195616834]","(512, 256)","(0.15, 0.05)",163329.66015625,local,15625.0,"[0.539711125, 0.91376225]","[0.5043829151568413, 0.5189768580639362]",,0.0,"[0.539711125, 0.91376225]",,,"{'epochs_per_task': 5, 'batch': 256, 'nrem_batches': 20, 'nrem_gain': 3.0, 'val': False}",,,,0.0,,,,,
cfeat_sgd_refr_a1505_static,0,ctx,1000,random,local,True,0.393,0.0,"[90, 105, 95, 105, 100, 97, 98, 108, 91, 111]",555.4589600563049,,,,,"[nan, nan]",,"[6.528281999177004, 8.62415646295731, 8.477256032874411]","(512, 256)","(0.15, 0.05)",163329.66015625,local,15625.0,"[0.551230625, 0.90641725]","[0.5010702173686028, 0.5126725672721862]",,0.0,"[0.551230625, 0.90641725]",,,"{'epochs_per_task': 5, 'batch': 256, 'nrem_batches': 20, 'nrem_gain': 3.0, 'val': False}",,,,0.0,,,,,
cfeat_sgd_refr_a1505_static,1,ctx,1000,random,local,True,0.4241,0.0,"[91, 105, 106, 111, 87, 94, 99, 107, 93, 107]",526.013551235199,,,,,"[nan, nan]",,"[6.528281999177004, 10.012317015329655, 8.795189237965955]","(512, 256)","(0.15, 0.05)",163329.66015625,local,15625.0,"[0.552658875, 0.908566]","[0.5009246058869362, 0.5078031744470596]",,0.0,"[0.552658875, 0.908566]",,,"{'epochs_per_task': 5, 'batch': 256, 'nrem_batches': 20, 'nrem_gain': 3.0, 'val': False}",,,,0.0,,,,,
cfeat_sgd_refr_a1505_static,2,ctx,1000,random,local,True,0.3869,0.0,"[114, 98, 94, 107, 95, 115, 86, 92, 86, 113]",496.02200174331665,,,,,"[nan, nan]",,"[6.528281999177004, 7.8553362850610196, 8.647025272874735]","(512, 256)","(0.15, 0.05)",163329.66015625,local,15625.0,"[0.55453575, 0.912326]","[0.5007900028290748, 0.5138386311006546]",,0.0,"[0.55453575, 0.912326]",,,"{'epochs_per_task': 5, 'batch': 256, 'nrem_batches': 20, 'nrem_gain': 3.0, 'val': False}",,,,0.0,,,,,
cfeat_sgd_refr_a2505,0,ctx,1000,random,local,False,0.4201,0.212125,"[110, 98, 106, 107, 104, 117, 86, 101, 83, 88]",581.1800608634949,,,,,"[0.9424791318414341, 0.8898771318540254]",1.0,"[6.528281999177004, 11.704266185649253, 11.464485961320735]","(512, 256)","(0.25, 0.05)",167246.5,local,15625.0,"[0.50036775, 0.9141205]","[0.5002233403890133, 0.5262362186584473]",,0.0,"[0.50036775, 0.9141205]",,,"{'epochs_per_task': 5, 'batch': 256, 'nrem_batches': 20, 'nrem_gain': 3.0, 'val': False}",,,,0.0,,,,,
cfeat_sgd_refr_a2505,1,ctx,1000,random,local,False,0.4336,0.272,"[107, 113, 100, 101, 101, 127, 90, 81, 92, 88]",478.82500672340393,,,,,"[0.9191438813632355, 0.8913929997650929]",1.0,"[6.528281999177004, 11.491610166102229, 7.681731046411604]","(512, 256)","(0.25, 0.05)",167246.5,local,15625.0,"[0.500510625, 0.90988075]","[0.5005076191837787, 0.5230363596960306]",,0.0,"[0.500510625, 0.90988075]",,,"{'epochs_per_task': 5, 'batch': 256, 'nrem_batches': 20, 'nrem_gain': 3.0, 'val': False}",,,,0.0,,,,,
cfeat_sgd_refr_a2505,2,ctx,1000,random,local,False,0.4261,0.291375,"[99, 90, 84, 107, 88, 104, 104, 105, 109, 110]",473.86786794662476,,,,,"[0.9226914486918117, 0.7729474902662318]",1.0,"[6.528281999177004, 12.75742805224004, 8.060172054186276]","(512, 256)","(0.25, 0.05)",167246.5,local,15625.0,"[0.500397375, 0.91153475]","[0.500311703476429, 0.5248450660923719]",,0.0,"[0.500397375, 0.91153475]",,,"{'epochs_per_task': 5, 'batch': 256, 'nrem_batches': 20, 'nrem_gain': 3.0, 'val': False}",,,,0.0,,,,,
cfeat_sgd_refr_a2505_static,0,ctx,1000,random,local,True,0.3889,0.0,"[90, 105, 95, 105, 100, 97, 98, 108, 91, 111]",604.5811886787415,,,,,"[nan, nan]",,"[6.528281999177004, 7.153823422975625, 7.305842454576588]","(512, 256)","(0.25, 0.05)",167246.5,local,15625.0,"[0.500072, 0.9073435]","[0.4999328413891792, 0.5141062616271973]",,0.0,"[0.500072, 0.9073435]",,,"{'epochs_per_task': 5, 'batch': 256, 'nrem_batches': 20, 'nrem_gain': 3.0, 'val': False}",,,,0.0,,,,,
cfeat_sgd_refr_a2505_static,1,ctx,1000,random,local,True,0.4308,0.0,"[91, 105, 106, 111, 87, 94, 99, 107, 93, 107]",473.1420223712921,,,,,"[nan, nan]",,"[6.528281999177004, 8.328764654956817, 9.048401063545125]","(512, 256)","(0.25, 0.05)",167246.5,local,15625.0,"[0.500053875, 0.901094]","[0.5000271434675455, 0.5135475308465958]",,0.0,"[0.500053875, 0.901094]",,,"{'epochs_per_task': 5, 'batch': 256, 'nrem_batches': 20, 'nrem_gain': 3.0, 'val': False}",,,,0.0,,,,,
cfeat_sgd_refr_a2505_static,2,ctx,1000,random,local,True,0.4138,0.0,"[114, 98, 94, 107, 95, 115, 86, 92, 86, 113]",466.64769887924194,,,,,"[nan, nan]",,"[6.528281999177004, 8.595371209699355, 7.483967358387953]","(512, 256)","(0.25, 0.05)",167246.5,local,15625.0,"[0.500104125, 0.905393]","[0.49998289600729945, 0.5134995268983841]",,0.0,"[0.500104125, 0.905393]",,,"{'epochs_per_task': 5, 'batch': 256, 'nrem_batches': 20, 'nrem_gain': 3.0, 'val': False}",,,,0.0,,,,,
cfeat_sgd_refr_e005,0,ctx,1000,random,local,False,0.3973,0.29274999999999995,"[110, 98, 106, 107, 104, 117, 86, 101, 83, 88]",598.3178644180298,,,,,"[0.8409207056646768, 0.9106951871657755]",1.0,"[6.528281999177004, 8.083822550194844, 6.067694231847387]","(512, 256)",0.05,159412.8203125,local,15625.0,"[0.75189825, 0.91586225]","[0.5267659942808152, 0.5065544140238762]",,0.0,"[0.75189825, 0.91586225]",,,"{'epochs_per_task': 5, 'batch': 256, 'nrem_batches': 20, 'nrem_gain': 3.0, 'val': False}",,,,0.0,,,,,
cfeat_sgd_refr_e005,1,ctx,1000,random,local,False,0.3777,0.308875,"[107, 113, 100, 101, 101, 127, 90, 81, 92, 88]",472.5682702064514,,,,,"[0.7826442917405612, 0.7914926704400388]",1.0,"[6.528281999177004, 8.508961715941599, 8.141498217041969]","(512, 256)",0.05,159412.8203125,local,15625.0,"[0.745924125, 0.91239525]","[0.5288438989067078, 0.5087106698640584]",,0.0,"[0.745924125, 0.91239525]",,,"{'epochs_per_task': 5, 'batch': 256, 'nrem_batches': 20, 'nrem_gain': 3.0, 'val': False}",,,,0.0,,,,,
cfeat_sgd_refr_e005,2,ctx,1000,random,local,False,0.3696,0.3795,"[99, 90, 84, 107, 88, 104, 104, 105, 109, 110]",447.89572834968567,,,,,"[0.7855496635635772, 0.7465479922376475]",1.0,"[6.528281999177004, 7.95430389247103, 5.587538686114298]","(512, 256)",0.05,159412.8203125,local,15625.0,"[0.744540125, 0.91309475]","[0.5300102020111084, 0.5093415807435513]",,0.0,"[0.744540125, 0.91309475]",,,"{'epochs_per_task': 5, 'batch': 256, 'nrem_batches': 20, 'nrem_gain': 3.0, 'val': False}",,,,0.0,,,,,
cfeat_sgd_refr_e005_static,0,ctx,1000,random,local,True,0.37,0.0,"[90, 105, 95, 105, 100, 97, 98, 108, 91, 111]",573.8963170051575,,,,,"[nan, nan]",,"[6.528281999177004, 7.16803236411376, 7.9961955923537475]","(512, 256)",0.05,159412.8203125,local,15625.0,"[0.747951625, 0.9105375]","[0.5184211736660004, 0.5040223449993133]",,0.0,"[0.747951625, 0.9105375]",,,"{'epochs_per_task': 5, 'batch': 256, 'nrem_batches': 20, 'nrem_gain': 3.0, 'val': False}",,,,0.0,,,,,
cfeat_sgd_refr_e005_static,1,ctx,1000,random,local,True,0.378,0.0,"[91, 105, 106, 111, 87, 94, 99, 107, 93, 107]",501.56380248069763,,,,,"[nan, nan]",,"[6.528281999177004, 7.6954332590805095, 7.211030644176166]","(512, 256)",0.05,159412.8203125,local,15625.0,"[0.740928125, 0.906305]","[0.5209209485454559, 0.5024785940232277]",,0.0,"[0.740928125, 0.906305]",,,"{'epochs_per_task': 5, 'batch': 256, 'nrem_batches': 20, 'nrem_gain': 3.0, 'val': False}",,,,0.0,,,,,
cfeat_sgd_refr_e005_static,2,ctx,1000,random,local,True,0.3667,0.0,"[114, 98, 94, 107, 95, 115, 86, 92, 86, 113]",512.5407750606537,,,,,"[nan, nan]",,"[6.528281999177004, 8.089196668434509, 6.530862225435345]","(512, 256)",0.05,159412.8203125,local,15625.0,"[0.742207875, 0.90517275]","[0.5196223694438934, 0.5022005870571137]",,0.0,"[0.742207875, 0.90517275]",,,"{'epochs_per_task': 5, 'batch': 256, 'nrem_batches': 20, 'nrem_gain': 3.0, 'val': False}",,,,0.0,,,,,
cfeat_sgd_refr_e01,0,ctx,1000,random,local,False,0.4082,0.2552500000000001,"[110, 98, 106, 107, 104, 117, 86, 101, 83, 88]",468.1544020175934,,,,,"[0.863303986347238, 0.8159990029555246]",1.0,"[6.528281999177004, 13.289491146534116, 8.595809181123379]","(512, 256)",0.05,159412.8203125,local,15625.0,"[0.7804715, 0.9068725]","[0.5191440784101486, 0.5165716295815707]",,0.0,"[0.7804715, 0.9068725]",,,"{'epochs_per_task': 5, 'batch': 256, 'nrem_batches': 20, 'nrem_gain': 3.0, 'val': False}",,,,0.0,,,,,
cfeat_sgd_refr_e01,1,ctx,1000,random,local,False,0.4044,0.30175,"[107, 113, 100, 101, 101, 127, 90, 81, 92, 88]",456.54634165763855,,,,,"[0.8097307574447885, 0.826027802425318]",1.0,"[6.528281999177004, 13.018018970343714, 10.968436903880077]","(512, 256)",0.05,159412.8203125,local,15625.0,"[0.7796825, 0.906481]","[0.5214274615926743, 0.5171334373959303]",,0.0,"[0.7796825, 0.906481]",,,"{'epochs_per_task': 5, 'batch': 256, 'nrem_batches': 20, 'nrem_gain': 3.0, 'val': False}",,,,0.0,,,,,
cfeat_sgd_refr_e01,2,ctx,1000,random,local,False,0.4037,0.34175,"[99, 90, 84, 107, 88, 104, 104, 105, 109, 110]",432.80952644348145,,,,,"[0.8080272732887238, 0.7367432190222554]",1.0,"[6.528281999177004, 12.180029512190398, 11.312315229384472]","(512, 256)",0.05,159412.8203125,local,15625.0,"[0.777332625, 0.905775]","[0.5215970779132844, 0.5201494513196945]",,0.0,"[0.777332625, 0.905775]",,,"{'epochs_per_task': 5, 'batch': 256, 'nrem_batches': 20, 'nrem_gain': 3.0, 'val': False}",,,,0.0,,,,,
cfeat_sgd_refr_e01,3,ctx,1000,random,local,False,0.4174,0.26312499999999994,"[97, 107, 108, 96, 108, 102, 93, 87, 99, 103]",406.3305027484894,,,,,"[0.8238528629271169, 0.8414574193457376]",1.0,"[6.528281999177004, 13.173190584740412, 9.917573781184979]","(512, 256)",0.05,159412.8203125,local,15625.0,"[0.780514375, 0.90849275]","[0.5205953069620133, 0.5184260566806793]",,0.0,"[0.780514375, 0.90849275]",,,"{'epochs_per_task': 5, 'batch': 256, 'nrem_batches': 20, 'nrem_gain': 3.0, 'val': False}",,,,0.0,,,,,
cfeat_sgd_refr_e01,4,ctx,1000,random,local,False,0.4097,0.33025000000000004,"[103, 82, 103, 82, 110, 101, 111, 102, 109, 97]",363.0343794822693,,,,,"[0.8432718501100644, 0.7579962349312195]",1.0,"[6.528281999177004, 12.31250353003757, 4.930499963281949]","(512, 256)",0.05,159412.8203125,local,15625.0,"[0.78006725, 0.9074495]","[0.519346523812294, 0.52023238078022]",,0.0,"[0.78006725, 0.9074495]",,,"{'epochs_per_task': 5, 'batch': 256, 'nrem_batches': 20, 'nrem_gain': 3.0, 'val': False}",,,,0.0,,,,,
cfeat_sgd_refr_e01,5,ctx,1000,random,local,False,0.3848,0.37175,"[107, 83, 107, 95, 98, 94, 90, 113, 99, 114]",353.5217401981354,,,,,"[0.8116110658290495, 0.8412483640390617]",1.0,"[6.528281999177004, 13.781333675660267, 9.593707437882804]","(512, 256)",0.05,159412.8203125,local,15625.0,"[0.78342525, 0.9098575]","[0.5191524322209358, 0.5159108141610622]",,0.0,"[0.78342525, 0.9098575]",,,"{'epochs_per_task': 5, 'batch': 256, 'nrem_batches': 20, 'nrem_gain': 3.0, 'val': False}",,,,0.0,,,,,
cfeat_sgd_refr_e01_static,0,ctx,1000,random,local,True,0.3928,0.0,"[90, 105, 95, 105, 100, 97, 98, 108, 91, 111]",469.9830758571625,,,,,"[nan, nan]",,"[6.528281999177004, 11.147224711403554, 10.284286267772774]","(512, 256)",0.05,159412.8203125,local,15625.0,"[0.784288, 0.909927]","[0.5107907036552429, 0.5112398767986298]",,0.0,"[0.784288, 0.909927]",,,"{'epochs_per_task': 5, 'batch': 256, 'nrem_batches': 20, 'nrem_gain': 3.0, 'val': False}",,,,0.0,,,,,
cfeat_sgd_refr_e01_static,1,ctx,1000,random,local,True,0.4081,0.0,"[91, 105, 106, 111, 87, 94, 99, 107, 93, 107]",453.4352116584778,,,,,"[nan, nan]",,"[6.528281999177004, 12.673873484710008, 10.48908048575481]","(512, 256)",0.05,159412.8203125,local,15625.0,"[0.783151625, 0.910213]","[0.5109681574325562, 0.5072735454964638]",,0.0,"[0.783151625, 0.910213]",,,"{'epochs_per_task': 5, 'batch': 256, 'nrem_batches': 20, 'nrem_gain': 3.0, 'val': False}",,,,0.0,,,,,
cfeat_sgd_refr_e01_static,2,ctx,1000,random,local,True,0.3857,0.0,"[114, 98, 94, 107, 95, 115, 86, 92, 86, 113]",437.75234365463257,,,,,"[nan, nan]",,"[6.528281999177004, 12.061582856282383, 11.149833302089242]","(512, 256)",0.05,159412.8203125,local,15625.0,"[0.77063425, 0.910049]","[0.512564903974533, 0.5076032610187531]",,0.0,"[0.77063425, 0.910049]",,,"{'epochs_per_task': 5, 'batch': 256, 'nrem_batches': 20, 'nrem_gain': 3.0, 'val': False}",,,,0.0,,,,,
cfeat_sgd_refr_e01_static,3,ctx,1000,random,local,True,0.389,0.0,"[99, 97, 109, 112, 95, 100, 77, 97, 101, 113]",430.9022099971771,,,,,"[nan, nan]",,"[6.528281999177004, 9.027391667676207, 9.927712813302012]","(512, 256)",0.05,159412.8203125,local,15625.0,"[0.778685875, 0.907089]","[0.5117798044242858, 0.5153489205913544]",,0.0,"[0.778685875, 0.907089]",,,"{'epochs_per_task': 5, 'batch': 256, 'nrem_batches': 20, 'nrem_gain': 3.0, 'val': False}",,,,0.0,,,,,
cfeat_sgd_refr_e01_static,4,ctx,1000,random,local,True,0.3661,0.0,"[110, 117, 105, 93, 92, 112, 82, 99, 107, 83]",350.94261503219604,,,,,"[nan, nan]",,"[6.528281999177004, 11.063909561072895, 10.754075772690241]","(512, 256)",0.05,159412.8203125,local,15625.0,"[0.79072625, 0.91668325]","[0.5091869309082031, 0.5269866465854645]",,0.0,"[0.79072625, 0.91668325]",,,"{'epochs_per_task': 5, 'batch': 256, 'nrem_batches': 20, 'nrem_gain': 3.0, 'val': False}",,,,0.0,,,,,
cfeat_sgd_refr_e01_static,5,ctx,1000,random,local,True,0.3751,0.0,"[77, 105, 108, 88, 114, 105, 117, 67, 115, 104]",353.1073052883148,,,,,"[nan, nan]",,"[6.528281999177004, 12.11151660285776, 10.406114714096965]","(512, 256)",0.05,159412.8203125,local,15625.0,"[0.782314125, 0.91437225]","[0.5105332171211243, 0.5106964017276764]",,0.0,"[0.782314125, 0.91437225]",,,"{'epochs_per_task': 5, 'batch': 256, 'nrem_batches': 20, 'nrem_gain': 3.0, 'val': False}",,,,0.0,,,,,
cfeat_sgd_refr_e02,0,ctx,1000,random,local,False,0.3872,0.29125,"[110, 98, 106, 107, 104, 117, 86, 101, 83, 88]",603.3300139904022,,,,,"[0.8813687815261627, 0.7748177180540003]",1.0,"[6.528281999177004, 13.202190198876195, 11.790787654361859]","(512, 256)",0.05,159412.8203125,local,15625.0,"[0.80518, 0.89840675]","[0.511877282491684, 0.5277926222198009]",,0.0,"[0.80518, 0.89840675]",,,"{'epochs_per_task': 5, 'batch': 256, 'nrem_batches': 20, 'nrem_gain': 3.0, 'val': False}",,,,0.0,,,,,
cfeat_sgd_refr_e02,1,ctx,1000,random,local,False,0.3892,0.36675,"[107, 113, 100, 101, 101, 127, 90, 81, 92, 88]",482.1051814556122,,,,,"[0.8078532542841682, 0.6971861805469293]",1.0,"[6.528281999177004, 13.318856233680645, 11.20936629757208]","(512, 256)",0.05,159412.8203125,local,15625.0,"[0.806246875, 0.90014825]","[0.513828567486763, 0.5345530853170156]",,0.0,"[0.806246875, 0.90014825]",,,"{'epochs_per_task': 5, 'batch': 256, 'nrem_batches': 20, 'nrem_gain': 3.0, 'val': False}",,,,0.0,,,,,
cfeat_sgd_refr_e02,2,ctx,1000,random,local,False,0.3792,0.40637500000000004,"[99, 90, 84, 107, 88, 104, 104, 105, 109, 110]",455.44579911231995,,,,,"[0.8661384238644366, 0.7323622149212211]",1.0,"[6.528281999177004, 13.849325366516672, 7.270766891784702]","(512, 256)",0.05,159412.8203125,local,15625.0,"[0.802758625, 0.89953725]","[0.5134385311608315, 0.532075933126688]",,0.0,"[0.802758625, 0.89953725]",,,"{'epochs_per_task': 5, 'batch': 256, 'nrem_batches': 20, 'nrem_gain': 3.0, 'val': False}",,,,0.0,,,,,
cfeat_sgd_refr_e02_static,0,ctx,1000,random,local,True,0.3611,0.0,"[90, 105, 95, 105, 100, 97, 98, 108, 91, 111]",604.9962384700775,,,,,"[nan, nan]",,"[6.528281999177004, 18.795713087297013, 12.069632408710032]","(512, 256)",0.05,159412.8203125,local,15625.0,"[0.788086875, 0.9236145]","[0.5091096569080352, 0.5232365778770447]",,0.0,"[0.788086875, 0.9236145]",,,"{'epochs_per_task': 5, 'batch': 256, 'nrem_batches': 20, 'nrem_gain': 3.0, 'val': False}",,,,0.0,,,,,
cfeat_sgd_refr_e02_static,1,ctx,1000,random,local,True,0.3823,0.0,"[91, 105, 106, 111, 87, 94, 99, 107, 93, 107]",481.04686307907104,,,,,"[nan, nan]",,"[6.528281999177004, 18.596591740576308, 11.671448189578292]","(512, 256)",0.05,159412.8203125,local,15625.0,"[0.787378125, 0.92554775]","[0.5086548305988312, 0.530265685526371]",,0.0,"[0.787378125, 0.92554775]",,,"{'epochs_per_task': 5, 'batch': 256, 'nrem_batches': 20, 'nrem_gain': 3.0, 'val': False}",,,,0.0,,,,,
cfeat_sgd_refr_e02_static,2,ctx,1000,random,local,True,0.3913,0.0,"[114, 98, 94, 107, 95, 115, 86, 92, 86, 113]",455.69132232666016,,,,,"[nan, nan]",,"[6.528281999177004, 16.760332933391513, 11.035249106493445]","(512, 256)",0.05,159412.8203125,local,15625.0,"[0.777633875, 0.92559875]","[0.5107043416004181, 0.5220371428794861]",,0.0,"[0.777633875, 0.92559875]",,,"{'epochs_per_task': 5, 'batch': 256, 'nrem_batches': 20, 'nrem_gain': 3.0, 'val': False}",,,,0.0,,,,,
cfeat_sgd_refr_e05,0,ctx,1000,random,local,False,0.3116,0.43037499999999995,"[110, 98, 106, 107, 104, 117, 86, 101, 83, 88]",603.1015343666077,,,,,"[0.8822032761211585, 0.7769033929033928]",1.0,"[6.528281999177004, 7.1628183698370815, 8.822392328323287]","(512, 256)",0.05,159360.17031383514,local,15625.0,"[0.8278205, 0.89935975]","[0.5068048716344833, 0.552892408200264]",,0.0,"[0.8278205, 0.89935975]",,,"{'epochs_per_task': 5, 'batch': 256, 'nrem_batches': 20, 'nrem_gain': 3.0, 'val': False}",,,,0.0,,,,,
cfeat_sgd_refr_e05,1,ctx,1000,random,local,False,0.3249,0.40525,"[107, 113, 100, 101, 101, 127, 90, 81, 92, 88]",486.9560282230377,,,,,"[0.8789313466692785, 0.6931514177113863]",1.0,"[6.528281999177004, 9.31663016678002, 9.949280089157778]","(512, 256)",0.05,159371.40031051636,local,15625.0,"[0.82584075, 0.8913585]","[0.5070318361854553, 0.5566301668243409]",,0.0,"[0.82584075, 0.8913585]",,,"{'epochs_per_task': 5, 'batch': 256, 'nrem_batches': 20, 'nrem_gain': 3.0, 'val': False}",,,,0.0,,,,,
cfeat_sgd_refr_e05,2,ctx,1000,random,local,False,0.3184,0.42575,"[99, 90, 84, 107, 88, 104, 104, 105, 109, 110]",464.96540236473083,,,,,"[0.8617043466342531, 0.7635721039249961]",1.0,"[6.528281999177004, 8.04993449873683, 11.078051105032017]","(512, 256)",0.05,159406.63698387146,local,15625.0,"[0.82374925, 0.89258075]","[0.5070837287299633, 0.5523393357348442]",,0.0,"[0.82374925, 0.89258075]",,,"{'epochs_per_task': 5, 'batch': 256, 'nrem_batches': 20, 'nrem_gain': 3.0, 'val': False}",,,,0.0,,,,,
cfeat_sgd_refr_e05_static,0,ctx,1000,random,local,True,0.3015,0.0,"[90, 105, 95, 105, 100, 97, 98, 108, 91, 111]",612.1542546749115,,,,,"[nan, nan]",,"[6.528281999177004, 22.98257630248633, 12.928677834827711]","(512, 256)",0.05,159412.8236503601,local,15625.0,"[0.801425125, 0.9272865]","[0.5068684090805053, 0.5051637269878387]",,0.0,"[0.801425125, 0.9272865]",,,"{'epochs_per_task': 5, 'batch': 256, 'nrem_batches': 20, 'nrem_gain': 3.0, 'val': False}",,,,0.0,,,,,
cfeat_sgd_refr_e05_static,1,ctx,1000,random,local,True,0.3431,0.0,"[91, 105, 106, 111, 87, 94, 99, 107, 93, 107]",513.5622115135193,,,,,"[nan, nan]",,"[6.528281999177004, 20.652290250144386, 11.451419552792478]","(512, 256)",0.05,159412.8203125,local,15625.0,"[0.795908875, 0.92492775]","[0.5083426273880005, 0.5026279826436043]",,0.0,"[0.795908875, 0.92492775]",,,"{'epochs_per_task': 5, 'batch': 256, 'nrem_batches': 20, 'nrem_gain': 3.0, 'val': False}",,,,0.0,,,,,
cfeat_sgd_refr_e05_static,2,ctx,1000,random,local,True,0.3452,0.0,"[114, 98, 94, 107, 95, 115, 86, 92, 86, 113]",513.9000833034515,,,,,"[nan, nan]",,"[6.528281999177004, 19.29095019000159, 9.942206258733602]","(512, 256)",0.05,159412.8203125,local,15625.0,"[0.79313275, 0.9303325]","[0.5095638199443817, 0.5028610557479858]",,0.0,"[0.79313275, 0.9303325]",,,"{'epochs_per_task': 5, 'batch': 256, 'nrem_batches': 20, 'nrem_gain': 3.0, 'val': False}",,,,0.0,,,,,
cfeat_sgd_refr_s10,0,ctx,1000,random,local,False,0.4243,0.241125,"[110, 98, 106, 107, 104, 117, 86, 101, 83, 88]",606.6692056655884,,,,,"[0.8794157432106691, 0.82047429141148]",1.0,"[6.528281999177004, 13.426742243075127, 9.790764332149212]","(512, 256)",0.1,161462.83984375,local,15625.0,"[0.63324675, 0.8344695]","[0.5095952683095932, 0.518502060344994]",,0.0,"[0.63324675, 0.8344695]",,,"{'epochs_per_task': 5, 'batch': 256, 'nrem_batches': 20, 'nrem_gain': 3.0, 'val': False}",,,,0.0,,,,,
cfeat_sgd_refr_s10,1,ctx,1000,random,local,False,0.4023,0.29775,"[107, 113, 100, 101, 101, 127, 90, 81, 92, 88]",480.2131037712097,,,,,"[0.8623093582776526, 0.8390038412291932]",1.0,"[6.528281999177004, 13.426549721091238, 11.311150645714342]","(512, 256)",0.1,161462.83984375,local,15625.0,"[0.63078225, 0.8315965]","[0.5101267013058662, 0.5153984675053358]",,0.0,"[0.63078225, 0.8315965]",,,"{'epochs_per_task': 5, 'batch': 256, 'nrem_batches': 20, 'nrem_gain': 3.0, 'val': False}",,,,0.0,,,,,
cfeat_sgd_refr_s10,2,ctx,1000,random,local,False,0.4172,0.30862500000000004,"[99, 90, 84, 107, 88, 104, 104, 105, 109, 110]",462.4320795536041,,,,,"[0.8707118885199933, 0.8228081152290689]",1.0,"[6.528281999177004, 13.558817732978799, 9.471911095201984]","(512, 256)",0.1,161462.83984375,local,15625.0,"[0.64186025, 0.83491625]","[0.5092328699507713, 0.5154551014188528]",,0.0,"[0.64186025, 0.83491625]",,,"{'epochs_per_task': 5, 'batch': 256, 'nrem_batches': 20, 'nrem_gain': 3.0, 'val': False}",,,,0.0,,,,,
cfeat_sgd_refr_s10_static,0,ctx,1000,random,local,True,0.4064,0.0,"[90, 105, 95, 105, 100, 97, 98, 108, 91, 111]",611.9320936203003,,,,,"[nan, nan]",,"[6.528281999177004, 11.257238664286046, 13.939762695521386]","(512, 256)",0.1,161462.83984375,local,15625.0,"[0.645303125, 0.824744]","[0.5039266727151871, 0.5077198433513641]",,0.0,"[0.645303125, 0.824744]",,,"{'epochs_per_task': 5, 'batch': 256, 'nrem_batches': 20, 'nrem_gain': 3.0, 'val': False}",,,,0.0,,,,,
cfeat_sgd_refr_s10_static,1,ctx,1000,random,local,True,0.4182,0.0,"[91, 105, 106, 111, 87, 94, 99, 107, 93, 107]",480.836590051651,,,,,"[nan, nan]",,"[6.528281999177004, 11.051762568396894, 11.329435679885306]","(512, 256)",0.1,161462.83984375,local,15625.0,"[0.638468375, 0.818208]","[0.5042126762857437, 0.5051283423547744]",,0.0,"[0.638468375, 0.818208]",,,"{'epochs_per_task': 5, 'batch': 256, 'nrem_batches': 20, 'nrem_gain': 3.0, 'val': False}",,,,0.0,,,,,
cfeat_sgd_refr_s10_static,2,ctx,1000,random,local,True,0.4281,0.0,"[114, 98, 94, 107, 95, 115, 86, 92, 86, 113]",469.4139611721039,,,,,"[nan, nan]",,"[6.528281999177004, 13.220212957512485, 12.734958860156429]","(512, 256)",0.1,161462.83984375,local,15625.0,"[0.6332875, 0.80732175]","[0.5042900094680786, 0.5054601573925018]",,0.0,"[0.6332875, 0.80732175]",,,"{'epochs_per_task': 5, 'batch': 256, 'nrem_batches': 20, 'nrem_gain': 3.0, 'val': False}",,,,0.0,,,,,
cfeat_sgd_refr_s15_e02,0,ctx,1000,random,local,False,0.4106,0.247625,"[110, 98, 106, 107, 104, 117, 86, 101, 83, 88]",597.8574004173279,,,,,"[0.9307682828298118, 0.7938042311838565]",1.0,"[6.528281999177004, 16.46236590469505, 10.91664622883213]","(512, 256)",0.15,163579.66015625,local,15625.0,"[0.569032, 0.75266925]","[0.5026164624357223, 0.5157070315585136]",,0.0,"[0.569032, 0.75266925]",,,"{'epochs_per_task': 5, 'batch': 256, 'nrem_batches': 20, 'nrem_gain': 3.0, 'val': False}",,,,0.0,,,,,
cfeat_sgd_refr_s15_e02,1,ctx,1000,random,local,False,0.405,0.29687499999999994,"[107, 113, 100, 101, 101, 127, 90, 81, 92, 88]",475.4931914806366,,,,,"[0.9397822763395828, 0.8540597447591723]",1.0,"[6.528281999177004, 15.663908088511798, 5.8472883289868935]","(512, 256)",0.15,163579.66015625,local,15625.0,"[0.570995625, 0.74192075]","[0.5026836994285584, 0.5202216568900346]",,0.0,"[0.570995625, 0.74192075]",,,"{'epochs_per_task': 5, 'batch': 256, 'nrem_batches': 20, 'nrem_gain': 3.0, 'val': False}",,,,0.0,,,,,
cfeat_sgd_refr_s15_e02,2,ctx,1000,random,local,False,0.3957,0.3465,"[99, 90, 84, 107, 88, 104, 104, 105, 109, 110]",532.9515464305878,,,,,"[0.9115621573532181, 0.8888990180825204]",1.0,"[6.528281999177004, 14.84196934631226, 8.032607000586184]","(512, 256)",0.15,163579.66015625,local,15625.0,"[0.56694075, 0.7488195]","[0.5025547948093414, 0.5165658371140956]",,0.0,"[0.56694075, 0.7488195]",,,"{'epochs_per_task': 5, 'batch': 256, 'nrem_batches': 20, 'nrem_gain': 3.0, 'val': False}",,,,0.0,,,,,
cfeat_sgd_refr_s15_e02_static,0,ctx,1000,random,local,True,0.4423,0.0,"[90, 105, 95, 105, 100, 97, 98, 108, 91, 111]",600.442375421524,,,,,"[nan, nan]",,"[6.528281999177004, 19.291499512972706, 14.765922079819932]","(512, 256)",0.15,163579.65016174316,local,15625.0,"[0.563534125, 0.74909325]","[0.5008365067138671, 0.5071189148740769]",,0.0,"[0.563534125, 0.74909325]",,,"{'epochs_per_task': 5, 'batch': 256, 'nrem_batches': 20, 'nrem_gain': 3.0, 'val': False}",,,,0.0,,,,,
cfeat_sgd_refr_s15_e02_static,1,ctx,1000,random,local,True,0.4496,0.0,"[91, 105, 106, 111, 87, 94, 99, 107, 93, 107]",477.35685324668884,,,,,"[nan, nan]",,"[6.528281999177004, 19.085984980341795, 12.628264255925544]","(512, 256)",0.15,163579.6268157959,local,15625.0,"[0.563720125, 0.75433925]","[0.5008319738435745, 0.5067627194309234]",,0.0,"[0.563720125, 0.75433925]",,,"{'epochs_per_task': 5, 'batch': 256, 'nrem_batches': 20, 'nrem_gain': 3.0, 'val': False}",,,,0.0,,,,,
cfeat_sgd_refr_s15_e02_static,2,ctx,1000,random,local,True,0.4506,0.0,"[114, 98, 94, 107, 95, 115, 86, 92, 86, 113]",471.2383761405945,,,,,"[nan, nan]",,"[6.528281999177004, 17.490736441205105, 15.088276248583371]","(512, 256)",0.15,163579.65016174316,local,15625.0,"[0.562977125, 0.7558595]","[0.5007406913881302, 0.5066554543542862]",,0.0,"[0.562977125, 0.7558595]",,,"{'epochs_per_task': 5, 'batch': 256, 'nrem_batches': 20, 'nrem_gain': 3.0, 'val': False}",,,,0.0,,,,,
cfeat_sgd_refr_s15,0,ctx,1000,random,local,False,0.4273,0.21375000000000002,"[110, 98, 106, 107, 104, 117, 86, 101, 83, 88]",612.082359790802,,,,,"[0.8933314035967266, 0.8693842685811358]",1.0,"[6.528281999177004, 13.839061055696074, 12.26621639383645]","(512, 256)",0.15,163579.66015625,local,15625.0,"[0.540564, 0.7752595]","[0.5036764223103524, 0.5109930593420267]",,0.0,"[0.540564, 0.7752595]",,,"{'epochs_per_task': 5, 'batch': 256, 'nrem_batches': 20, 'nrem_gain': 3.0, 'val': False}",,,,0.0,,,,,
cfeat_sgd_refr_s15,1,ctx,1000,random,local,False,0.4183,0.27225,"[107, 113, 100, 101, 101, 127, 90, 81, 92, 88]",483.90176606178284,,,,,"[0.8873193415727695, 0.8781115959020788]",1.0,"[6.528281999177004, 14.02295269862517, 12.50417500464169]","(512, 256)",0.15,163579.66015625,local,15625.0,"[0.54128225, 0.77283125]","[0.5040216955814362, 0.511748711622119]",,0.0,"[0.54128225, 0.77283125]",,,"{'epochs_per_task': 5, 'batch': 256, 'nrem_batches': 20, 'nrem_gain': 3.0, 'val': False}",,,,0.0,,,,,
cfeat_sgd_refr_s15,2,ctx,1000,random,local,False,0.4219,0.293,"[99, 90, 84, 107, 88, 104, 104, 105, 109, 110]",469.587947845459,,,,,"[0.8814973233135233, 0.8523530942119969]",1.0,"[6.528281999177004, 14.620705214284781, 12.179526638447026]","(512, 256)",0.15,163579.66015625,local,15625.0,"[0.54176725, 0.77818625]","[0.5037263264379501, 0.5080679240579605]",,0.0,"[0.54176725, 0.77818625]",,,"{'epochs_per_task': 5, 'batch': 256, 'nrem_batches': 20, 'nrem_gain': 3.0, 'val': False}",,,,0.0,,,,,
cfeat_sgd_refr_s15_static,0,ctx,1000,random,local,True,0.4367,0.0,"[90, 105, 95, 105, 100, 97, 98, 108, 91, 111]",617.074741601944,,,,,"[nan, nan]",,"[6.528281999177004, 14.597058291490839, 14.177526915330356]","(512, 256)",0.15,163579.66015625,local,15625.0,"[0.554912, 0.72011975]","[0.5008374943094254, 0.5028319746437073]",,0.0,"[0.554912, 0.72011975]",,,"{'epochs_per_task': 5, 'batch': 256, 'nrem_batches': 20, 'nrem_gain': 3.0, 'val': False}",,,,0.0,,,,,
cfeat_sgd_refr_s15_static,1,ctx,1000,random,local,True,0.4445,0.0,"[91, 105, 106, 111, 87, 94, 99, 107, 93, 107]",497.9630374908447,,,,,"[nan, nan]",,"[6.528281999177004, 13.275006731403016, 12.252851748452642]","(512, 256)",0.15,163579.66015625,local,15625.0,"[0.5508505, 0.72673775]","[0.5011390823874473, 0.5026372383489609]",,0.0,"[0.5508505, 0.72673775]",,,"{'epochs_per_task': 5, 'batch': 256, 'nrem_batches': 20, 'nrem_gain': 3.0, 'val': False}",,,,0.0,,,,,
cfeat_sgd_refr_s15_static,2,ctx,1000,random,local,True,0.445,0.0,"[114, 98, 94, 107, 95, 115, 86, 92, 86, 113]",494.05765175819397,,,,,"[nan, nan]",,"[6.528281999177004, 13.86893282847068, 11.131640517896122]","(512, 256)",0.15,163579.66015625,local,15625.0,"[0.548869375, 0.726385]","[0.5010852257575988, 0.502026961016655]",,0.0,"[0.548869375, 0.726385]",,,"{'epochs_per_task': 5, 'batch': 256, 'nrem_batches': 20, 'nrem_gain': 3.0, 'val': False}",,,,0.0,,,,,
cfeat_sgd_refr_s25,0,ctx,1000,random,local,False,0.4305,0.22925,"[110, 98, 106, 107, 104, 117, 86, 101, 83, 88]",629.3862450122833,,,,,"[0.9310089159766644, 0.9100984604998708]",1.0,"[6.528281999177004, 13.743550002796768, 10.062742804171005]","(512, 256)",0.25,167756.5,local,15625.0,"[0.500519625, 0.636331]","[0.5002385448977947, 0.5091583761491776]",,0.0,"[0.500519625, 0.636331]",,,"{'epochs_per_task': 5, 'batch': 256, 'nrem_batches': 20, 'nrem_gain': 3.0, 'val': False}",,,,0.0,,,,,
cfeat_sgd_refr_s25,1,ctx,1000,random,local,False,0.4253,0.284125,"[107, 113, 100, 101, 101, 127, 90, 81, 92, 88]",498.23581314086914,,,,,"[0.9364151284540414, 0.9059152776237245]",1.0,"[6.528281999177004, 14.624252051194553, 11.280070304521905]","(512, 256)",0.25,167756.5033569336,local,15625.0,"[0.500451375, 0.64126125]","[0.5003331379845143, 0.5093026329426765]",,0.0,"[0.500451375, 0.64126125]",,,"{'epochs_per_task': 5, 'batch': 256, 'nrem_batches': 20, 'nrem_gain': 3.0, 'val': False}",,,,0.0,,,,,
cfeat_sgd_refr_s25,2,ctx,1000,random,local,False,0.4263,0.29274999999999995,"[99, 90, 84, 107, 88, 104, 104, 105, 109, 110]",507.4279272556305,,,,,"[0.9243308370690768, 0.8776629251087555]",1.0,"[6.528281999177004, 14.13104315371032, 11.282092997306178]","(512, 256)",0.25,167756.5,local,15625.0,"[0.50036775, 0.63835975]","[0.5003144932545424, 0.5087638017261028]",,0.0,"[0.50036775, 0.63835975]",,,"{'epochs_per_task': 5, 'batch': 256, 'nrem_batches': 20, 'nrem_gain': 3.0, 'val': False}",,,,0.0,,,,,
cfeat_sgd_refr_s25_static,0,ctx,1000,random,local,True,0.45,0.0,"[90, 105, 95, 105, 100, 97, 98, 108, 91, 111]",619.0128076076508,,,,,"[nan, nan]",,"[6.528281999177004, 15.852194726366422, 8.953773067684898]","(512, 256)",0.25,167755.76334381104,local,15625.0,"[0.500065375, 0.66847425]","[0.500051861469984, 0.5025574462051392]",,0.0,"[0.500065375, 0.66847425]",,,"{'epochs_per_task': 5, 'batch': 256, 'nrem_batches': 20, 'nrem_gain': 3.0, 'val': False}",,,,0.0,,,,,
cfeat_sgd_refr_s25_static,1,ctx,1000,random,local,True,0.4572,0.0,"[91, 105, 106, 111, 87, 94, 99, 107, 93, 107]",484.541631937027,,,,,"[nan, nan]",,"[6.528281999177004, 15.319906129660414, 10.19560718131103]","(512, 256)",0.25,167742.00666809082,local,15625.0,"[0.500106625, 0.676829]","[0.49995326793265343, 0.5058742499060631]",,0.0,"[0.500106625, 0.676829]",,,"{'epochs_per_task': 5, 'batch': 256, 'nrem_batches': 20, 'nrem_gain': 3.0, 'val': False}",,,,0.0,,,,,
cfeat_sgd_refr_s25_static,2,ctx,1000,random,local,True,0.4605,0.0,"[114, 98, 94, 107, 95, 115, 86, 92, 86, 113]",479.60291028022766,,,,,"[nan, nan]",,"[6.528281999177004, 14.235080400971622, 9.002255123374287]","(512, 256)",0.25,167749.86666107178,local,15625.0,"[0.50010525, 0.65330825]","[0.5000658789682388, 0.5024026221251487]",,0.0,"[0.50010525, 0.65330825]",,,"{'epochs_per_task': 5, 'batch': 256, 'nrem_batches': 20, 'nrem_gain': 3.0, 'val': False}",,,,0.0,,,,,
cfeat_static_none,0,ctx,1000,random,local,True,0.2746,0.0,"[90, 105, 95, 105, 100, 97, 98, 108, 91, 111]",886.5620069503784,,,,,"[nan, nan]",,"[6.528281999177004, 5.910627833489485, 3.440867413129023]","(512, 256)",0.05,159412.8203125,local,15625.0,"[1.0, 1.0]","[1.0, 1.0]",,0.0,"[1.0, 1.0]",,,"{'epochs_per_task': 5, 'batch': 256, 'nrem_batches': 20, 'nrem_gain': 3.0, 'val': False}",,,,0.0,,,,,
cfeat_static_none,1,ctx,1000,random,local,True,0.3343,0.0,"[91, 105, 106, 111, 87, 94, 99, 107, 93, 107]",695.1281096935272,,,,,"[nan, nan]",,"[6.528281999177004, 5.290962845663262, 5.172078948746664]","(512, 256)",0.05,159412.8203125,local,15625.0,"[1.0, 1.0]","[1.0, 1.0]",,0.0,"[1.0, 1.0]",,,"{'epochs_per_task': 5, 'batch': 256, 'nrem_batches': 20, 'nrem_gain': 3.0, 'val': False}",,,,0.0,,,,,
cfeat_static_none,2,ctx,1000,random,local,True,0.3414,0.0,"[114, 98, 94, 107, 95, 115, 86, 92, 86, 113]",726.6541724205017,,,,,"[nan, nan]",,"[6.528281999177004, 5.242458011384399, 3.4926891684733707]","(512, 256)",0.05,159412.8203125,local,15625.0,"[1.0, 1.0]","[1.0, 1.0]",,0.0,"[1.0, 1.0]",,,"{'epochs_per_task': 5, 'batch': 256, 'nrem_batches': 20, 'nrem_gain': 3.0, 'val': False}",,,,0.0,,,,,
cfeat_static_prog03,0,ctx,1000,random,local,True,0.3467,0.0,"[90, 105, 95, 105, 100, 97, 98, 108, 91, 111]",762.4568333625793,,,,,"[nan, nan]",,"[6.528281999177004, 7.4646029076566665, 8.753049671176482]","(512, 256)",0.05,159412.8203125,local,15625.0,"[0.85676925, 0.91914025]","[0.5017386098596156, 0.5250378048974872]",,0.0,"[0.85676925, 0.91914025]",1.0,,"{'epochs_per_task': 5, 'batch': 256, 'nrem_batches': 20, 'nrem_gain': 3.0, 'val': False}",,,,0.0,,,,,
cfeat_static_prog03,1,ctx,1000,random,local,True,0.3704,0.0,"[91, 105, 106, 111, 87, 94, 99, 107, 93, 107]",728.847400188446,,,,,"[nan, nan]",,"[6.528281999177004, 10.170624810204242, 8.182410920423031]","(512, 256)",0.05,159412.8203125,local,15625.0,"[0.854678125, 0.9146245]","[0.501888104509443, 0.511243224834919]",,0.0,"[0.854678125, 0.9146245]",1.0,,"{'epochs_per_task': 5, 'batch': 256, 'nrem_batches': 20, 'nrem_gain': 3.0, 'val': False}",,,,0.0,,,,,
cfeat_static_prog03,2,ctx,1000,random,local,True,0.3507,0.0,"[114, 98, 94, 107, 95, 115, 86, 92, 86, 113]",742.5909721851349,,,,,"[nan, nan]",,"[6.528281999177004, 9.021181037933475, 10.236944591637103]","(512, 256)",0.05,159412.8203125,local,15625.0,"[0.854750875, 0.9168105]","[0.5022152676696777, 0.5132159086799621]",,0.0,"[0.854750875, 0.9168105]",1.0,,"{'epochs_per_task': 5, 'batch': 256, 'nrem_batches': 20, 'nrem_gain': 3.0, 'val': False}",,,,0.0,,,,,
cfeat_static_refr,0,ctx,1000,random,local,True,0.3467,0.0,"[90, 105, 95, 105, 100, 97, 98, 108, 91, 111]",769.5565805435181,,,,,"[nan, nan]",,"[6.528281999177004, 7.4646029076566665, 8.753049671176482]","(512, 256)",0.05,159412.8203125,local,15625.0,"[0.85676925, 0.91914025]","[0.5017386098596156, 0.5250378048974872]",,0.0,"[0.85676925, 0.91914025]",,,"{'epochs_per_task': 5, 'batch': 256, 'nrem_batches': 20, 'nrem_gain': 3.0, 'val': False}",,,,0.0,,,,,
cfeat_static_refr,1,ctx,1000,random,local,True,0.3704,0.0,"[91, 105, 106, 111, 87, 94, 99, 107, 93, 107]",719.0659532546997,,,,,"[nan, nan]",,"[6.528281999177004, 10.170624810204242, 8.182410920423031]","(512, 256)",0.05,159412.8203125,local,15625.0,"[0.854678125, 0.9146245]","[0.501888104509443, 0.511243224834919]",,0.0,"[0.854678125, 0.9146245]",,,"{'epochs_per_task': 5, 'batch': 256, 'nrem_batches': 20, 'nrem_gain': 3.0, 'val': False}",,,,0.0,,,,,
cfeat_static_refr,2,ctx,1000,random,local,True,0.3507,0.0,"[114, 98, 94, 107, 95, 115, 86, 92, 86, 113]",730.8421695232391,,,,,"[nan, nan]",,"[6.528281999177004, 9.021181037933475, 10.236944591637103]","(512, 256)",0.05,159412.8203125,local,15625.0,"[0.854750875, 0.9168105]","[0.5022152676696777, 0.5132159086799621]",,0.0,"[0.854750875, 0.9168105]",,,"{'epochs_per_task': 5, 'batch': 256, 'nrem_batches': 20, 'nrem_gain': 3.0, 'val': False}",,,,0.0,,,,,
cif_ach25_br16,0,ctx,1000,random,local,False,0.2597,0.36800000000000005,"[110, 98, 106, 107, 104, 117, 86, 101, 83, 88]",721.0875644683838,,,,,"[0.9237230915935646, 0.8902604662982021]",1.0,"[8.914858881645769, 15.12402903342303, 4.845714192485579]","(512, 256)",0.05,159412.8203125,local,15625.0,"[0.842178375, 0.90372725]","[0.483121750079155, 0.4965432471636534]",,0.0,"[0.842178375, 0.90372725]",0.948672,,,,,,,,,,,
cif_ach25_br16,1,ctx,1000,random,local,False,0.265,0.37662500000000004,"[107, 113, 100, 101, 101, 127, 90, 81, 92, 88]",424.01546120643616,,,,,"[0.9199313747798004, 0.9261203227240964]",1.0,"[8.914858881645769, 14.365830747384008, 5.10152408459164]","(512, 256)",0.05,159412.8203125,local,15625.0,"[0.8398625, 0.9025165]","[0.48044612850368024, 0.49029188083958625]",,0.0,"[0.8398625, 0.9025165]",0.943232,,,,,,,,,,,
cif_bp_er_1000,0,bp,1000,random,er,False,0.2484,0.6583749999999999,"[100, 105, 98, 114, 77, 100, 90, 122, 94, 100]",28.129803895950317,,,,,,,,,,,,,,,,,,,,,,,,,,,,,
cif_bp_er_1000,1,bp,1000,random,er,False,0.2672,0.6441250000000001,"[99, 87, 108, 105, 99, 105, 96, 106, 91, 104]",28.22511577606201,,,,,,,,,,,,,,,,,,,,,,,,,,,,,
cif_bp_er_1000,2,bp,1000,random,er,False,0.2367,0.6792500000000001,"[109, 101, 96, 99, 109, 101, 101, 89, 100, 95]",28.844146251678467,,,,,,,,,,,,,,,,,,,,,,,,,,,,,
cif_bp_none,0,bp,0,,,False,0.1641,0.7873749999999999,"[0, 0, 0, 0, 0, 0, 0, 0, 0, 0]",13.613492250442505,,,,,,,,,,,,,,,,,,,,,,,,,,,,,
cif_bp_none,1,bp,0,,,False,0.1656,0.76925,"[0, 0, 0, 0, 0, 0, 0, 0, 0, 0]",12.899367570877075,,,,,,,,,,,,,,,,,,,,,,,,,,,,,
cif_bp_none,2,bp,0,,,False,0.1659,0.79325,"[0, 0, 0, 0, 0, 0, 0, 0, 0, 0]",13.838882207870483,,,,,,,,,,,,,,,,,,,,,,,,,,,,,
cif_ctx_none,0,ctx,0,,,False,0.1595,0.773,"[0, 0, 0, 0, 0, 0, 0, 0, 0, 0]",26.882448196411133,,,,,"[0.912359631317463, 0.9286021505376343]",1.0,"[8.914858881645772, 11.026452564580886, 5.311463532471019]","(256, 128)",0.1,79771.359375,,,,,,,,,,,,,,,,,,,
cif_ctx_none,1,ctx,0,,,False,0.1606,0.7665,"[0, 0, 0, 0, 0, 0, 0, 0, 0, 0]",26.30354070663452,,,,,"[0.9128968224653924, 0.9577898550724638]",1.0,"[8.914858881645772, 9.09371517428261, 4.377298037599299]","(256, 128)",0.1,79771.359375,,,,,,,,,,,,,,,,,,,
cif_ctx_none,2,ctx,0,,,False,0.1607,0.766,"[0, 0, 0, 0, 0, 0, 0, 0, 0, 0]",26.769745588302612,,,,,"[0.8774240179057967, 0.8695232384086873]",1.0,"[8.914858881645772, 6.404979736503312, 4.603350158477499]","(256, 128)",0.1,79771.359375,,,,,,,,,,,,,,,,,,,
cif_night,0,ctx,1000,random,nrem,False,0.2372,0.46012499999999995,"[77, 114, 119, 90, 97, 101, 118, 91, 103, 90]",69.9134156703949,,,,,"[0.8743288645053872, 0.8382392045005475]",1.0,"[8.914858881645772, 5.1743676749155645, 7.145518995646372]","(512, 256)",0.05,159412.78698158264,,,,,,,,,,,,,,,,,,,
cif_night,1,ctx,1000,random,nrem,False,0.2261,0.52525,"[97, 102, 116, 106, 97, 111, 83, 98, 102, 88]",72.49979758262634,,,,,"[0.8996063072254985, 0.8235251501155503]",1.0,"[8.914858881645772, 5.924771487682608, 5.062893022905383]","(512, 256)",0.05,159412.8203125,,,,,,,,,,,,,,,,,,,
cif_night,2,ctx,1000,random,nrem,False,0.2503,0.411375,"[106, 79, 100, 92, 106, 97, 116, 92, 90, 122]",73.97092962265015,,,,,"[0.9087566756628231, 0.899454667624479]",1.0,"[8.914858881645772, 6.2742530648608135, 4.779865035306897]","(512, 256)",0.05,159412.8203125,,,,,,,,,,,,,,,,,,,
cif_none_br16,0,ctx,1000,random,local,False,0.2028,0.66625,"[110, 98, 106, 107, 104, 117, 86, 101, 83, 88]",644.5601353645325,,,,,"[0.9568305112608909, 0.9182459677419356]",1.0,"[8.914858881645772, 3.1624907148133543, 1.3187191747973626]","(512, 256)",0.05,159412.8203125,local,15625.0,"[1.0, 1.0]","[1.0, 1.0]",,0.0,"[1.0, 1.0]",,,,,,,,,,,,
cif_none_br16,1,ctx,1000,random,local,False,0.1951,0.6976249999999999,"[107, 113, 100, 101, 101, 127, 90, 81, 92, 88]",797.3117554187775,,,,,"[0.9844155844155844, 0.8888099756031446]",1.0,"[8.914858881645772, 3.9541074951995645, 1.4972298761291418]","(512, 256)",0.05,159412.8203125,local,15625.0,"[1.0, 1.0]","[1.0, 1.0]",,0.0,"[1.0, 1.0]",,,,,,,,,,,,
cif_none_br16,2,ctx,1000,random,local,False,0.2301,0.6351249999999999,"[99, 90, 84, 107, 88, 104, 104, 105, 109, 110]",899.1236567497253,,,,,"[0.9943661971830986, 0.9390029325513195]",1.0,"[8.914858881645772, 4.2555639597178345, 2.5952034480480215]","(512, 256)",0.05,159412.8203125,local,15625.0,"[1.0, 1.0]","[1.0, 1.0]",,0.0,"[1.0, 1.0]",,,,,,,,,,,,
cif_nov13_br16,0,ctx,1000,random,local,False,0.1989,0.6799999999999999,"[110, 98, 106, 107, 104, 117, 86, 101, 83, 88]",609.9594175815582,,,,,"[0.8660826299423745, 0.8148809523809524]",1.0,"[8.914858881645769, 6.790853617726112, 4.243702021819984]","(512, 256)",0.05,159412.8203125,local,15625.0,"[0.756986125, 0.8468485]","[0.2041339563627243, 0.18473928665030004]",,0.0,"[0.756986125, 0.8468485]",0.056256,,,,,,,,,,,
cif_nov13_br16,1,ctx,1000,random,local,False,0.1829,0.704875,"[107, 113, 100, 101, 101, 127, 90, 81, 92, 88]",420.1811604499817,,,,,"[0.8527489921947419, 0.848868258178603]",1.0,"[8.914858881645769, 6.167762949647935, 4.176629856004469]","(512, 256)",0.05,159412.8203125,local,15625.0,"[0.75593375, 0.85422775]","[0.20375528118920327, 0.18778009792417288]",,0.0,"[0.75593375, 0.85422775]",0.0576,,,,,,,,,,,
cif_nov13_br16,2,ctx,1000,random,local,False,0.1946,0.677625,"[99, 90, 84, 107, 88, 104, 104, 105, 109, 110]",300.36226439476013,,,,,"[0.837702845487016, 0.8559310344827586]",1.0,"[8.914858881645772, 7.711152816860402, 4.412018055525631]","(512, 256)",0.05,159412.8203125,local,15625.0,"[0.758028625, 0.85215675]","[0.2085784482064247, 0.1547438732585907]",,0.0,"[0.758028625, 0.85215675]",0.054272,,,,,,,,,,,
cif_prog03_br16,0,ctx,1000,random,local,False,0.2677,0.345,"[110, 98, 106, 107, 104, 117, 86, 101, 83, 88]",730.4574999809265,,,,,"[0.9328501529798695, 0.8904231442910687]",1.0,"[8.914858881645772, 16.803058547394883, 6.073739546185704]","(512, 256)",0.05,159412.8203125,local,15625.0,"[0.840001125, 0.90761125]","[0.5016662333526611, 0.5133714571362734]",,0.0,"[0.840001125, 0.90761125]",0.99584,,,,,,,,,,,
cif_prog03_br16,1,ctx,1000,random,local,False,0.2691,0.369625,"[107, 113, 100, 101, 101, 127, 90, 81, 92, 88]",748.2464601993561,,,,,"[0.9105627723953862, 0.8788461538461538]",1.0,"[8.914858881645772, 11.776752263486971, 3.387331354311925]","(512, 256)",0.05,159412.8203125,local,15625.0,"[0.841417625, 0.90443575]","[0.49812699026632307, 0.5145986465297937]",,0.0,"[0.841417625, 0.90443575]",0.985792,,,,,,,,,,,
cif_prog03_br16,2,ctx,1000,random,local,False,0.2798,0.39337500000000003,"[99, 90, 84, 107, 88, 104, 104, 105, 109, 110]",652.3259749412537,,,,,"[0.9249611950931564, 0.9150933520670362]",1.0,"[8.914858881645772, 11.70075745545728, 5.331265767574555]","(512, 256)",0.05,159412.8203125,local,15625.0,"[0.843044125, 0.90949125]","[0.5008912882289887, 0.5121944522753358]",,0.0,"[0.843044125, 0.90949125]",0.994624,,,,,,,,,,,
cif_prog03_static,0,ctx,1000,random,local,True,0.2577,0.0,"[90, 105, 95, 105, 100, 97, 98, 108, 91, 111]",705.5725283622742,,,,,"[nan, nan]",,"[8.914858881645772, 13.884258020652695, 9.990759856714103]","(512, 256)",0.05,159412.8203125,local,15625.0,"[0.856406, 0.92625575]","[0.5014088349323272, 0.5411657731243372]",,0.0,"[0.856406, 0.92625575]",1.0,,,,,,,,,,,
cif_prog03_static,1,ctx,1000,random,local,True,0.2593,0.0,"[91, 105, 106, 111, 87, 94, 99, 107, 93, 107]",702.2461271286011,,,,,"[nan, nan]",,"[8.914858881645772, 12.381217668899165, 10.936607571773768]","(512, 256)",0.05,159412.8203125,local,15625.0,"[0.8654185, 0.92658825]","[0.5013917290878296, 0.5381789101572036]",,0.0,"[0.8654185, 0.92658825]",1.0,,,,,,,,,,,
cif_prog03_static,2,ctx,1000,random,local,True,0.242,0.0,"[114, 98, 94, 107, 95, 115, 86, 92, 86, 113]",667.8244950771332,,,,,"[nan, nan]",,"[8.914858881645772, 12.956182341621833, 9.197535679964473]","(512, 256)",0.05,159412.8203125,local,15625.0,"[0.8636015, 0.92472575]","[0.5016198234122395, 0.5409647122861146]",,0.0,"[0.8636015, 0.92472575]",1.0,,,,,,,,,,,
cif_refr_br16,0,ctx,1000,random,local,False,0.2712,0.34924999999999995,"[110, 98, 106, 107, 104, 117, 86, 101, 83, 88]",801.8412437438965,,,,,"[0.9229110036468908, 0.906078631452581]",1.0,"[8.914858881645772, 15.2991778460948, 6.6113438161828855]","(512, 256)",0.05,159412.8203125,local,15625.0,"[0.845014625, 0.9088515]","[0.5024909722952843, 0.5154803477464914]",,0.0,"[0.845014625, 0.9088515]",,,,,,,,,,,,
cif_refr_br16,1,ctx,1000,random,local,False,0.2536,0.39825,"[107, 113, 100, 101, 101, 127, 90, 81, 92, 88]",803.1726801395416,,,,,"[0.9144706769062493, 0.915127441244621]",1.0,"[8.914858881645772, 14.298226583985336, 4.29783439000296]","(512, 256)",0.05,159412.8203125,local,15625.0,"[0.843764625, 0.90657375]","[0.5030550257062912, 0.5198802115784884]",,0.0,"[0.843764625, 0.90657375]",,,,,,,,,,,,
cif_refr_br16,2,ctx,1000,random,local,False,0.2877,0.38225,"[99, 90, 84, 107, 88, 104, 104, 105, 109, 110]",827.4962944984436,,,,,"[0.9268345524965989, 0.8799475524475524]",1.0,"[8.914858881645772, 12.423652475287394, 4.783369117719635]","(512, 256)",0.05,159412.8203125,local,15625.0,"[0.845164625, 0.90721525]","[0.5027563781814576, 0.5169963051539064]",,0.0,"[0.845164625, 0.90721525]",,,,,,,,,,,,
cif_rp4_br16,0,ctx,1000,random,local,False,0.1914,0.6992499999999999,"[110, 98, 106, 107, 104, 117, 86, 101, 83, 88]",797.4849259853363,,,,,"[0.8381496775386849, 0.8897687245087134]",1.0,"[8.914858881645772, 5.441466796773394, 3.341653783879099]","(512, 256)",0.05,159412.8203125,local,15625.0,"[0.77138375, 0.8610745]","[0.20569507727456093, 0.2569747917253971]",,0.0,"[0.77138375, 0.8610745]",,,,,,,,,,,,
cif_rp4_br16,1,ctx,1000,random,local,False,0.1843,0.698125,"[107, 113, 100, 101, 101, 127, 90, 81, 92, 88]",819.2082405090332,,,,,"[0.903148211606144, 0.9305236270753513]",1.0,"[8.914858881645772, 4.671017983323651, 2.888466573085476]","(512, 256)",0.05,159412.8203125,local,15625.0,"[0.77231775, 0.869063]","[0.20284103313469887, 0.2539790261877775]",,0.0,"[0.77231775, 0.869063]",,,,,,,,,,,,
cif_rp4_br16,2,ctx,1000,random,local,False,0.1892,0.708375,"[99, 90, 84, 107, 88, 104, 104, 105, 109, 110]",1055.1218917369843,,,,,"[0.8702962726056367, 0.8168541397750323]",1.0,"[8.914858881645772, 7.771813864520791, 2.6235808393741884]","(512, 256)",0.05,159412.8203125,local,15625.0,"[0.763123625, 0.859964]","[0.21217121672296524, 0.2834538785733581]",,0.0,"[0.763123625, 0.859964]",,,,,,,,,,,,
cif_s10_ctx_none,0,ctx,1000,random,,False,0.1645,0.78125,"[104, 96, 84, 108, 102, 103, 101, 110, 87, 105]",31.499793767929077,,,,,"[0.8969026773038886, 0.8446663111906965]",1.0,"[8.914858881645772, 12.760724268513835, 4.920942817619801]","(512, 256)",0.1,161462.83984375,,,,,,,,,,,,,,,,,,,
cif_s10_ctx_none,1,ctx,1000,random,,False,0.1657,0.785875,"[88, 102, 106, 90, 110, 92, 99, 97, 102, 114]",28.82957696914673,,,,,"[0.9115246759041901, 0.8383462980583456]",1.0,"[8.914858881645772, 11.39034817490644, 4.738539608899638]","(512, 256)",0.1,161462.83984375,,,,,,,,,,,,,,,,,,,
cif_s10_ctx_none,2,ctx,1000,random,,False,0.1626,0.7855,"[89, 108, 102, 94, 86, 94, 119, 110, 106, 92]",29.706480264663696,,,,,"[0.8639781444486591, 0.9229877529877528]",1.0,"[8.914858881645772, 9.621051167999285, 6.067342945410577]","(512, 256)",0.1,161462.83984375,,,,,,,,,,,,,,,,,,,
cif_s10_night,0,ctx,1000,random,nrem,False,0.2614,0.45025,"[77, 114, 119, 90, 97, 101, 118, 91, 103, 90]",43.910609006881714,,,,,"[0.9270466611651033, 0.893721677998423]",1.0,"[8.914858881645772, 5.104834524053153, 6.13625799600637]","(512, 256)",0.1,161447.19651412964,,,,,,,,,,,,,,,,,,,
cif_s10_night,1,ctx,1000,random,nrem,False,0.2564,0.47250000000000003,"[97, 102, 116, 106, 97, 111, 83, 98, 102, 88]",41.9501519203186,,,,,"[0.943367714644294, 0.8235130846718709]",1.0,"[8.914858881645772, 9.674349074791266, 6.433155008618324]","(512, 256)",0.1,161438.94650650024,,,,,,,,,,,,,,,,,,,
cif_s10_night,2,ctx,1000,random,nrem,False,0.2677,0.44912500000000005,"[106, 79, 100, 92, 106, 97, 116, 92, 90, 122]",43.229551553726196,,,,,"[0.9229269707411802, 0.8632067592514747]",1.0,"[8.914858881645772, 6.628370366586776, 4.322098490607204]","(512, 256)",0.1,161409.61318206787,,,,,,,,,,,,,,,,,,,
cif_s10_sgd_none,0,ctx,1000,random,local,False,0.1051,0.4755,"[110, 98, 106, 107, 104, 117, 86, 101, 83, 88]",389.567663192749,,,,,"[0.9896477663230241, 0.8118587463621789]",1.0,"[8.914858881645772, 4.484541439293967, 4.245410095411286]","(512, 256)",0.1,161358.2265110016,local,15625.0,"[1.0, 1.0]","[1.0, 1.0]",,0.0,"[1.0, 1.0]",,,,,,,,,,,,
cif_s10_sgd_none,1,ctx,1000,random,local,False,0.178,0.460125,"[107, 113, 100, 101, 101, 127, 90, 81, 92, 88]",312.32070231437683,,,,,"[0.9670589212353417, 0.8096803438256744]",1.0,"[8.914858881645772, 4.322277356438487, 2.4558130901341833]","(512, 256)",0.1,161453.15650177002,local,15625.0,"[1.0, 1.0]","[1.0, 1.0]",,0.0,"[1.0, 1.0]",,,,,,,,,,,,
cif_s10_sgd_none,2,ctx,1000,random,local,False,0.2263,0.48812500000000003,"[99, 90, 84, 107, 88, 104, 104, 105, 109, 110]",302.5445911884308,,,,,"[0.9669541905204839, 0.8333438938756018]",1.0,"[8.914858881645772, 4.2261974194841105, 4.967179839695467]","(512, 256)",0.1,161425.69651794434,local,15625.0,"[1.0, 1.0]","[1.0, 1.0]",,0.0,"[1.0, 1.0]",,,,,,,,,,,,
cif_s10_sgd_none_static,0,ctx,1000,random,local,True,0.2637,0.0,"[90, 105, 95, 105, 100, 97, 98, 108, 91, 111]",418.37038373947144,,,,,"[nan, nan]",,"[8.914858881645772, 20.173761004702264, 12.351894139520551]","(512, 256)",0.1,161462.83984375,local,15625.0,"[1.0, 1.0]","[1.0, 1.0]",,0.0,"[1.0, 1.0]",,,,,,,,,,,,
cif_s10_sgd_none_static,1,ctx,1000,random,local,True,0.3148,0.0,"[91, 105, 106, 111, 87, 94, 99, 107, 93, 107]",296.8512933254242,,,,,"[nan, nan]",,"[8.914858881645772, 21.385237255872728, 11.728051095015177]","(512, 256)",0.1,161462.83984375,local,15625.0,"[1.0, 1.0]","[1.0, 1.0]",,0.0,"[1.0, 1.0]",,,,,,,,,,,,
cif_s10_sgd_none_static,2,ctx,1000,random,local,True,0.3079,0.0,"[114, 98, 94, 107, 95, 115, 86, 92, 86, 113]",262.2161543369293,,,,,"[nan, nan]",,"[8.914858881645772, 22.109375206691, 14.275290392441226]","(512, 256)",0.1,161462.83984375,local,15625.0,"[1.0, 1.0]","[1.0, 1.0]",,0.0,"[1.0, 1.0]",,,,,,,,,,,,
cif_s10_sgd_refr,0,ctx,1000,random,local,False,0.2893,0.312125,"[110, 98, 106, 107, 104, 117, 86, 101, 83, 88]",374.2040390968323,,,,,"[0.9185487520801832, 1.0]",1.0,"[8.914858881645772, 18.611177637360985, 15.600365379597406]","(512, 256)",0.1,161462.83984375,local,15625.0,"[0.619157125, 0.84906125]","[0.5054085575509072, 0.5079661388001442]",,0.0,"[0.619157125, 0.84906125]",,,,,,,,,,,,
cif_s10_sgd_refr,1,ctx,1000,random,local,False,0.3044,0.3045,"[107, 113, 100, 101, 101, 127, 90, 81, 92, 88]",326.05269169807434,,,,,"[0.9576430259309612, 0.9423753385509361]",1.0,"[8.914858881645772, 16.47381086240112, 12.276594992539202]","(512, 256)",0.1,161462.83984375,local,15625.0,"[0.617205875, 0.84873075]","[0.5057628696174622, 0.507156514588356]",,0.0,"[0.617205875, 0.84873075]",,,,,,,,,,,,
cif_s10_sgd_refr,2,ctx,1000,random,local,False,0.2902,0.36062500000000003,"[99, 90, 84, 107, 88, 104, 104, 105, 109, 110]",311.01634407043457,,,,,"[0.9402682351873779, 0.95]",1.0,"[8.914858881645772, 16.17386897199164, 10.920311699096066]","(512, 256)",0.1,161462.83984375,local,15625.0,"[0.62238425, 0.84852675]","[0.5053755915231705, 0.5081460747768879]",,0.0,"[0.62238425, 0.84852675]",,,,,,,,,,,,
cif_s10_sgd_refr_static,0,ctx,1000,random,local,True,0.2709,0.0,"[90, 105, 95, 105, 100, 97, 98, 108, 91, 111]",342.12733602523804,,,,,"[nan, nan]",,"[8.914858881645772, 12.107304974097802, 13.451076199832059]","(512, 256)",0.1,161462.83984375,local,15625.0,"[0.63980775, 0.8484305]","[0.5035288895845413, 0.5055655312194824]",,0.0,"[0.63980775, 0.8484305]",,,,,,,,,,,,
cif_s10_sgd_refr_static,1,ctx,1000,random,local,True,0.2762,0.0,"[91, 105, 106, 111, 87, 94, 99, 107, 93, 107]",324.489848613739,,,,,"[nan, nan]",,"[8.914858881645772, 11.680049949122983, 12.869267783411098]","(512, 256)",0.1,161462.83984375,local,15625.0,"[0.633239625, 0.84643325]","[0.5036544169616699, 0.5049317157459259]",,0.0,"[0.633239625, 0.84643325]",,,,,,,,,,,,
cif_s10_sgd_refr_static,2,ctx,1000,random,local,True,0.2795,0.0,"[114, 98, 94, 107, 95, 115, 86, 92, 86, 113]",296.3422996997833,,,,,"[nan, nan]",,"[8.914858881645772, 13.894573576057983, 16.526316982923703]","(512, 256)",0.1,161462.83984375,local,15625.0,"[0.641777, 0.850629]","[0.5035626179351806, 0.5042234962177277]",,0.0,"[0.641777, 0.850629]",,,,,,,,,,,,
cif_sgd_refr_e01,0,ctx,1000,random,local,False,0.2562,0.35974999999999996,"[110, 98, 106, 107, 104, 117, 86, 101, 83, 88]",292.5739846229553,,,,,"[0.8786238992700188, 0.9694685990338165]",1.0,"[8.914858881645772, 16.003599662270297, 15.35692105632082]","(512, 256)",0.05,159412.8203125,local,15625.0,"[0.75774425, 0.9124715]","[0.5155146267423629, 0.5125620561908484]",,0.0,"[0.75774425, 0.9124715]",,,,,,,,,,,,
cif_sgd_refr_e01,1,ctx,1000,random,local,False,0.2781,0.35662499999999997,"[107, 113, 100, 101, 101, 127, 90, 81, 92, 88]",290.70759105682373,,,,,"[0.8720304038534945, 0.8466830466830467]",1.0,"[8.914858881645772, 12.729418045876322, 8.246480906397185]","(512, 256)",0.05,159412.8203125,local,15625.0,"[0.75866675, 0.912875]","[0.5162127451667786, 0.5116547993192673]",,0.0,"[0.75866675, 0.912875]",,,,,,,,,,,,
cif_sgd_refr_e01,2,ctx,1000,random,local,False,0.2823,0.402875,"[99, 90, 84, 107, 88, 104, 104, 105, 109, 110]",288.5487015247345,,,,,"[0.8945086061751274, 0.9153488372093024]",1.0,"[8.914858881645772, 15.540404863957122, 15.045037888385144]","(512, 256)",0.05,159412.8203125,local,15625.0,"[0.7585565, 0.91233775]","[0.5163229338216782, 0.5110139230415821]",,0.0,"[0.7585565, 0.91233775]",,,,,,,,,,,,
cif_sgd_refr_e01_static,0,ctx,1000,random,local,True,0.211,0.0,"[90, 105, 95, 105, 100, 97, 98, 108, 91, 111]",292.1926257610321,,,,,"[nan, nan]",,"[8.914858881645772, 9.664802334361953, 10.478287551020276]","(512, 256)",0.05,159412.8203125,local,15625.0,"[0.778657375, 0.927726]","[0.510739155418396, 0.5349779351100922]",,0.0,"[0.778657375, 0.927726]",,,,,,,,,,,,
cif_sgd_refr_e01_static,1,ctx,1000,random,local,True,0.2511,0.0,"[91, 105, 106, 111, 87, 94, 99, 107, 93, 107]",288.9324369430542,,,,,"[nan, nan]",,"[8.914858881645772, 8.14263875866221, 9.902221098087633]","(512, 256)",0.05,159412.8203125,local,15625.0,"[0.7741645, 0.927452]","[0.5116410846576691, 0.5320826306591034]",,0.0,"[0.7741645, 0.927452]",,,,,,,,,,,,
cif_sgd_refr_e01_static,2,ctx,1000,random,local,True,0.231,0.0,"[114, 98, 94, 107, 95, 115, 86, 92, 86, 113]",284.9303615093231,,,,,"[nan, nan]",,"[8.914858881645772, 11.168381304514794, 8.988007881596028]","(512, 256)",0.05,159412.8203125,local,15625.0,"[0.77902725, 0.92799475]","[0.511252049905777, 0.519653514421463]",,0.0,"[0.77902725, 0.92799475]",,,,,,,,,,,,
cif_sgd_refr_e02,0,ctx,1000,random,local,False,0.244,0.36175,"[110, 98, 106, 107, 104, 117, 86, 101, 83, 88]",292.62614154815674,,,,,"[0.8798045618150974, 0.838304789262614]",1.0,"[8.914858881645772, 15.827394609325506, 17.864923776912256]","(512, 256)",0.05,159412.8203125,local,15625.0,"[0.790746875, 0.89617175]","[0.5104983878121376, 0.5312438363199234]",,0.0,"[0.790746875, 0.89617175]",,,,,,,,,,,,
cif_sgd_refr_e02,1,ctx,1000,random,local,False,0.2761,0.38537499999999997,"[107, 113, 100, 101, 101, 127, 90, 81, 92, 88]",286.3893303871155,,,,,"[0.843142683229751, 0.801052120316126]",1.0,"[8.914858881645772, 14.001939156196695, 12.042167621906259]","(512, 256)",0.05,159412.8203125,local,15625.0,"[0.781506875, 0.904866]","[0.5124287536916733, 0.5248176445331574]",,0.0,"[0.781506875, 0.904866]",,,,,,,,,,,,
cif_sgd_refr_e02,2,ctx,1000,random,local,False,0.2866,0.40900000000000003,"[99, 90, 84, 107, 88, 104, 104, 105, 109, 110]",291.90934896469116,,,,,"[0.8863146637385271, 0.8074107186743736]",1.0,"[8.914858881645772, 12.545358775606294, 7.0576678485172035]","(512, 256)",0.05,159412.8203125,local,15625.0,"[0.7921025, 0.89860325]","[0.5104556147599221, 0.5314292662186623]",,0.0,"[0.7921025, 0.89860325]",,,,,,,,,,,,
cif_sgd_refr_e02_static,0,ctx,1000,random,local,True,0.2387,0.0,"[90, 105, 95, 105, 100, 97, 98, 108, 91, 111]",289.43312335014343,,,,,"[nan, nan]",,"[8.914858881645772, 12.129499542600545, 12.449549171967332]","(512, 256)",0.05,159412.8203125,local,15625.0,"[0.782638, 0.93185525]","[0.5080210566177368, 0.5335723487491608]",,0.0,"[0.782638, 0.93185525]",,,,,,,,,,,,
cif_sgd_refr_e02_static,1,ctx,1000,random,local,True,0.2571,0.0,"[91, 105, 106, 111, 87, 94, 99, 107, 93, 107]",286.21039605140686,,,,,"[nan, nan]",,"[8.914858881645772, 13.00863172624953, 9.502288772781714]","(512, 256)",0.05,159412.8203125,local,15625.0,"[0.77998925, 0.9292835]","[0.5087609710292816, 0.5399157422409058]",,0.0,"[0.77998925, 0.9292835]",,,,,,,,,,,,
cif_sgd_refr_e02_static,2,ctx,1000,random,local,True,0.2698,0.0,"[114, 98, 94, 107, 95, 115, 86, 92, 86, 113]",286.23230934143066,,,,,"[nan, nan]",,"[8.914858881645772, 11.896049882460472, 10.924231758534155]","(512, 256)",0.05,159412.8203125,local,15625.0,"[0.780957125, 0.9306725]","[0.5086318744754791, 0.5310094201259613]",,0.0,"[0.780957125, 0.9306725]",,,,,,,,,,,,
cif_sgd_refr_e05,0,ctx,1000,random,local,False,0.2027,0.45962499999999995,"[110, 98, 106, 107, 104, 117, 86, 101, 83, 88]",290.51634192466736,,,,,"[0.8975538143060847, 0.798115444620797]",1.0,"[8.914858881645772, 13.490583446480276, 19.768618783634732]","(512, 256)",0.05,159398.6136455536,local,15625.0,"[0.81897875, 0.8718485]","[0.5059474270477295, 0.5659164131612777]",,0.0,"[0.81897875, 0.8718485]",,,,,,,,,,,,
cif_sgd_refr_e05,1,ctx,1000,random,local,False,0.2341,0.44912499999999994,"[107, 113, 100, 101, 101, 127, 90, 81, 92, 88]",287.547354221344,,,,,"[0.9120422638116585, 0.7590684162423293]",1.0,"[8.914858881645772, 15.740224449391373, 13.80213694496008]","(512, 256)",0.05,159388.2736415863,local,15625.0,"[0.81567475, 0.87387375]","[0.5068953696074486, 0.5582048123922349]",,0.0,"[0.81567475, 0.87387375]",,,,,,,,,,,,
cif_sgd_refr_e05,2,ctx,1000,random,local,False,0.23,0.482375,"[99, 90, 84, 107, 88, 104, 104, 105, 109, 110]",291.4382243156433,,,,,"[0.908600223983188, 0.7977082224194024]",1.0,"[8.914858881645772, 10.61089952619144, 9.628929932778528]","(512, 256)",0.05,159393.41697883606,local,15625.0,"[0.818954125, 0.871912]","[0.5058791380319595, 0.5572189244580269]",,0.0,"[0.818954125, 0.871912]",,,,,,,,,,,,
cif_sgd_refr_e05_static,0,ctx,1000,random,local,True,0.2196,0.0,"[90, 105, 95, 105, 100, 97, 98, 108, 91, 111]",290.5786645412445,,,,,"[nan, nan]",,"[8.914858881645772, 20.398424065317144, 16.303889453310994]","(512, 256)",0.05,159412.8203125,local,15625.0,"[0.794600375, 0.93139375]","[0.5074085867900848, 0.5210596505203247]",,0.0,"[0.794600375, 0.93139375]",,,,,,,,,,,,
cif_sgd_refr_e05_static,1,ctx,1000,random,local,True,0.2479,0.0,"[91, 105, 106, 111, 87, 94, 99, 107, 93, 107]",287.9644184112549,,,,,"[nan, nan]",,"[8.914858881645772, 13.179314866461741, 12.086237649981015]","(512, 256)",0.05,159412.8203125,local,15625.0,"[0.798708125, 0.927573]","[0.5071547828502655, 0.5254423696956635]",,0.0,"[0.798708125, 0.927573]",,,,,,,,,,,,
cif_sgd_refr_e05_static,2,ctx,1000,random,local,True,0.2518,0.0,"[114, 98, 94, 107, 95, 115, 86, 92, 86, 113]",294.9966471195221,,,,,"[nan, nan]",,"[8.914858881645772, 14.236471096241177, 11.707061421790293]","(512, 256)",0.05,159412.8203125,local,15625.0,"[0.81744825, 0.92507675]","[0.5052966434497833, 0.5235541322250367]",,0.0,"[0.81744825, 0.92507675]",,,,,,,,,,,,
cif_static_none,0,ctx,1000,random,local,True,0.2154,0.0,"[90, 105, 95, 105, 100, 97, 98, 108, 91, 111]",799.4298853874207,,,,,"[nan, nan]",,"[8.914858881645772, 10.283959170949036, 5.696634539726925]","(512, 256)",0.05,159412.8203125,local,15625.0,"[1.0, 1.0]","[1.0, 1.0]",,0.0,"[1.0, 1.0]",,,,,,,,,,,,
cif_static_none,1,ctx,1000,random,local,True,0.2276,0.0,"[91, 105, 106, 111, 87, 94, 99, 107, 93, 107]",826.1629619598389,,,,,"[nan, nan]",,"[8.914858881645772, 8.161804097954269, 6.715000814741257]","(512, 256)",0.05,159412.8203125,local,15625.0,"[1.0, 1.0]","[1.0, 1.0]",,0.0,"[1.0, 1.0]",,,,,,,,,,,,
cif_static_none,2,ctx,1000,random,local,True,0.2407,0.0,"[114, 98, 94, 107, 95, 115, 86, 92, 86, 113]",824.3850319385529,,,,,"[nan, nan]",,"[8.914858881645772, 8.735390809462713, 5.661178905163903]","(512, 256)",0.05,159412.8203125,local,15625.0,"[1.0, 1.0]","[1.0, 1.0]",,0.0,"[1.0, 1.0]",,,,,,,,,,,,
cif_static_refr,0,ctx,1000,random,local,True,0.2577,0.0,"[90, 105, 95, 105, 100, 97, 98, 108, 91, 111]",653.0338199138641,,,,,"[nan, nan]",,"[8.914858881645772, 13.884258020652695, 9.990759856714103]","(512, 256)",0.05,159412.8203125,local,15625.0,"[0.856406, 0.92625575]","[0.5014088349323272, 0.5411657731243372]",,0.0,"[0.856406, 0.92625575]",,,,,,,,,,,,
cif_static_refr,1,ctx,1000,random,local,True,0.2593,0.0,"[91, 105, 106, 111, 87, 94, 99, 107, 93, 107]",834.2040278911591,,,,,"[nan, nan]",,"[8.914858881645772, 12.381217668899165, 10.936607571773768]","(512, 256)",0.05,159412.8203125,local,15625.0,"[0.8654185, 0.92658825]","[0.5013917290878296, 0.5381789101572036]",,0.0,"[0.8654185, 0.92658825]",,,,,,,,,,,,
cif_static_refr,2,ctx,1000,random,local,True,0.242,0.0,"[114, 98, 94, 107, 95, 115, 86, 92, 86, 113]",955.0180857181549,,,,,"[nan, nan]",,"[8.914858881645772, 12.956182341621833, 9.197535679964473]","(512, 256)",0.05,159412.8203125,local,15625.0,"[0.8636015, 0.92472575]","[0.5016198234122395, 0.5409647122861146]",,0.0,"[0.8636015, 0.92472575]",,,,,,,,,,,,
cif_static_rp4,0,ctx,1000,random,local,True,0.3099,0.0,"[90, 105, 95, 105, 100, 97, 98, 108, 91, 111]",826.3700571060181,,,,,"[nan, nan]",,"[8.914858881645772, 13.351771348685007, 12.936922565948867]","(512, 256)",0.05,159412.8203125,local,15625.0,"[0.732827875, 0.85340425]","[0.11229102362948656, 0.1814998429824114]",,0.0,"[0.732827875, 0.85340425]",,,,,,,,,,,,
cif_static_rp4,1,ctx,1000,random,local,True,0.2741,0.0,"[91, 105, 106, 111, 87, 94, 99, 107, 93, 107]",831.6172142028809,,,,,"[nan, nan]",,"[8.914858881645772, 12.602757233971936, 10.495132737531844]","(512, 256)",0.05,159412.8203125,local,15625.0,"[0.751192125, 0.86016075]","[0.10211722719472646, 0.17893297128605842]",,0.0,"[0.751192125, 0.86016075]",,,,,,,,,,,,
cif_static_rp4,2,ctx,1000,random,local,True,0.2937,0.0,"[114, 98, 94, 107, 95, 115, 86, 92, 86, 113]",1016.5820739269257,,,,,"[nan, nan]",,"[8.914858881645772, 13.694449329744378, 9.246426687496289]","(512, 256)",0.05,159412.8203125,local,15625.0,"[0.74453375, 0.86590375]","[0.10530676892375947, 0.18490318370866776]",,0.0,"[0.74453375, 0.86590375]",,,,,,,,,,,,
ctx_er_1000,0,ctx,1000,random,er,False,0.8594,0.15127648141770664,"[106, 110, 95, 91, 105, 80, 114, 87, 96, 116]",35.519856214523315,,,,,,,,,,,,,,,,,,,,,,,,,,,,,
ctx_er_1000,1,ctx,1000,random,er,False,0.8863,0.11714270029597848,"[92, 119, 95, 92, 100, 101, 102, 101, 83, 115]",35.51972985267639,,,,,,,,,,,,,,,,,,,,,,,,,,,,,
ctx_er_1000,2,ctx,1000,random,er,False,0.857,0.15510704961933852,"[107, 116, 94, 112, 88, 79, 107, 95, 87, 115]",35.36280012130737,,,,,,,,,,,,,,,,,,,,,,,,,,,,,
ctx_none,0,ctx,0,,,False,0.1952,0.9942936039362761,"[0, 0, 0, 0, 0, 0, 0, 0, 0, 0]",21.38875699043274,,,,,,,,,,,,,,,,,,,,,,,,,,,,,
ctx_none,1,ctx,0,,,False,0.195,0.9962965243043311,"[0, 0, 0, 0, 0, 0, 0, 0, 0, 0]",21.30245304107666,,,,,,,,,,,,,,,,,,,,,,,,,,,,,
ctx_none,2,ctx,0,,,False,0.1948,0.9949168789276783,"[0, 0, 0, 0, 0, 0, 0, 0, 0, 0]",21.397162675857544,,,,,,,,,,,,,,,,,,,,,,,,,,,,,
ctx_none_w512s5,0,ctx,0,,,False,0.1954,0.9960220374810653,"[0, 0, 0, 0, 0, 0, 0, 0, 0, 0]",29.784934282302856,,,,,"[0.6656884704050382, 0.7821682761682761]",0.79223686439895,"[62.34277391311183, 20.532697240457455, 1.9952986605627938]","(512, 256)",0.05,112257.65270996094,,,,,,,,,,,,,,,,,,,
ctx_none_w512s5,1,ctx,0,,,False,0.1955,0.996619600224522,"[0, 0, 0, 0, 0, 0, 0, 0, 0, 0]",28.925340175628662,,,,,"[0.5955823502325313, 0.7317266290542153]",0.79223686439895,"[62.34277391311183, 20.584062330593696, 1.8636560242259597]","(512, 256)",0.05,112257.65270996094,,,,,,,,,,,,,,,,,,,
ctx_none_w512s5,2,ctx,0,,,False,0.1955,0.9950991815955365,"[0, 0, 0, 0, 0, 0, 0, 0, 0, 0]",28.82968783378601,,,,,"[0.6445074350258909, 0.7567795619697735]",0.79223686439895,"[62.34277391311183, 18.824344079274045, 1.7067340469077157]","(512, 256)",0.05,112257.65270996094,,,,,,,,,,,,,,,,,,,
ctx_nrem_rand_1000_g2,0,ctx,1000,random,nrem,False,0.8872,0.08810029985622592,"[96, 120, 99, 105, 84, 92, 107, 109, 99, 89]",31.511212825775146,,,,,,,,,,,,,,,,,,,,,,,,,,,,,
ctx_nrem_rand_1000_g2,1,ctx,1000,random,nrem,False,0.8103,0.19854572055226502,"[115, 122, 95, 107, 94, 82, 92, 99, 103, 91]",31.381150245666504,,,,,,,,,,,,,,,,,,,,,,,,,,,,,
ctx_nrem_rand_1000_g2,2,ctx,1000,random,nrem,False,0.8931,0.07768753896943467,"[100, 100, 82, 96, 77, 103, 109, 114, 97, 122]",31.34933638572693,,,,,,,,,,,,,,,,,,,,,,,,,,,,,
ctx_nrem_rand_1000_nb16,0,ctx,1000,random,nrem,False,0.8252,0.1607183646404759,"[95, 103, 99, 83, 108, 98, 94, 111, 110, 99]",72.19041419029236,,,,,"[0.7372018361457996, 0.7381750844420101]",0.79223686439895,"[62.34277391311201, 14.553401476033104, 7.842661588069755]","(512, 256)",0.05,112257.65270996094,,,,,,,,,,,,,,,,,,,
ctx_nrem_rand_1000_nb16,1,ctx,1000,random,nrem,False,0.8134,0.17455811919733324,"[90, 117, 113, 95, 93, 90, 101, 103, 95, 103]",71.56213092803955,,,,,"[0.7677927188921699, 0.7401388487340173]",0.79223686439895,"[62.34277391311201, 14.034674893993138, 6.311474846323483]","(512, 256)",0.05,112257.65270996094,,,,,,,,,,,,,,,,,,,
ctx_nrem_rand_1000_nb16,2,ctx,1000,random,nrem,False,0.7927,0.1987433886226239,"[113, 113, 102, 85, 91, 88, 93, 109, 104, 102]",71.9551784992218,,,,,"[0.748114112653562, 0.7903384663511355]",0.79223686439895,"[62.34277391311201, 12.900867972173275, 6.6171571518942764]","(512, 256)",0.05,112257.65270996094,,,,,,,,,,,,,,,,,,,
ctx_nrem_rand_1000_nb64,0,ctx,1000,random,nrem,False,0.9082,0.05144268545991584,"[95, 101, 88, 109, 103, 83, 115, 105, 97, 104]",75.22701144218445,,,,,"[0.6615677514846303, 0.6869889457185282]",0.79223686439895,"[62.34277391311201, 15.889814236186094, 7.571513560064269]","(512, 256)",0.05,112257.65270996094,,,,,,,,,,,,,,,,,,,
ctx_nrem_rand_1000_nb64,1,ctx,1000,random,nrem,False,0.821,0.17003892261167877,"[103, 123, 117, 101, 82, 89, 97, 85, 94, 109]",75.09117484092712,,,,,"[0.7035949143610468, 0.7524173050843991]",0.79223686439895,"[62.34277391311201, 15.90967133958341, 7.431712616225028]","(512, 256)",0.05,112257.65270996094,,,,,,,,,,,,,,,,,,,
ctx_nrem_rand_1000_nb64,2,ctx,1000,random,nrem,False,0.9019,0.06102949207350736,"[104, 117, 112, 102, 99, 95, 92, 101, 95, 83]",71.17903399467468,,,,,"[0.6737565510921885, 0.6606316137929934]",0.79223686439895,"[62.34277391311201, 14.670579214063139, 8.369161088848054]","(512, 256)",0.05,112257.65270996094,,,,,,,,,,,,,,,,,,,
ctx_nrem_rand_1000,0,ctx,1000,random,nrem,False,0.9112,0.048625430729564656,"[96, 120, 99, 105, 84, 92, 107, 109, 99, 89]",32.59003925323486,,,,,,,,,,,,,,,,,,,,,,,,,,,,,
ctx_nrem_rand_1000,1,ctx,1000,random,nrem,False,0.9036,0.06918517549467154,"[115, 122, 95, 107, 94, 82, 92, 99, 103, 91]",32.52326965332031,,,,,,,,,,,,,,,,,,,,,,,,,,,,,
ctx_nrem_rand_1000,2,ctx,1000,random,nrem,False,0.9058,0.06414542074110388,"[100, 100, 82, 96, 77, 103, 109, 114, 97, 122]",32.634621381759644,,,,,,,,,,,,,,,,,,,,,,,,,,,,,
ctx_nrem_rand_1000_w512,0,ctx,1000,random,nrem,False,0.8451,0.15131813387404916,"[96, 120, 99, 105, 84, 92, 107, 109, 99, 89]",84.59664487838745,,,,,"[0.6920580528604929, 0.7607010881951007]",0.79223686439895,"[62.34277391311201, 15.368679095807032, 7.6397246193450945]","(512, 256)",0.05,112257.65270996094,,,,,,,,,,,,,,,,,,,
ctx_nrem_rand_1000_w512,1,ctx,1000,random,nrem,False,0.8267,0.18034799100390606,"[115, 122, 95, 107, 94, 82, 92, 99, 103, 91]",83.48609781265259,,,,,"[0.6918734642154118, 0.7503714063714063]",0.79223686439895,"[62.34277391311201, 15.873186748965923, 7.735814183812913]","(512, 256)",0.05,112257.65270996094,,,,,,,,,,,,,,,,,,,
ctx_nrem_rand_1000_w512,2,ctx,1000,random,nrem,False,0.8514,0.15093954732678003,"[100, 100, 82, 96, 77, 103, 109, 114, 97, 122]",79.71944284439087,,,,,"[0.7280996171209126, 0.7296357831849097]",0.79223686439895,"[62.34277391311201, 13.095423631296738, 7.383732448408461]","(512, 256)",0.05,112257.65270996094,,,,,,,,,,,,,,,,,,,
ctx_nrem_rand_200,0,ctx,200,random,nrem,False,0.8614,0.11730575835736731,"[24, 21, 20, 17, 26, 15, 14, 23, 21, 19]",34.34671187400818,,,,,,,,,,,,,,,,,,,,,,,,,,,,,
ctx_nrem_rand_200,1,ctx,200,random,nrem,False,0.8711,0.11881176732655477,"[9, 14, 17, 27, 19, 22, 26, 19, 19, 28]",34.21632742881775,,,,,,,,,,,,,,,,,,,,,,,,,,,,,
ctx_nrem_rand_200,2,ctx,200,random,nrem,False,0.8746,0.09568432191309492,"[23, 21, 21, 19, 21, 24, 12, 20, 18, 21]",34.14465618133545,,,,,,,,,,,,,,,,,,,,,,,,,,,,,
ctx_nrem_rand_5000_R40,0,ctx,5000,random,nrem,False,0.9328,0.03722804479176589,"[514, 533, 474, 524, 493, 464, 533, 489, 496, 480]",42.011130571365356,,,,,,,,,,,,,,,,,,,,,,,,,,,,,
ctx_nrem_rand_5000_R40,1,ctx,5000,random,nrem,False,0.941,0.02875359674006492,"[508, 579, 473, 489, 473, 474, 462, 553, 499, 490]",42.028862953186035,,,,,,,,,,,,,,,,,,,,,,,,,,,,,
ctx_nrem_rand_5000_R40,2,ctx,5000,random,nrem,False,0.9347,0.032025787996574295,"[499, 518, 502, 498, 534, 464, 499, 516, 500, 470]",42.18197560310364,,,,,,,,,,,,,,,,,,,,,,,,,,,,,
ctx_nrem_rand_5000_g2,0,ctx,5000,random,nrem,False,0.8287,0.160765404317936,"[494, 580, 502, 512, 479, 428, 501, 523, 508, 473]",31.921016454696655,,,,,,,,,,,,,,,,,,,,,,,,,,,,,
ctx_nrem_rand_5000_g2,1,ctx,5000,random,nrem,False,0.8817,0.09825424370241001,"[521, 552, 496, 527, 478, 443, 493, 506, 507, 477]",32.09868597984314,,,,,,,,,,,,,,,,,,,,,,,,,,,,,
ctx_nrem_rand_5000_g2,2,ctx,5000,random,nrem,False,0.8738,0.1064753700432507,"[476, 592, 471, 511, 500, 412, 500, 509, 511, 518]",32.316550493240356,,,,,,,,,,,,,,,,,,,,,,,,,,,,,
ctx_nrem_rand_5000,0,ctx,5000,random,nrem,False,0.9152,0.045009443161158624,"[494, 580, 502, 512, 479, 428, 501, 523, 508, 473]",32.96949005126953,,,,,,,,,,,,,,,,,,,,,,,,,,,,,
ctx_nrem_rand_5000,1,ctx,5000,random,nrem,False,0.904,0.04600717996052453,"[521, 552, 496, 527, 478, 443, 493, 506, 507, 477]",32.89404082298279,,,,,,,,,,,,,,,,,,,,,,,,,,,,,
ctx_nrem_rand_5000,2,ctx,5000,random,nrem,False,0.7962,0.21169517096818322,"[476, 592, 471, 511, 500, 412, 500, 509, 511, 518]",32.61400556564331,,,,,,,,,,,,,,,,,,,,,,,,,,,,,
ctx_nrem_surp_1000,0,ctx,1000,surprise,nrem,False,0.838,0.16575488129092839,"[157, 80, 113, 100, 45, 122, 100, 98, 127, 58]",31.098169088363647,,,,,,,,,,,,,,,,,,,,,,,,,,,,,
ctx_nrem_surp_1000,1,ctx,1000,surprise,nrem,False,0.8341,0.17521070739448014,"[88, 100, 106, 108, 62, 124, 107, 99, 128, 78]",31.146216869354248,,,,,,,,,,,,,,,,,,,,,,,,,,,,,
ctx_nrem_surp_1000,2,ctx,1000,surprise,nrem,False,0.8277,0.16505377476540403,"[146, 71, 103, 94, 65, 126, 86, 115, 113, 81]",31.04369330406189,,,,,,,,,,,,,,,,,,,,,,,,,,,,,
ctx_nrem_surp_200,0,ctx,200,surprise,nrem,False,0.8014,0.21649293280992235,"[25, 13, 15, 17, 16, 28, 15, 28, 22, 21]",29.02783751487732,,,,,,,,,,,,,,,,,,,,,,,,,,,,,
ctx_nrem_surp_200,1,ctx,200,surprise,nrem,False,0.7876,0.2275345012664904,"[14, 19, 21, 22, 16, 23, 21, 19, 28, 17]",28.922953128814697,,,,,,,,,,,,,,,,,,,,,,,,,,,,,
ctx_nrem_surp_200,2,ctx,200,surprise,nrem,False,0.8165,0.19684395109098793,"[36, 11, 28, 18, 14, 17, 22, 18, 22, 14]",28.82881784439087,,,,,,,,,,,,,,,,,,,,,,,,,,,,,
ctx_nrem_surp_5000,0,ctx,5000,surprise,nrem,False,0.8396,0.1591008407749231,"[688, 333, 483, 483, 323, 627, 483, 540, 724, 316]",30.670873403549194,,,,,,,,,,,,,,,,,,,,,,,,,,,,,
ctx_nrem_surp_5000,1,ctx,5000,surprise,nrem,False,0.8428,0.15151653683444422,"[531, 506, 549, 467, 297, 670, 544, 462, 634, 340]",30.394441604614258,,,,,,,,,,,,,,,,,,,,,,,,,,,,,
ctx_nrem_surp_5000,2,ctx,5000,surprise,nrem,False,0.8423,0.16177262997011543,"[791, 298, 498, 489, 300, 635, 547, 489, 599, 354]",30.36242961883545,,,,,,,,,,,,,,,,,,,,,,,,,,,,,
ctx_nrem_surpbal_1000,0,ctx,1000,surprise_bal,nrem,False,0.9208,0.04137650676485444,"[100, 100, 100, 100, 100, 100, 100, 100, 100, 100]",33.61509943008423,,,,,,,,,,,,,,,,,,,,,,,,,,,,,
ctx_nrem_surpbal_1000,1,ctx,1000,surprise_bal,nrem,False,0.9171,0.051003628150779134,"[100, 100, 100, 100, 100, 100, 100, 100, 100, 100]",33.46785593032837,,,,,,,,,,,,,,,,,,,,,,,,,,,,,
ctx_nrem_surpbal_1000,2,ctx,1000,surprise_bal,nrem,False,0.8318,0.1718790059382415,"[100, 100, 100, 100, 100, 100, 100, 100, 100, 100]",33.68928933143616,,,,,,,,,,,,,,,,,,,,,,,,,,,,,
ctx_nrem_surpbal_200,0,ctx,200,surprise_bal,nrem,False,0.8342,0.17585601231711556,"[20, 20, 20, 20, 20, 20, 20, 20, 20, 20]",27.457509517669678,,,,,,,,,,,,,,,,,,,,,,,,,,,,,
ctx_nrem_surpbal_200,1,ctx,200,surprise_bal,nrem,False,0.7923,0.23080541051558598,"[20, 20, 20, 20, 20, 20, 20, 20, 20, 20]",27.577977657318115,,,,,,,,,,,,,,,,,,,,,,,,,,,,,
ctx_nrem_surpbal_200,2,ctx,200,surprise_bal,nrem,False,0.7896,0.22981402402808407,"[20, 20, 20, 20, 20, 20, 20, 20, 20, 20]",27.556686639785767,,,,,,,,,,,,,,,,,,,,,,,,,,,,,
g10_ach15_w512s5,0,ctx,1000,random,local,False,0.9129,0.08733113257462377,"[110, 110, 96, 111, 95, 83, 105, 105, 100, 85]",1005.4003891944885,,,,,"[0.6445979468817975, 0.6452841207481718]",0.79223686439895,"[62.34277391311201, 14.588175803356297, 8.177333613360684]","(512, 256)",0.05,112257.65270996094,local,18760.0,"[0.7893737923107675, 0.8437431286647121]","[0.2519194111896695, 0.2545270600275738]",,0.0,"[0.7893737923107675, 0.8437431286647121]",0.12766524520255865,,,,,,,,,,,
g10_ach15_w512s5,1,ctx,1000,random,local,False,0.9095,0.08911681410976424,"[98, 104, 90, 109, 99, 79, 109, 124, 95, 93]",754.9359760284424,,,,,"[0.6517293616579839, 0.6444577839897774]",0.79223686439895,"[62.34277391311201, 12.927762736856923, 8.360706453871167]","(512, 256)",0.05,112257.65270996094,local,18760.0,"[0.7990411363939233, 0.8367837153518124]","[0.2416927543550686, 0.2619887056973463]",,0.0,"[0.7990411363939233, 0.8367837153518124]",0.12857142857142856,,,,,,,,,,,
g10_ach15_w512s5,2,ctx,1000,random,local,False,0.9053,0.09153312922220022,"[100, 128, 99, 103, 109, 100, 85, 93, 92, 91]",468.38642597198486,,,,,"[0.6913512016509995, 0.5454354192141161]",0.79223686439895,"[62.34277391311201, 15.621520167024249, 10.140050366719391]","(512, 256)",0.05,112257.65270996094,local,18760.0,"[0.8038285830890192, 0.8326455057302772]","[0.28024115401502847, 0.29950496120043774]",,0.0,"[0.8038285830890192, 0.8326455057302772]",0.2289445628997868,,,,,,,,,,,
g10_ach25_w512s5,0,ctx,1000,random,local,False,0.9121,0.08954288746808406,"[110, 110, 96, 111, 95, 83, 105, 105, 100, 85]",986.3920631408691,,,,,"[0.6134622884615822, 0.5819640410739202]",0.79223686439895,"[62.34277391311201, 10.82494626406612, 7.389208164489889]","(512, 256)",0.05,112257.65270996094,local,18760.0,"[0.7937698852278785, 0.8553204957356076]","[0.224029648697663, 0.2388478660262994]",,0.0,"[0.7937698852278785, 0.8553204957356076]",0.05053304904051173,,,,,,,,,,,
g10_ach25_w512s5,1,ctx,1000,random,local,False,0.9148,0.08808534012322172,"[98, 104, 90, 109, 99, 79, 109, 124, 95, 93]",770.9286911487579,,,,,"[0.6659188027961779, 0.5907334312616328]",0.79223686439895,"[62.34277391311201, 12.228493376468307, 8.746116601925507]","(512, 256)",0.05,112257.65270996094,local,18760.0,"[0.7984819554570896, 0.8455825642990406]","[0.21118092947522366, 0.2649899906573146]",,0.0,"[0.7984819554570896, 0.8455825642990406]",0.055650319829424304,,,,,,,,,,,
g10_ach25_w512s5,2,ctx,1000,random,local,False,0.8987,0.1021707422841191,"[100, 128, 99, 103, 109, 100, 85, 93, 92, 91]",467.8530173301697,,,,,"[0.7050038614156633, 0.563928157091648]",0.79223686439895,"[62.34277391311201, 10.512241318397246, 7.748139788053962]","(512, 256)",0.05,112257.65270996094,local,18760.0,"[0.7992473805636994, 0.8396226179371002]","[0.2309597184961495, 0.2849212899326043]",,0.0,"[0.7992473805636994, 0.8396226179371002]",0.06982942430703624,,,,,,,,,,,
g10_ach40_w512s5,0,ctx,1000,random,local,False,0.9032,0.10106926123659432,"[110, 110, 96, 111, 95, 83, 105, 105, 100, 85]",1185.0114479064941,,,,,"[0.7104655512277818, 0.7008931811884983]",0.79223686439895,"[62.34277391311201, 9.515454119734624, 7.040875252454312]","(512, 256)",0.05,112257.65270996094,local,18760.0,"[0.7965500691297974, 0.8689292793843284]","[0.18753424858200804, 0.21551419527444646]",,0.0,"[0.7965500691297974, 0.8689292793843284]",0.023134328358208955,,,,,,,,,,,
g10_ach40_w512s5,1,ctx,1000,random,local,False,0.9018,0.10463716804693149,"[98, 104, 90, 109, 99, 79, 109, 124, 95, 93]",654.2115023136139,,,,,"[0.7024233170226925, 0.6343292622775412]",0.79223686439895,"[62.34277391311201, 9.483646951143047, 6.493068034528161]","(512, 256)",0.05,112257.65270996094,local,18760.0,"[0.8039701742404051, 0.8609270888859275]","[0.19302220491117544, 0.24695746451983652]",,0.0,"[0.8039701742404051, 0.8609270888859275]",0.025692963752665245,,,,,,,,,,,
g10_ach40_w512s5,2,ctx,1000,random,local,False,0.9036,0.1020405849649424,"[100, 128, 99, 103, 109, 100, 85, 93, 92, 91]",465.5314335823059,,,,,"[0.689661181360139, 0.6277403925303566]",0.79223686439895,"[62.34277391311201, 9.172099293092582, 7.233062725461186]","(512, 256)",0.05,112257.65270996094,local,18760.0,"[0.8015956073427505, 0.8617816331289979]","[0.17850688835948522, 0.22757093592999633]",,0.0,"[0.8015956073427505, 0.8617816331289979]",0.02638592750533049,,,,,,,,,,,
g10_k200_g1_n02,0,ctx,200,random,local,False,0.8432,0.1439981557299218,"[21, 22, 18, 15, 17, 13, 20, 31, 21, 22]",520.4754436016083,,,,,"[0.7035417615219954, 0.6380631479509067]",0.79223686439895,"[62.34277391311193, 10.55327897660693, 7.6574738432444285]","(512, 256)",0.05,112257.65270996094,local,18760.0,"[0.8508108175639659, 0.9022789928704691]","[0.5124773138240456, 0.522260369827399]",,0.0,"[0.8508108175639659, 0.9022789928704691]",,,,,,,,,,,,
g10_k200_g1_n02,1,ctx,200,random,local,False,0.8509,0.12840554758392408,"[27, 15, 17, 16, 17, 25, 25, 16, 19, 23]",857.5478496551514,,,,,"[0.724594057218086, 0.6172999296033612]",0.79223686439895,"[62.34277391311193, 8.523035566145449, 7.915547403068749]","(512, 256)",0.05,112257.65270996094,local,18760.0,"[0.852132924940032, 0.9017563549440298]","[0.5097900261695404, 0.5171336915302299]",,0.0,"[0.852132924940032, 0.9017563549440298]",,,,,,,,,,,,
g10_k200_g1_n02,2,ctx,200,random,local,False,0.8265,0.18043666736433128,"[28, 17, 21, 27, 13, 17, 26, 19, 19, 13]",639.8271493911743,,,,,"[0.6431632152241982, 0.5597062336563929]",0.79223686439895,"[62.34277391311193, 9.809444396046208, 7.707512790150504]","(512, 256)",0.05,112257.65270996094,local,18760.0,"[0.8490214593883262, 0.8978969549573561]","[0.5204508253974892, 0.5232038874040121]",,0.0,"[0.8490214593883262, 0.8978969549573561]",,,,,,,,,,,,
g10_k200_g1,0,ctx,200,random,local,False,0.832,0.14603729443450417,"[14, 20, 32, 18, 14, 14, 20, 26, 24, 18]",530.5088922977448,,,,,"[0.6840553737427968, 0.6137039613825327]",0.79223686439895,"[62.34277391311193, 10.420346594690582, 8.982491590013867]","(512, 256)",0.05,112257.65270996094,local,18760.0,"[0.8519301164378997, 0.9037588286247334]","[0.510719128251314, 0.5220425452519732]",,0.0,"[0.8519301164378997, 0.9037588286247334]",,,,,,,,,,,,
g10_k200_g1,1,ctx,200,random,local,False,0.8358,0.13983249431099912,"[17, 17, 14, 27, 23, 16, 18, 19, 25, 24]",823.4493541717529,,,,,"[0.6962322403106571, 0.6457457182748765]",0.79223686439895,"[62.34277391311193, 10.23050567011694, 7.877484700703929]","(512, 256)",0.05,112257.65270996094,local,18760.0,"[0.8485599347014925, 0.9047210237873134]","[0.5147969809779798, 0.5157617342894647]",,0.0,"[0.8485599347014925, 0.9047210237873134]",,,,,,,,,,,,
g10_k200_g1,2,ctx,200,random,local,False,0.8346,0.1355023695026823,"[18, 23, 25, 13, 18, 17, 25, 20, 23, 18]",797.0869174003601,,,,,"[0.7170210973239011, 0.6277196745939102]",0.79223686439895,"[62.34277391311193, 10.077807555398918, 8.025030313031301]","(512, 256)",0.05,112257.65270996094,local,18760.0,"[0.854748092683902, 0.9039345682302772]","[0.5113245594833515, 0.5251144505076126]",,0.0,"[0.854748092683902, 0.9039345682302772]",,,,,,,,,,,,
g10_k200_g2,0,ctx,200,random,local,False,0.8211,0.18607413291127767,"[14, 20, 32, 18, 14, 14, 20, 26, 24, 18]",716.9400312900543,,,,,"[0.7503146853467709, 0.5813502845997125]",0.79223686439895,"[62.34277391311193, 11.165460357341862, 8.680495483084401]","(512, 256)",0.05,112257.65270996094,local,18760.0,"[0.8595509478278252, 0.9006940048640725]","[0.5155600289534181, 0.5467031323623015]",,0.0,"[0.8595509478278252, 0.9006940048640725]",,,,,,,,,,,,
g10_k200_g2,1,ctx,200,random,local,False,0.8129,0.20013434006547326,"[17, 17, 14, 27, 23, 16, 18, 19, 25, 24]",825.0230114459991,,,,,"[0.7732387094383885, 0.6231604209714701]",0.79223686439895,"[62.34277391311193, 11.707750014307988, 8.568320284560086]","(512, 256)",0.05,112257.65270996094,local,18760.0,"[0.8603252223813966, 0.9027381230010662]","[0.5121717712041666, 0.5388205449260683]",,0.0,"[0.8603252223813966, 0.9027381230010662]",,,,,,,,,,,,
g10_k200_g2,2,ctx,200,random,local,False,0.7935,0.2403570242016006,"[18, 23, 25, 13, 18, 17, 25, 20, 23, 18]",638.1333394050598,,,,,"[0.7615180898963745, 0.579099382190612]",0.79223686439895,"[62.34277391311193, 16.70910560536033, 9.975295550080455]","(512, 256)",0.05,112257.65270996094,local,18760.0,"[0.8586795375799574, 0.8945091784381664]","[0.5188804228919179, 0.5474058571015435]",,0.0,"[0.8586795375799574, 0.8945091784381664]",,,,,,,,,,,,
g10_k200_n02,0,ctx,200,random,local,False,0.8223,0.19174010633349914,"[21, 22, 18, 15, 17, 13, 20, 31, 21, 22]",467.78850650787354,,,,,"[0.8099673692173128, 0.5670485114319977]",0.79223686439895,"[62.34277391311193, 12.764077038554118, 7.882146805269742]","(512, 256)",0.05,112257.65270996094,local,18760.0,"[0.8611855968483475, 0.9023601995602345]","[0.5115940017355626, 0.55013396827929]",,0.0,"[0.8611855968483475, 0.9023601995602345]",,,,,,,,,,,,
g10_k200_n02,1,ctx,200,random,local,False,0.8354,0.18447930877008356,"[27, 15, 17, 16, 17, 25, 25, 16, 19, 23]",874.4367544651031,,,,,"[0.7539041549681926, 0.5233679217005216]",0.79223686439895,"[62.34277391311193, 9.956695063585283, 3.346375123816059]","(512, 256)",0.05,112257.65270996094,local,18760.0,"[0.860149795109275, 0.892725338152985]","[0.5169920202499545, 0.5521232552532511]",,0.0,"[0.860149795109275, 0.892725338152985]",,,,,,,,,,,,
g10_k200_n02,2,ctx,200,random,local,False,0.8207,0.20320444420459804,"[28, 17, 21, 27, 13, 17, 26, 19, 19, 13]",666.235832452774,,,,,"[0.7891119789679885, 0.5261560572920219]",0.79223686439895,"[62.34277391311193, 8.587851409602735, 3.3160530320219843]","(512, 256)",0.05,112257.65270996094,local,18760.0,"[0.8634375208222281, 0.8882169093150319]","[0.5161897057162991, 0.5624342769443957]",,0.0,"[0.8634375208222281, 0.8882169093150319]",,,,,,,,,,,,
g10_k200_pb16_g1,0,ctx,200,random,local,False,0.6681,0.35303358836379317,"[25, 21, 23, 19, 13, 21, 19, 23, 22, 14]",433.4274160861969,,,,,"[0.6101769677551196, 0.7305215078630897]",0.79223686439895,"[62.34277391311193, 9.173024009084864, 6.534150505635151]","(512, 256)",0.05,112257.65270996094,local,2816.0,"[0.7921142578125, 0.9035422585227273]","[0.5174155604750426, 0.5162877292340536]",pressure,6.4,"[0.7921142578125, 0.9035422585227273]",,3.5309615561536063,,,,,,,,,,
g10_k200_pb16_g1,1,ctx,200,random,local,False,0.6888,0.3002794963982388,"[22, 21, 23, 28, 9, 22, 22, 16, 18, 19]",446.71718430519104,,,,,"[0.5909621687932007, 0.7727111540941328]",0.79223686439895,"[62.34277391311193, 9.589678825053662, 7.127368086859811]","(512, 256)",0.05,112257.65270996094,local,2800.0,"[0.8026004464285714, 0.9010714285714285]","[0.5254882983544044, 0.5185587408819369]",pressure,6.4,"[0.8026004464285714, 0.9010714285714285]",,3.516164781694918,,,,,,,,,,
g10_k200_pb16_g1,2,ctx,200,random,local,False,0.6336,0.410487985346587,"[16, 25, 20, 23, 13, 16, 26, 20, 15, 26]",332.50615763664246,,,,,"[0.5984112560683232, 0.7437041880062475]",0.79223686439895,"[62.34277391311193, 8.982119352522803, 6.639216694997473]","(512, 256)",0.05,112257.65270996094,local,2784.0,"[0.8011853448275862, 0.9056663074712644]","[0.5218254509114328, 0.5127524954170503]",pressure,6.4,"[0.8011853448275862, 0.9056663074712644]",,3.487758857864084,,,,,,,,,,
g10_k200_pb16_n02,0,ctx,200,random,local,False,0.8544,0.07787381905345514,"[21, 18, 23, 26, 19, 21, 25, 11, 16, 20]",364.9787492752075,,,,,"[0.6323569870189487, 0.7135607829317359]",0.79223686439895,"[62.34277391311193, 11.18296547999513, 7.421337992130257]","(512, 256)",0.05,112257.65270996094,local,2768.0,"[0.8218027456647399, 0.8989568280346821]","[0.5311540457382368, 0.5223847206929602]",pressure,6.4,"[0.8218027456647399, 0.8989568280346821]",,3.5169739039845145,,,,,,,,,,
g10_k200_pb16_n02,1,ctx,200,random,local,False,0.8387,0.1133949777955491,"[18, 29, 21, 17, 21, 17, 22, 15, 20, 20]",460.4311366081238,,,,,"[0.6129198473104233, 0.6824830828400017]",0.79223686439895,"[62.34277391311193, 11.702418450055907, 7.321616528688126]","(512, 256)",0.05,112257.65270996094,local,2768.0,"[0.8195786669075145, 0.9013050939306358]","[0.5320828351800497, 0.5288698912054473]",pressure,6.4,"[0.8195786669075145, 0.9013050939306358]",,3.50824238078347,,,,,,,,,,
g10_k200_pb16_n02,2,ctx,200,random,local,False,0.8364,0.14521875279871277,"[13, 19, 22, 22, 17, 14, 17, 30, 22, 24]",333.0008268356323,,,,,"[0.6256839512810826, 0.7312354188759279]",0.79223686439895,"[62.34277391311193, 11.974349372040798, 8.521174845304698]","(512, 256)",0.05,112257.65270996094,local,2752.0,"[0.821788699127907, 0.9032521802325582]","[0.527037063710998, 0.5269272100223705]",pressure,6.4,"[0.821788699127907, 0.9032521802325582]",,3.4922536818157717,,,,,,,,,,
g10_n02_w512s5,0,ctx,1000,random,local,False,0.9051,0.06852277100285725,"[92, 102, 83, 108, 106, 100, 114, 109, 87, 99]",771.2638425827026,,,,,"[0.7983043128461962, 0.5410413155129716]",0.79223686439895,"[62.34277391311193, 12.83561766939595, 8.835001029259512]","(512, 256)",0.05,112257.65270996094,local,18760.0,"[0.8624019273054371, 0.8931842600613007]","[0.5206767460807904, 0.5388486587063177]",,0.0,"[0.8624019273054371, 0.8931842600613007]",,,,,,,,,,,,
g10_n02_w512s5,1,ctx,1000,random,local,False,0.9039,0.06677341423161415,"[107, 99, 91, 101, 98, 90, 102, 79, 128, 105]",1134.8796167373657,,,,,"[0.8018502619237322, 0.5453229551144106]",0.79223686439895,"[62.34277391311193, 11.789845820037183, 4.902393840615597]","(512, 256)",0.05,112257.65270996094,local,18760.0,"[0.8592248717350747, 0.8969961853678038]","[0.525302044893188, 0.5340860103487349]",,0.0,"[0.8592248717350747, 0.8969961853678038]",,,,,,,,,,,,
g10_n02_w512s5,2,ctx,1000,random,local,False,0.9018,0.0827878042074198,"[120, 89, 101, 89, 111, 85, 104, 107, 98, 96]",633.4004645347595,,,,,"[0.8060759504090862, 0.5075538274173954]",0.79223686439895,"[62.34277391311193, 20.810713251842063, 12.535497026981457]","(512, 256)",0.05,112257.65270996094,local,18760.0,"[0.862889896222015, 0.8885713036380597]","[0.5182309082393517, 0.5420052293425939]",,0.0,"[0.862889896222015, 0.8885713036380597]",,,,,,,,,,,,
g10_nov11_w512s5,0,ctx,1000,random,local,False,0.9081,0.08185212781138687,"[110, 110, 96, 111, 95, 83, 105, 105, 100, 85]",762.4762165546417,,,,,"[0.6970313121350751, 0.6467418007295119]",0.79223686439895,"[62.34277391311201, 16.10850474125792, 11.318375538100625]","(512, 256)",0.05,112257.65270996094,local,18760.0,"[0.7779761210687633, 0.8178927488672708]","[0.2827960086895574, 0.3004158336397654]",,0.0,"[0.7779761210687633, 0.8178927488672708]",0.15458422174840086,,,,,,,,,,,
g10_nov11_w512s5,1,ctx,1000,random,local,False,0.9036,0.08861813922632683,"[98, 104, 90, 109, 99, 79, 109, 124, 95, 93]",470.02366638183594,,,,,"[0.6550388129871154, 0.5974597438643523]",0.79223686439895,"[62.34277391311201, 14.457054722430048, 10.854578080326808]","(512, 256)",0.05,112257.65270996094,local,18760.0,"[0.7862698227611941, 0.8198881429904051]","[0.28332191739248225, 0.30640130482111644]",,0.0,"[0.7862698227611941, 0.8198881429904051]",0.16055437100213218,,,,,,,,,,,
g10_nov11_w512s5,2,ctx,1000,random,local,False,0.9163,0.07456770495436257,"[100, 128, 99, 103, 109, 100, 85, 93, 92, 91]",347.88465905189514,,,,,"[0.7020927970504143, 0.5838946115040857]",0.79223686439895,"[62.34277391311193, 16.084402447989937, 10.855132880222436]","(512, 256)",0.05,112257.65270996094,local,18760.0,"[0.7841655283848614, 0.8296712586620469]","[0.2682511569327687, 0.2958022041730821]",,0.0,"[0.7841655283848614, 0.8296712586620469]",0.1513326226012793,,,,,,,,,,,
g10_nov13_w512s5,0,ctx,1000,random,local,False,0.9075,0.08451007875376393,"[110, 110, 96, 111, 95, 83, 105, 105, 100, 85]",1077.5722386837006,,,,,"[0.6715923952356156, 0.6633056311504587]",0.79223686439895,"[62.34277391311201, 13.058292758885296, 10.397792562146075]","(512, 256)",0.05,112257.65270996094,local,18760.0,"[0.7797008262260128, 0.823829999000533]","[0.25242281695929614, 0.3041997846572408]",,0.0,"[0.7797008262260128, 0.823829999000533]",0.0988272921108742,,,,,,,,,,,
g10_nov13_w512s5,1,ctx,1000,random,local,False,0.9047,0.088972797442709,"[98, 104, 90, 109, 99, 79, 109, 124, 95, 93]",567.6936888694763,,,,,"[0.7110850625371962, 0.6610511089771912]",0.79223686439895,"[62.34277391311201, 12.219203030188538, 8.738400931055171]","(512, 256)",0.05,112257.65270996094,local,18760.0,"[0.7854590051972281, 0.829542160847548]","[0.24834963998490217, 0.28676722068349514]",,0.0,"[0.7854590051972281, 0.829542160847548]",0.09632196162046908,,,,,,,,,,,
g10_nov13_w512s5,2,ctx,1000,random,local,False,0.8939,0.10492920452860857,"[100, 128, 99, 103, 109, 100, 85, 93, 92, 91]",336.728631734848,,,,,"[0.6555616343865195, 0.6380870705097184]",0.79223686439895,"[62.34277391311193, 9.651858171981536, 6.909595809733935]","(512, 256)",0.05,112257.65270996094,local,18760.0,"[0.7857716509528252, 0.8283580007329424]","[0.25134222907277803, 0.30414442354262167]",,0.0,"[0.7857716509528252, 0.8283580007329424]",0.09365671641791044,,,,,,,,,,,
g10_nov15_w512s5,0,ctx,1000,random,local,False,0.9078,0.08502924730732422,"[110, 110, 96, 111, 95, 83, 105, 105, 100, 85]",762.1441390514374,,,,,"[0.6825925024939917, 0.6365604853228123]",0.79223686439895,"[62.34277391311201, 11.982532648757712, 8.0652597363504]","(512, 256)",0.05,112257.65270996094,local,18760.0,"[0.7801033198960554, 0.8368659631529851]","[0.24737649058455477, 0.29135158167941483]",,0.0,"[0.7801033198960554, 0.8368659631529851]",0.06385927505330491,,,,,,,,,,,
g10_nov15_w512s5,1,ctx,1000,random,local,False,0.9019,0.0955941069837474,"[98, 104, 90, 109, 99, 79, 109, 124, 95, 93]",468.33464193344116,,,,,"[0.7154003472732744, 0.6115948570642729]",0.79223686439895,"[62.34277391311201, 10.934630003934524, 7.908606470879008]","(512, 256)",0.05,112257.65270996094,local,18760.0,"[0.7872985449426972, 0.8352033082356076]","[0.23464131687061865, 0.29774868766080215]",,0.0,"[0.7872985449426972, 0.8352033082356076]",0.05218550106609808,,,,,,,,,,,
g10_nov15_w512s5,2,ctx,1000,random,local,False,0.8991,0.0998030523568908,"[100, 128, 99, 103, 109, 100, 85, 93, 92, 91]",320.4425251483917,,,,,"[0.7083426777063563, 0.5800190564294773]",0.79223686439895,"[62.34277391311193, 11.131787074898927, 9.034211695280536]","(512, 256)",0.05,112257.65270996094,local,18760.0,"[0.7849823843949894, 0.8396309468283583]","[0.22909169655282305, 0.28090125952052003]",,0.0,"[0.7849823843949894, 0.8396309468283583]",0.060874200426439234,,,,,,,,,,,
g10_rf25_w512s5,0,ctx,1000,random,local,False,0.9034,0.08028553577769984,"[110, 110, 96, 111, 95, 83, 105, 105, 100, 85]",840.2719495296478,,,,,"[0.7797462791190912, 0.5835484456736897]",0.79223686439895,"[62.34277391311193, 21.47264368539182, 12.244588838156988]","(512, 256)",0.05,112257.65270996094,local,18760.0,"[0.8618220282515991, 0.894422974413646]","[0.5203788802484428, 0.5415062553978074]",,0.0,"[0.8618220282515991, 0.894422974413646]",,,,,,,,,,,,
g10_rf25_w512s5,1,ctx,1000,random,local,False,0.914,0.05413330129469976,"[98, 104, 90, 109, 99, 79, 109, 124, 95, 93]",1059.763309955597,,,,,"[0.7977065237410808, 0.6302451649177069]",0.79223686439895,"[62.34277391311193, 10.598922105967494, 6.593044824880991]","(512, 256)",0.05,112257.65270996094,local,18760.0,"[0.8653060034648188, 0.8998988039712154]","[0.5111911861984524, 0.5310481607991415]",,0.0,"[0.8653060034648188, 0.8998988039712154]",,,,,,,,,,,,
g10_rf25_w512s5,2,ctx,1000,random,local,False,0.9129,0.07383487726656643,"[100, 128, 99, 103, 109, 100, 85, 93, 92, 91]",587.3550169467926,,,,,"[0.7526122390091783, 0.4963128184957813]",0.79223686439895,"[62.34277391311193, 13.092720784179996, 8.754620051501572]","(512, 256)",0.05,112257.65270996094,local,18760.0,"[0.8598669251399254, 0.8900650902851812]","[0.5165299476916665, 0.5455748058049315]",,0.0,"[0.8598669251399254, 0.8900650902851812]",,,,,,,,,,,,
g10_rf50_w512s5,0,ctx,1000,random,local,False,0.9034,0.08028553577769984,"[110, 110, 96, 111, 95, 83, 105, 105, 100, 85]",918.7841417789459,,,,,"[0.7797462791190912, 0.5835484456736897]",0.79223686439895,"[62.34277391311193, 21.47264368539182, 12.244588838156988]","(512, 256)",0.05,112257.65270996094,local,18760.0,"[0.8618220282515991, 0.894422974413646]","[0.5203788802484428, 0.5415062553978074]",,0.0,"[0.8618220282515991, 0.894422974413646]",,,,,,,,,,,,
g10_rf50_w512s5,1,ctx,1000,random,local,False,0.914,0.05413330129469976,"[98, 104, 90, 109, 99, 79, 109, 124, 95, 93]",662.443038225174,,,,,"[0.7977065237410808, 0.6302451649177069]",0.79223686439895,"[62.34277391311193, 10.598922105967494, 6.593044824880991]","(512, 256)",0.05,112257.65270996094,local,18760.0,"[0.8653060034648188, 0.8998988039712154]","[0.5111911861984524, 0.5310481607991415]",,0.0,"[0.8653060034648188, 0.8998988039712154]",,,,,,,,,,,,
g10_rf50_w512s5,2,ctx,1000,random,local,False,0.9129,0.07383487726656643,"[100, 128, 99, 103, 109, 100, 85, 93, 92, 91]",526.1968488693237,,,,,"[0.7526122390091783, 0.4963128184957813]",0.79223686439895,"[62.34277391311193, 13.092720784179996, 8.754620051501572]","(512, 256)",0.05,112257.65270996094,local,18760.0,"[0.8598669251399254, 0.8900650902851812]","[0.5165299476916665, 0.5455748058049315]",,0.0,"[0.8598669251399254, 0.8900650902851812]",,,,,,,,,,,,
g10_rp05_w512s5,0,ctx,1000,random,local,False,0.8858,0.11624741634037261,"[110, 110, 96, 111, 95, 83, 105, 105, 100, 85]",567.2672443389893,,,,,"[0.6575615712483233, 0.6491366495098385]",0.79223686439895,"[62.34277391311193, 14.261710557789245, 11.644460159206224]","(512, 256)",0.05,112257.65270996094,local,18760.0,"[0.8173462694896055, 0.871713003065032]","[0.43332336419649214, 0.4795774659956061]",,0.0,"[0.8173462694896055, 0.871713003065032]",,,,,,,,,,,,
g10_rp05_w512s5,1,ctx,1000,random,local,False,0.8923,0.10524159653625415,"[98, 104, 90, 109, 99, 79, 109, 124, 95, 93]",893.1551196575165,,,,,"[0.666671022341643, 0.6716314370248483]",0.79223686439895,"[62.34277391311193, 12.742725712033135, 10.06644907775053]","(512, 256)",0.05,112257.65270996094,local,18760.0,"[0.8220825976146056, 0.8748619486273987]","[0.4347101025978353, 0.48528739003690957]",,0.0,"[0.8220825976146056, 0.8748619486273987]",,,,,,,,,,,,
g10_rp05_w512s5,2,ctx,1000,random,local,False,0.8871,0.11485837437262184,"[100, 128, 99, 103, 109, 100, 85, 93, 92, 91]",644.5325086116791,,,,,"[0.7133552701446595, 0.6756547633473861]",0.79223686439895,"[62.34277391311193, 14.589177556001626, 10.474242359546501]","(512, 256)",0.05,112257.65270996094,local,18760.0,"[0.8226551047774521, 0.8753881263326226]","[0.4324829660530792, 0.479063304383824]",,0.0,"[0.8226551047774521, 0.8753881263326226]",,,,,,,,,,,,
g10_rp1_w512s5,0,ctx,1000,random,local,False,0.8605,0.14909519204546026,"[110, 110, 96, 111, 95, 83, 105, 105, 100, 85]",832.7943186759949,,,,,"[0.6651302554451154, 0.7343529245530778]",0.79223686439895,"[62.34277391311193, 8.036622109529437, 9.361125327248425]","(512, 256)",0.05,112257.65270996094,local,18760.0,"[0.8272859683168976, 0.8800595932169509]","[0.37300840812618097, 0.4138065010996293]",,0.0,"[0.8272859683168976, 0.8800595932169509]",,,,,,,,,,,,
g10_rp1_w512s5,1,ctx,1000,random,local,False,0.8716,0.1347950338846847,"[98, 104, 90, 109, 99, 79, 109, 124, 95, 93]",894.2577500343323,,,,,"[0.7125223732654715, 0.7418035469426356]",0.79223686439895,"[62.34277391311193, 9.204321738817239, 8.452583547221808]","(512, 256)",0.05,112257.65270996094,local,18760.0,"[0.8305793160314499, 0.8827548224280384]","[0.36887126470774984, 0.4018959961168325]",,0.0,"[0.8305793160314499, 0.8827548224280384]",,,,,,,,,,,,
g10_rp1_w512s5,2,ctx,1000,random,local,False,0.8547,0.15802691928696327,"[100, 128, 99, 103, 109, 100, 85, 93, 92, 91]",640.7742891311646,,,,,"[0.7021896628945925, 0.7002437125041125]",0.79223686439895,"[62.34277391311193, 8.62798339405641, 6.5703199331377595]","(512, 256)",0.05,112257.65270996094,local,18760.0,"[0.8265609383328891, 0.880514558901919]","[0.3601727580175058, 0.40764160976876246]",,0.0,"[0.8265609383328891, 0.880514558901919]",,,,,,,,,,,,
g10_rp2_w512s5,0,ctx,1000,random,local,False,0.8171,0.2105658459518618,"[110, 110, 96, 111, 95, 83, 105, 105, 100, 85]",708.0009121894836,,,,,"[0.6920113441253168, 0.7207499230532276]",0.79223686439895,"[62.34277391311193, 5.304433774736671, 3.599661237842029]","(512, 256)",0.05,112257.65270996094,local,18760.0,"[0.8234116804371002, 0.885665353478145]","[0.28539235025052545, 0.33009709938437237]",,0.0,"[0.8234116804371002, 0.885665353478145]",,,,,,,,,,,,
g10_rp2_w512s5,1,ctx,1000,random,local,False,0.8262,0.19607669904664207,"[98, 104, 90, 109, 99, 79, 109, 124, 95, 93]",1018.4394073486328,,,,,"[0.705318396988981, 0.727614352571311]",0.79223686439895,"[62.34277391311193, 5.710072731806852, 3.4442072062182336]","(512, 256)",0.05,112257.65270996094,local,18760.0,"[0.823931090918177, 0.8893481809701492]","[0.2686288938844211, 0.33575474517092285]",,0.0,"[0.823931090918177, 0.8893481809701492]",,,,,,,,,,,,
g10_rp2_w512s5,2,ctx,1000,random,local,False,0.8145,0.21169387866716244,"[100, 128, 99, 103, 109, 100, 85, 93, 92, 91]",636.7850520610809,,,,,"[0.7211556398372251, 0.7074730352361932]",0.79223686439895,"[62.34277391311193, 5.108722212153597, 3.691834851700324]","(512, 256)",0.05,112257.65270996094,local,18760.0,"[0.8280488947561301, 0.8889396488539446]","[0.25965761669508336, 0.3375621365748648]",,0.0,"[0.8280488947561301, 0.8889396488539446]",,,,,,,,,,,,
g10_rp4_w512s5,0,ctx,1000,random,local,False,0.8116,0.2134306621840654,"[110, 110, 96, 111, 95, 83, 105, 105, 100, 85]",861.3489909172058,,,,,"[0.7170590263807167, 0.7369622416668153]",0.79223686439895,"[62.34277391311193, 4.674922473135636, 2.674307416940657]","(512, 256)",0.05,112257.65270996094,local,18760.0,"[0.8161601312633262, 0.8813253764658848]","[0.20781426574202821, 0.3041210925489513]",,0.0,"[0.8161601312633262, 0.8813253764658848]",,,,,,,,,,,,
g10_rp4_w512s5,1,ctx,1000,random,local,False,0.8142,0.21100314104857157,"[98, 104, 90, 109, 99, 79, 109, 124, 95, 93]",648.5410664081573,,,,,"[0.7324076675410686, 0.7555126301455966]",0.79223686439895,"[62.34277391311193, 3.4525005616469007, 2.0916862597936863]","(512, 256)",0.05,112257.65270996094,local,18760.0,"[0.822606276652452, 0.8859847664578892]","[0.19741017133491967, 0.26934214353517716]",,0.0,"[0.822606276652452, 0.8859847664578892]",,,,,,,,,,,,
g10_rp4_w512s5,2,ctx,1000,random,local,False,0.7945,0.2359672394455756,"[100, 128, 99, 103, 109, 100, 85, 93, 92, 91]",550.1652932167053,,,,,"[0.7466092165528071, 0.7383572850925793]",0.79223686439895,"[62.34277391311193, 2.984511446514728, 1.6571955669355896]","(512, 256)",0.05,112257.65270996094,local,18760.0,"[0.8201543551772388, 0.8880055636993603]","[0.1997410656330285, 0.27574053786363384]",,0.0,"[0.8201543551772388, 0.8880055636993603]",,,,,,,,,,,,
g11_k200_combo_n02,0,ctx,200,random,local,False,0.8474,0.15542997823225072,"[22, 19, 19, 15, 18, 22, 26, 23, 17, 19]",802.6031293869019,,,,,"[0.7272630772340434, 0.5972579084956091]",0.79223686439895,"[62.34277391311193, 16.837280659246588, 6.1777207026673295]","(512, 256)",0.05,112257.65270996094,local,19260.0,"[0.8462727170509062, 0.8967954590884861]","[0.5288431285318536, 0.5568478087555053]",,0.0,"[0.8462727170509062, 0.8967954590884861]",,,,,,,,,,,,
g11_k200_combo_n02,1,ctx,200,random,local,False,0.8394,0.1702234775273418,"[14, 23, 13, 20, 16, 15, 21, 30, 24, 24]",769.0278985500336,,,,,"[0.7755318770353546, 0.6387609107456779]",0.79223686439895,"[62.34277391311193, 24.699981156274372, 11.231500687156565]","(512, 256)",0.05,112257.65270996094,local,19260.0,"[0.8468948852278785, 0.8954645022654584]","[0.5298767417609723, 0.5561181800069609]",,0.0,"[0.8468948852278785, 0.8954645022654584]",,,,,,,,,,,,
g11_k200_combo_n02,2,ctx,200,random,local,False,0.8568,0.13308762389896783,"[17, 16, 22, 18, 18, 18, 24, 22, 18, 27]",653.5812454223633,,,,,"[0.8022836448051273, 0.7234033822434267]",0.79223686439895,"[62.34277391311193, 25.045229018866927, 11.703708644949284]","(512, 256)",0.05,112257.65270996094,local,19260.0,"[0.849261123234275, 0.891059143456823]","[0.5327164177145404, 0.5652165295114355]",,0.0,"[0.849261123234275, 0.891059143456823]",,,,,,,,,,,,
g11_k200_night_n02,0,ctx,200,random,nrem,False,0.7809,0.24099129275606576,"[21, 22, 14, 19, 18, 18, 26, 29, 16, 17]",65.19894886016846,,,,,"[0.6992532357896647, 0.6750549062254038]",0.79223686439895,"[62.34277391311193, 15.298567936753793, 8.49722063585169]","(512, 256)",0.05,112257.65270996094,,,,,,,,,,,,,,,,,,,
g11_k200_night_n02,1,ctx,200,random,nrem,False,0.837,0.168590837156397,"[19, 24, 16, 24, 17, 17, 15, 24, 27, 17]",61.14103889465332,,,,,"[0.6525733831800475, 0.6818771749017383]",0.79223686439895,"[62.34277391311193, 17.678002897496278, 8.386247385879924]","(512, 256)",0.05,112257.65270996094,,,,,,,,,,,,,,,,,,,
g11_k200_night_n02,2,ctx,200,random,nrem,False,0.8352,0.16413638513417667,"[24, 17, 28, 20, 17, 16, 18, 23, 16, 21]",59.09643268585205,,,,,"[0.667385529532827, 0.6272101701424935]",0.79223686439895,"[62.34277391311193, 14.238948205522563, 7.474217997279433]","(512, 256)",0.05,112257.65270996094,,,,,,,,,,,,,,,,,,,
g11_k200_night,0,ctx,200,random,nrem,False,0.8578,0.1327045490212253,"[24, 21, 20, 17, 26, 15, 14, 23, 21, 19]",62.96487283706665,,,,,"[0.6562260115845975, 0.708254618446569]",0.79223686439895,"[62.34277391311193, 17.138088123521122, 7.360967464753502]","(512, 256)",0.05,112257.65270996094,,,,,,,,,,,,,,,,,,,
g11_k200_night,1,ctx,200,random,nrem,False,0.8006,0.22220614155551302,"[9, 14, 17, 27, 19, 22, 26, 19, 19, 28]",60.03635382652283,,,,,"[0.6687482792875328, 0.6779737091398984]",0.79223686439895,"[62.34277391311193, 18.05777085051046, 8.648240810267625]","(512, 256)",0.05,112257.65270996094,,,,,,,,,,,,,,,,,,,
g11_k200_night,2,ctx,200,random,nrem,False,0.8607,0.10836854949599542,"[23, 21, 21, 19, 21, 24, 12, 20, 18, 21]",57.562403440475464,,,,,"[0.6723716256325359, 0.7178643786729066]",0.79223686439895,"[62.34277391311193, 16.179332070442808, 7.519455676644479]","(512, 256)",0.05,112257.65270996094,,,,,,,,,,,,,,,,,,,
g11_k200_none_g1_n02,0,ctx,200,random,local,False,0.7287,0.3206139607269868,"[21, 22, 18, 15, 17, 13, 20, 31, 21, 22]",728.8730494976044,,,,,"[0.9645285696655559, 0.9142857142857143]",0.79223686439895,"[62.34277391311193, 7.550852452631132, 3.5307948081637424]","(512, 256)",0.05,112257.65270996094,local,18760.0,"[1.0, 1.0]","[1.0, 1.0]",,0.0,"[1.0, 1.0]",,,,,,,,,,,,
g11_k200_none_g1_n02,1,ctx,200,random,local,False,0.6977,0.3551099474548387,"[27, 15, 17, 16, 17, 25, 25, 16, 19, 23]",812.1051137447357,,,,,"[0.9672898926323583, 0.9368421052631579]",0.79223686439895,"[62.34277391311193, 8.485944991990708, 2.4871235714714266]","(512, 256)",0.05,112257.65270996094,local,18760.0,"[1.0, 1.0]","[1.0, 1.0]",,0.0,"[1.0, 1.0]",,,,,,,,,,,,
g11_k200_none_g1_n02,2,ctx,200,random,local,False,0.7031,0.35195569158140244,"[28, 17, 21, 27, 13, 17, 26, 19, 19, 13]",741.4354426860809,,,,,"[0.953613369467028, 0.9111111111111112]",0.79223686439895,"[62.34277391311193, 9.45957067702143, 5.912738260752849]","(512, 256)",0.05,112257.65270996094,local,18760.0,"[1.0, 1.0]","[1.0, 1.0]",,0.0,"[1.0, 1.0]",,,,,,,,,,,,
g11_prog03_w512s5,0,ctx,1000,random,local,False,0.9058,0.08710301387473768,"[110, 110, 96, 111, 95, 83, 105, 105, 100, 85]",754.7481379508972,,,,,"[0.687186862033902, 0.6009792503225662]",0.79223686439895,"[62.34277391311193, 16.060224313144698, 11.219059873219452]","(512, 256)",0.05,112257.65270996094,local,18760.0,"[0.7931477170509061, 0.8471588069696162]","[0.25890556168836804, 0.2824281299457963]",,0.0,"[0.7931477170509061, 0.8471588069696162]",0.12478678038379531,,,,,,,,,,,
g11_prog03_w512s5,1,ctx,1000,random,local,False,0.9071,0.08648815477395208,"[98, 104, 90, 109, 99, 79, 109, 124, 95, 93]",712.3128008842468,,,,,"[0.7039513625314723, 0.6614594232807626]",0.79223686439895,"[62.34277391311193, 14.013757541200041, 10.081918760264548]","(512, 256)",0.05,112257.65270996094,local,18760.0,"[0.8031531100079957, 0.8417067147521322]","[0.2546834950086607, 0.2901392860194124]",,0.0,"[0.8031531100079957, 0.8417067147521322]",0.11897654584221748,,,,,,,,,,,
g11_prog03_w512s5,2,ctx,1000,random,local,False,0.8976,0.1015004350512082,"[100, 128, 99, 103, 109, 100, 85, 93, 92, 91]",532.2058608531952,,,,,"[0.6848806531843944, 0.6135177710347598]",0.79223686439895,"[62.34277391311193, 10.415906586771472, 7.498373500353799]","(512, 256)",0.05,112257.65270996094,local,18760.0,"[0.7977376649120469, 0.8377704807436034]","[0.25023352445201524, 0.2868721099317209]",,0.0,"[0.7977376649120469, 0.8377704807436034]",0.09546908315565032,,,,,,,,,,,
g11_prog05_w512s5,0,ctx,1000,random,local,False,0.905,0.08582122362182729,"[110, 110, 96, 111, 95, 83, 105, 105, 100, 85]",797.6416478157043,,,,,"[0.7322060510239605, 0.6824880049218087]",0.79223686439895,"[62.34277391311193, 12.995186756780333, 7.960846266034445]","(512, 256)",0.05,112257.65270996094,local,18760.0,"[0.7970687508328891, 0.8495187983075693]","[0.24909453916468663, 0.276739599862829]",,0.0,"[0.7970687508328891, 0.8495187983075693]",0.09786780383795309,,,,,,,,,,,
g11_prog05_w512s5,1,ctx,1000,random,local,False,0.9123,0.09074436678074566,"[98, 104, 90, 109, 99, 79, 109, 124, 95, 93]",618.3606662750244,,,,,"[0.6653285691161461, 0.583436512820344]",0.79223686439895,"[62.34277391311193, 11.791703757263443, 8.671546803509722]","(512, 256)",0.05,112257.65270996094,local,18760.0,"[0.7940761802038913, 0.8488445745602345]","[0.22446374355498622, 0.2618039432257763]",,0.0,"[0.7940761802038913, 0.8488445745602345]",0.08683368869936034,,,,,,,,,,,
g11_prog05_w512s5,2,ctx,1000,random,local,False,0.8947,0.10283572137683386,"[100, 128, 99, 103, 109, 100, 85, 93, 92, 91]",422.59394097328186,,,,,"[0.699666264923542, 0.6342232684899005]",0.79223686439895,"[62.34277391311193, 11.864525290885776, 8.884493498399989]","(512, 256)",0.05,112257.65270996094,local,18760.0,"[0.7966500158248934, 0.847417419043177]","[0.24488234937807588, 0.2860528139069851]",,0.0,"[0.7966500158248934, 0.847417419043177]",0.09920042643923241,,,,,,,,,,,
g12_adam_leak_w512s5,0,ctx,1000,random,local,False,0.9179,0.02937023053132698,"[110, 110, 96, 111, 95, 83, 105, 105, 100, 85]",421.23024010658264,,,,,"[0.76179423898703, 0.45355627919522445]",0.79223686439895,"[62.34277391311183, 20.203612534772972, 8.60498460279239]","(512, 256)",0.05,112257.65270996094,local,18760.0,"[0.8402440573360874, 0.8926118570095949]","[0.5172210525919888, 0.5293871731888543]",,0.0,"[0.8402440573360874, 0.8926118570095949]",,,,,,,,,,,,
g12_adam_leak_w512s5,1,ctx,1000,random,local,False,0.9156,0.02781235143866151,"[98, 104, 90, 109, 99, 79, 109, 124, 95, 93]",406.47751021385193,,,,,"[0.7463455026215883, 0.40335725901205777]",0.79223686439895,"[62.34277391311183, 17.058092546647497, 8.503532042887437]","(512, 256)",0.05,112257.65270996094,local,18760.0,"[0.8493903251599147, 0.8942201659115139]","[0.5163313072556054, 0.5441574379190135]",,0.0,"[0.8493903251599147, 0.8942201659115139]",,,,,,,,,,,,
g12_adam_leak_w512s5,2,ctx,1000,random,local,False,0.9234,0.019453090009859342,"[100, 128, 99, 103, 109, 100, 85, 93, 92, 91]",399.2576084136963,,,,,"[0.7731636886151889, 0.509144590701472]",0.79223686439895,"[62.34277391311183, 20.018863716238695, 8.668779136674528]","(512, 256)",0.05,112257.65270996094,local,18760.0,"[0.8529363506130064, 0.8950761677105543]","[0.511989914740263, 0.5364828650003621]",,0.0,"[0.8529363506130064, 0.8950761677105543]",,,,,,,,,,,,
g12_mirror_w512s5,0,ctx,1000,random,local,False,0.7579,0.12996364604620914,"[110, 110, 96, 111, 95, 83, 105, 105, 100, 85]",1056.2993638515472,,,,,"[0.8895037329819939, 0.8501378446115287]",0.79223686439895,"[62.34277391311201, 4.479063475595772, 2.3116790654477675]","(512, 256)",0.05,112257.65270996094,local,18760.0,"[1.0, 1.0]","[1.0, 1.0]",,0.0,"[1.0, 1.0]",,,"{'epochs_per_task': 5, 'batch': 256, 'nrem_batches': 20, 'nrem_gain': 3.0, 'val': False}",,,,0.0,,,,,
g12_mirror_w512s5,1,ctx,1000,random,local,False,0.5866,0.3894708772876535,"[98, 104, 90, 109, 99, 79, 109, 124, 95, 93]",1095.8984787464142,,,,,"[0.9348607256655359, 0.8469423558897242]",0.79223686439895,"[62.34277391311201, 5.5465728415124875, 3.037298777070512]","(512, 256)",0.05,112257.65270996094,local,18760.0,"[1.0, 1.0]","[1.0, 1.0]",,0.0,"[1.0, 1.0]",,,"{'epochs_per_task': 5, 'batch': 256, 'nrem_batches': 20, 'nrem_gain': 3.0, 'val': False}",,,,0.0,,,,,
g12_mirror_w512s5,2,ctx,1000,random,local,False,0.7653,0.1132895472322103,"[100, 128, 99, 103, 109, 100, 85, 93, 92, 91]",952.3068087100983,,,,,"[0.915421607378129, 0.847593984962406]",0.79223686439895,"[62.34277391311201, 5.8561218627274085, 3.1115059190018273]","(512, 256)",0.05,112257.65270996094,local,18760.0,"[1.0, 1.0]","[1.0, 1.0]",,0.0,"[1.0, 1.0]",,,"{'epochs_per_task': 5, 'batch': 256, 'nrem_batches': 20, 'nrem_gain': 3.0, 'val': False}",,,,0.0,,,,,
g12_sgd_cad2_br64_w512s5,0,ctx,1000,random,local,False,0.9159,0.08235642397045048,"[113, 107, 104, 94, 86, 84, 95, 107, 101, 109]",184.35246205329895,,,,,"[0.6691234324157237, 0.7574435987251315]",0.79223686439895,"[62.34277391311193, 12.63098427812959, 9.162889128267972]","(512, 256)",0.05,112257.65270996094,local,9380.0,"[0.7420009328358209, 0.9207897454690832]","[0.5272307281396282, 0.6212897379642356]",,0.0,"[0.7420009328358209, 0.9207897454690832]",,,,,,,,,,,,
g12_sgd_cad2_br64_w512s5,1,ctx,1000,random,local,False,0.9145,0.07781469431675558,"[94, 114, 109, 102, 108, 70, 105, 93, 97, 108]",195.08773064613342,,,,,"[0.6474807784757923, 0.6678835195839332]",0.79223686439895,"[62.34277391311193, 12.427809381772976, 9.381695571250996]","(512, 256)",0.05,112257.65270996094,local,9380.0,"[0.7411907399386993, 0.9114880397121535]","[0.5257536228372852, 0.6067894832570669]",,0.0,"[0.7411907399386993, 0.9114880397121535]",,,,,,,,,,,,
g12_sgd_cad2_br64_w512s5,2,ctx,1000,random,local,False,0.9098,0.08987797100301623,"[93, 131, 98, 85, 86, 95, 90, 110, 95, 117]",188.00344252586365,,,,,"[0.6818793128217276, 0.7563187377661061]",0.79223686439895,"[62.34277391311193, 13.687646971309404, 8.811030058660736]","(512, 256)",0.05,112257.65270996094,local,9380.0,"[0.7466207605943497, 0.917195828891258]","[0.5261501312001682, 0.5842668075710218]",,0.0,"[0.7466207605943497, 0.917195828891258]",,,,,,,,,,,,
g12_sgd_none_w512s5,0,ctx,1000,random,local,False,0.8036,0.21251267567201507,"[110, 110, 96, 111, 95, 83, 105, 105, 100, 85]",270.85805797576904,,,,,"[0.8878229203051884, 0.5212771346001559]",0.79223686439895,"[62.34277391311193, 4.027045614681033, 4.812932360824582]","(512, 256)",0.05,112257.65270996094,local,18760.0,"[1.0, 1.0]","[1.0, 1.0]",,0.0,"[1.0, 1.0]",,,,,,,,,,,,
g12_sgd_none_w512s5,1,ctx,1000,random,local,False,0.8343,0.15153614884459068,"[98, 104, 90, 109, 99, 79, 109, 124, 95, 93]",270.1267340183258,,,,,"[0.8987931292644937, 0.5413034773912697]",0.79223686439895,"[62.34277391311193, 5.151513823223146, 5.403700446391844]","(512, 256)",0.05,112257.65270996094,local,18760.0,"[1.0, 1.0]","[1.0, 1.0]",,0.0,"[1.0, 1.0]",,,,,,,,,,,,
g12_sgd_none_w512s5,2,ctx,1000,random,local,False,0.8842,0.11280299833234156,"[100, 128, 99, 103, 109, 100, 85, 93, 92, 91]",206.52474117279053,,,,,"[0.8252022899719644, 0.4926004278032191]",0.79223686439895,"[62.34277391311193, 5.265739921054327, 5.025935601252172]","(512, 256)",0.05,112257.65270996094,local,18760.0,"[1.0, 1.0]","[1.0, 1.0]",,0.0,"[1.0, 1.0]",,,,,,,,,,,,
g12_sgd_prog05_w512s5,0,ctx,1000,random,local,False,0.8944,0.11675034303294496,"[110, 110, 96, 111, 95, 83, 105, 105, 100, 85]",309.7481207847595,,,,,"[0.6758638332458554, 0.7555754105161127]",0.79223686439895,"[62.34277391311183, 13.757778948425633, 7.304871993511816]","(512, 256)",0.05,112257.65270996094,local,18760.0,"[0.7616983442164179, 0.8833245185900853]","[0.24470422446126067, 0.217565249998186]",,0.0,"[0.7616983442164179, 0.8833245185900853]",0.12425373134328359,,,,,,,,,,,
g12_sgd_prog05_w512s5,1,ctx,1000,random,local,False,0.8892,0.1256400801978019,"[98, 104, 90, 109, 99, 79, 109, 124, 95, 93]",301.548330783844,,,,,"[0.6188513276606873, 0.8149500768049155]",0.79223686439895,"[62.34277391311183, 9.845322459337341, 6.199745795953004]","(512, 256)",0.05,112257.65270996094,local,18760.0,"[0.7633022804504265, 0.8913096348614072]","[0.26635511355982944, 0.20980530226233798]",,0.0,"[0.7633022804504265, 0.8913096348614072]",0.12563965884861408,,,,,,,,,,,
g12_sgd_prog05_w512s5,2,ctx,1000,random,local,False,0.8889,0.1200394204519967,"[100, 128, 99, 103, 109, 100, 85, 93, 92, 91]",302.1445851325989,,,,,"[0.7124534941723233, 0.754681571815718]",0.79223686439895,"[62.34277391311183, 14.880602440735737, 7.391128510829582]","(512, 256)",0.05,112257.65270996094,local,18760.0,"[0.7540644989339019, 0.871251582489339]","[0.23462615499207412, 0.23821450994153426]",,0.0,"[0.7540644989339019, 0.871251582489339]",0.09568230277185501,,,,,,,,,,,
g12_sgd_refr_w512s5,0,ctx,1000,random,local,False,0.9125,0.06522048290823304,"[110, 110, 96, 111, 95, 83, 105, 105, 100, 85]",273.03366780281067,,,,,"[0.8696624811462332, 0.6128896672925996]",0.79223686439895,"[62.34277391311193, 12.050894809679237, 9.351352305683324]","(512, 256)",0.05,112257.65270996094,local,18760.0,"[0.8201612265125267, 0.9043306070095949]","[0.5131118161798414, 0.5464304233557665]",,0.0,"[0.8201612265125267, 0.9043306070095949]",,,,,,,,,,,,
g12_sgd_refr_w512s5,1,ctx,1000,random,local,False,0.924,0.05216535743016526,"[98, 104, 90, 109, 99, 79, 109, 124, 95, 93]",279.2295069694519,,,,,"[0.8250929165133692, 0.617439750451547]",0.79223686439895,"[62.34277391311193, 12.738343085936364, 7.97363770700064]","(512, 256)",0.05,112257.65270996094,local,18760.0,"[0.8246762143523454, 0.9066464552238805]","[0.5140780583540323, 0.543701646540727]",,0.0,"[0.8246762143523454, 0.9066464552238805]",,,,,,,,,,,,
g12_sgd_refr_w512s5,2,ctx,1000,random,local,False,0.9239,0.06425970354212499,"[100, 128, 99, 103, 109, 100, 85, 93, 92, 91]",235.3959469795227,,,,,"[0.8896700479269286, 0.6611518116649742]",0.79223686439895,"[62.34277391311193, 11.788980836059622, 9.840679733399705]","(512, 256)",0.05,112257.65270996094,local,18760.0,"[0.8256860924173774, 0.909017690565032]","[0.5099281403140774, 0.5481234294392152]",,0.0,"[0.8256860924173774, 0.909017690565032]",,,,,,,,,,,,
g12_sgd_refr_w512s5,3,ctx,1000,random,local,False,0.9209,0.06410058026518023,"[83, 107, 107, 100, 97, 90, 89, 118, 103, 106]",302.5138170719147,,,,,"[0.8478665606081768, 0.622616436809446]",0.79223686439895,"[62.34277391311183, 17.171220301442315, 9.583061340575487]","(512, 256)",0.05,112257.65270996094,local,18760.0,"[0.8240462378398188, 0.9098307985740938]","[0.5107415405505183, 0.5386779375906502]",,0.0,"[0.8240462378398188, 0.9098307985740938]",,,,,,,,,,,,
g12_sgd_refr_w512s5,4,ctx,1000,random,local,False,0.9244,0.053822469894135055,"[98, 122, 86, 101, 96, 101, 90, 124, 89, 93]",276.9787528514862,,,,,"[0.8874436757527777, 0.6930228191373965]",0.79223686439895,"[62.34277391311183, 11.217180693795031, 9.133772636278437]","(512, 256)",0.05,112257.65270996094,local,18760.0,"[0.8142959171775054, 0.9101731160047974]","[0.5136064982681132, 0.5448428224351233]",,0.0,"[0.8142959171775054, 0.9101731160047974]",,,,,,,,,,,,
g12_sgd_refr_w512s5,5,ctx,1000,random,local,False,0.9115,0.058869943630968646,"[87, 134, 80, 95, 100, 97, 91, 114, 107, 95]",300.56059980392456,,,,,"[0.8514854068455289, 0.5848649118976887]",0.79223686439895,"[62.34277391311183, 13.741068594411379, 6.251871053172121]","(512, 256)",0.05,112257.65270996094,local,18760.0,"[0.8302434534914712, 0.8955940165245203]","[0.5153591936847358, 0.5439400022682637]",,0.0,"[0.8302434534914712, 0.8955940165245203]",,,,,,,,,,,,
g12_sgd_silent_w512s5,0,ctx,1000,random,local,False,0.8874,0.12175705649434773,"[110, 110, 96, 111, 95, 83, 105, 105, 100, 85]",312.9129240512848,,,,,"[0.6475056730350437, 0.7165805809332917]",0.79223686439895,"[62.34277391311183, 14.387744308355666, 5.498173241370597]","(512, 256)",0.05,112257.65270996094,local,18760.0,"[0.7378890633328892, 0.8710835471082089]","[0.2093790473263544, 0.23865967628288903]",,0.0,"[0.7378890633328892, 0.8710835471082089]",,,,,,,,,,,,
g12_sgd_silent_w512s5,1,ctx,1000,random,local,False,0.8882,0.12631101092575062,"[98, 104, 90, 109, 99, 79, 109, 124, 95, 93]",300.2965486049652,,,,,"[0.6859286106318591, 0.7651052096052096]",0.79223686439895,"[62.34277391311183, 12.761677794920885, 4.9747217408489535]","(512, 256)",0.05,112257.65270996094,local,18760.0,"[0.7450998009394989, 0.8761806203358209]","[0.20439905446749537, 0.20489787914331503]",,0.0,"[0.7450998009394989, 0.8761806203358209]",,,,,,,,,,,,
g12_sgd_silent_w512s5,2,ctx,1000,random,local,False,0.8957,0.1183673414889247,"[100, 128, 99, 103, 109, 100, 85, 93, 92, 91]",304.0085301399231,,,,,"[0.6755584221555353, 0.6791493136844181]",0.79223686439895,"[62.34277391311183, 15.89822731756349, 7.070761646572542]","(512, 256)",0.05,112257.65270996094,local,18760.0,"[0.7378703233275586, 0.8688141324626866]","[0.2005933134766943, 0.22153427339405188]",,0.0,"[0.7378703233275586, 0.8688141324626866]",,,,,,,,,,,,
g12_soft_refr_w512s5,0,ctx,1000,random,local,False,0.8913,0.06857304603365544,"[110, 110, 96, 111, 95, 83, 105, 105, 100, 85]",405.9200713634491,,,,,"[0.7225334389104419, 0.7722252553150842]",0.79223686439895,"[62.34277391311193, 4.879207742708481, 8.40757114236816]","(512, 256)",0.05,112257.65270996094,local,18760.0,"[0.7929600046641792, 0.8634549073827292]","[0.22276012539582601, 0.3352645040666466]",,0.0,"[0.7929600046641792, 0.8634549073827292]",,,,,,,,,,,,
g12_soft_refr_w512s5,1,ctx,1000,random,local,False,0.8806,0.09742020904332507,"[98, 104, 90, 109, 99, 79, 109, 124, 95, 93]",403.0697543621063,,,,,"[0.7574370667980019, 0.7607699100159785]",0.79223686439895,"[62.34277391311193, 5.313448222020963, 8.016466060224122]","(512, 256)",0.05,112257.65270996094,local,18760.0,"[0.7898436458888592, 0.8559068496801706]","[0.20671367052076722, 0.3438373493196478]",,0.0,"[0.7898436458888592, 0.8559068496801706]",,,,,,,,,,,,
g12_soft_refr_w512s5,2,ctx,1000,random,local,False,0.8788,0.0963648997160696,"[100, 128, 99, 103, 109, 100, 85, 93, 92, 91]",314.1862394809723,,,,,"[0.7463293003947632, 0.7886788147253264]",0.79223686439895,"[62.34277391311193, 5.721196863812258, 8.212663316370797]","(512, 256)",0.05,112257.65270996094,local,18760.0,"[0.7940932544309701, 0.8629060334488273]","[0.21601788361243077, 0.33268709822929204]",,0.0,"[0.7940932544309701, 0.8629060334488273]",,,,,,,,,,,,
g13_sgd_block2048_w512s5,0,ctx,1000,random,local,False,0.9137,0.06881179175128771,"[110, 110, 96, 111, 95, 83, 105, 105, 100, 85]",305.36564016342163,,,,,"[0.8975431022432734, 0.6019503227612845]",0.79223686439895,"[62.34277391311183, 10.818147016893025, 9.6548886451917]","(512, 256)",0.05,112257.65270996094,local,18760.0,"[0.8247890708288913, 0.903875224880064]","[0.4995075513594853, 0.5227312771644174]",,0.0,"[0.8247890708288913, 0.903875224880064]",0.9580490405117271,,,,,,,,,,,
g13_sgd_block2048_w512s5,1,ctx,1000,random,local,False,0.9244,0.053611778655272474,"[98, 104, 90, 109, 99, 79, 109, 124, 95, 93]",295.35915970802307,,,,,"[0.7775489587616364, 0.6947059235813603]",0.79223686439895,"[62.34277391311183, 20.79266366930077, 9.04599673346236]","(512, 256)",0.05,112257.65270996094,local,18760.0,"[0.815988764325693, 0.8945918426839019]","[0.48360776561699603, 0.49607437596833115]",,0.0,"[0.815988764325693, 0.8945918426839019]",0.8812366737739872,,,,,,,,,,,
g13_sgd_block2048_w512s5,2,ctx,1000,random,local,False,0.9248,0.06201213474028666,"[100, 128, 99, 103, 109, 100, 85, 93, 92, 91]",294.960725069046,,,,,"[0.8718394031708574, 0.6494707451044176]",0.79223686439895,"[62.34277391311183, 11.608247163048953, 9.604071317332943]","(512, 256)",0.05,112257.65270996094,local,18760.0,"[0.8253069196428572, 0.9064074160447761]","[0.4998065328856966, 0.5330618036699408]",,0.0,"[0.8253069196428572, 0.9064074160447761]",0.9666311300639658,,,,,,,,,,,
g13_sgd_block2048_w512s5,3,ctx,1000,random,local,False,0.9206,0.06043065297187697,"[83, 107, 107, 100, 97, 90, 89, 118, 103, 106]",287.65900349617004,,,,,"[0.8790696850655879, 0.625083437310481]",0.79223686439895,"[62.34277391311183, 11.000305082323477, 6.494750916769046]","(512, 256)",0.05,112257.65270996094,local,18760.0,"[0.8289210337819829, 0.9078680953491471]","[0.4953309572403079, 0.5193112397017374]",,0.0,"[0.8289210337819829, 0.9078680953491471]",0.9598081023454158,,,,,,,,,,,
g13_sgd_block2048_w512s5,4,ctx,1000,random,local,False,0.9226,0.060970302043737795,"[98, 122, 86, 101, 96, 101, 90, 124, 89, 93]",273.09333658218384,,,,,"[0.8889519852330665, 0.6377295858426237]",0.79223686439895,"[62.34277391311183, 11.55503647426162, 7.599630100637994]","(512, 256)",0.05,112257.65270996094,local,18760.0,"[0.8134895763925906, 0.9070556120069296]","[0.49715566436714453, 0.5180435809179712]",,0.0,"[0.8134895763925906, 0.9070556120069296]",0.9506396588486141,,,,,,,,,,,
g13_sgd_block2048_w512s5,5,ctx,1000,random,local,False,0.9166,0.0576861005416002,"[87, 134, 80, 95, 100, 97, 91, 114, 107, 95]",237.55307173728943,,,,,"[0.8317114794390189, 0.6058055065337294]",0.79223686439895,"[62.34277391311183, 14.77772348712828, 6.080240181763975]","(512, 256)",0.05,112257.65270996094,local,18760.0,"[0.8208823002731876, 0.8925935334488273]","[0.4887646776979475, 0.4976183602808794]",,0.0,"[0.8208823002731876, 0.8925935334488273]",0.9023454157782516,,,,,,,,,,,
g13_sgd_block4096_w512s5,0,ctx,1000,random,local,False,0.9125,0.06522048290823304,"[110, 110, 96, 111, 95, 83, 105, 105, 100, 85]",305.5015330314636,,,,,"[0.8696624811462332, 0.6128896672925996]",0.79223686439895,"[62.34277391311183, 12.050894809679226, 9.351352305683314]","(512, 256)",0.05,112257.65270996094,local,18760.0,"[0.8201612265125267, 0.9043306070095949]","[0.5131118161798414, 0.5464304233557665]",,0.0,"[0.8201612265125267, 0.9043306070095949]",1.0,,,,,,,,,,,
g13_sgd_block4096_w512s5,1,ctx,1000,random,local,False,0.924,0.05216535743016526,"[98, 104, 90, 109, 99, 79, 109, 124, 95, 93]",293.9302282333374,,,,,"[0.8250929165133692, 0.617439750451547]",0.79223686439895,"[62.34277391311183, 12.738343085936357, 7.97363770700066]","(512, 256)",0.05,112257.65270996094,local,18760.0,"[0.8246762143523454, 0.9066464552238805]","[0.5140780583540323, 0.543701646540727]",,0.0,"[0.8246762143523454, 0.9066464552238805]",1.0,,,,,,,,,,,
g13_sgd_block4096_w512s5,2,ctx,1000,random,local,False,0.9239,0.06425970354212499,"[100, 128, 99, 103, 109, 100, 85, 93, 92, 91]",293.88145780563354,,,,,"[0.8896700479269286, 0.6611518116649742]",0.79223686439895,"[62.34277391311183, 11.78898083605962, 9.840679733399714]","(512, 256)",0.05,112257.65270996094,local,18760.0,"[0.8256860924173774, 0.909017690565032]","[0.5099281403140774, 0.5481234294392152]",,0.0,"[0.8256860924173774, 0.909017690565032]",1.0,,,,,,,,,,,
g13_sgd_block512_w512s5,0,ctx,1000,random,local,False,0.9135,0.08244689891471904,"[110, 110, 96, 111, 95, 83, 105, 105, 100, 85]",303.4901385307312,,,,,"[0.8158309615455233, 0.6652067214840001]",0.79223686439895,"[62.34277391311183, 14.032001906415346, 9.571197656828417]","(512, 256)",0.05,112257.65270996094,local,18760.0,"[0.8153648262593284, 0.8920619419642857]","[0.4219878363786444, 0.41717922390400886]",,0.0,"[0.8153648262593284, 0.8920619419642857]",0.7341151385927506,,,,,,,,,,,
g13_sgd_block512_w512s5,1,ctx,1000,random,local,False,0.9206,0.07713845984908038,"[98, 104, 90, 109, 99, 79, 109, 124, 95, 93]",292.3423111438751,,,,,"[0.744308144658666, 0.6189248400976091]",0.79223686439895,"[62.34277391311183, 17.033725220763763, 8.49789203164604]","(512, 256)",0.05,112257.65270996094,local,18760.0,"[0.8004065540045309, 0.8752030167244137]","[0.3606147548392304, 0.3548950338813621]",,0.0,"[0.8004065540045309, 0.8752030167244137]",0.5017057569296375,,,,,,,,,,,
g13_sgd_block512_w512s5,2,ctx,1000,random,local,False,0.9162,0.08328112689025069,"[100, 128, 99, 103, 109, 100, 85, 93, 92, 91]",292.7454969882965,,,,,"[0.7702014053625826, 0.6893538783016945]",0.79223686439895,"[62.34277391311183, 11.407587925862028, 9.089128948345655]","(512, 256)",0.05,112257.65270996094,local,18760.0,"[0.8099040928171641, 0.8914476862340085]","[0.3800440194905857, 0.3812475382678036]",,0.0,"[0.8099040928171641, 0.8914476862340085]",0.5965884861407249,,,,,,,,,,,
g13_sgd_flip1024_w512s5,0,ctx,1000,random,local,False,0.9155,0.06382188477253364,"[110, 110, 96, 111, 95, 83, 105, 105, 100, 85]",295.1353735923767,,,,,"[0.8661461540948194, 0.6561718801593268]",0.79223686439895,"[62.34277391311183, 11.028033561204108, 8.802443410157025]","(512, 256)",0.05,112257.65270996094,local,18760.0,"[0.8266014375666312, 0.9027268789978679]","[0.49498594998141754, 0.5164699574131201]",,0.0,"[0.8266014375666312, 0.9027268789978679]",0.9454157782515992,,,,,,,,,,,
g13_sgd_flip1024_w512s5,1,ctx,1000,random,local,False,0.9194,0.06522950275876707,"[98, 104, 90, 109, 99, 79, 109, 124, 95, 93]",295.916695356369,,,,,"[0.8150559504421364, 0.6704082524526559]",0.79223686439895,"[62.34277391311183, 18.45771014233465, 9.789253092322177]","(512, 256)",0.05,112257.65270996094,local,18760.0,"[0.817821536847015, 0.8940529634195096]","[0.45669122047102784, 0.46692455129892524]",,0.0,"[0.817821536847015, 0.8940529634195096]",0.8114605543710022,,,,,,,,,,,
g13_sgd_flip1024_w512s5,2,ctx,1000,random,local,False,0.9166,0.07816827290544223,"[100, 128, 99, 103, 109, 100, 85, 93, 92, 91]",297.22871446609497,,,,,"[0.8261028228308154, 0.6900838418861674]",0.79223686439895,"[62.34277391311183, 10.318689194375912, 10.419914685027068]","(512, 256)",0.05,112257.65270996094,local,18760.0,"[0.8149920042643923, 0.897178588086354]","[0.4092836626569059, 0.44059951112144935]",,0.0,"[0.8149920042643923, 0.897178588086354]",0.7066098081023454,,,,,,,,,,,
g13_sgd_flip4096_w512s5,0,ctx,1000,random,local,False,0.9179,0.06771600745893422,"[110, 110, 96, 111, 95, 83, 105, 105, 100, 85]",294.41709446907043,,,,,"[0.824411894055355, 0.7485034354475678]",0.79223686439895,"[62.34277391311183, 10.593499150370624, 9.558731096906872]","(512, 256)",0.05,112257.65270996094,local,18760.0,"[0.8074252065565032, 0.900533673707356]","[0.4102794129119467, 0.412577767722678]",,0.0,"[0.8074252065565032, 0.900533673707356]",0.7121535181236673,,,,,,,,,,,
g13_sgd_flip4096_w512s5,1,ctx,1000,random,local,False,0.8975,0.10552040360064785,"[98, 104, 90, 109, 99, 79, 109, 124, 95, 93]",291.97235774993896,,,,,"[0.7530867069539869, 0.7013342297072136]",0.79223686439895,"[62.34277391311183, 13.242941400082097, 6.932423239003349]","(512, 256)",0.05,112257.65270996094,local,18760.0,"[0.7959188432835821, 0.8955352978411514]","[0.3087106790484936, 0.30743929578183987]",,0.0,"[0.7959188432835821, 0.8955352978411514]",0.35660980810234544,,,,,,,,,,,
g13_sgd_flip4096_w512s5,2,ctx,1000,random,local,False,0.9132,0.0777941268998596,"[100, 128, 99, 103, 109, 100, 85, 93, 92, 91]",296.6095016002655,,,,,"[0.7833253484990192, 0.654312555983754]",0.79223686439895,"[62.34277391311183, 14.013862166993318, 4.708411041630848]","(512, 256)",0.05,112257.65270996094,local,18760.0,"[0.8017394889392324, 0.8995004747468017]","[0.32694288675290056, 0.33667733166535607]",,0.0,"[0.8017394889392324, 0.8995004747468017]",0.4783049040511727,,,,,,,,,,,
g13_sgd_flip512_w512s5,0,ctx,1000,random,local,False,0.9137,0.06881179175128771,"[110, 110, 96, 111, 95, 83, 105, 105, 100, 85]",294.69994592666626,,,,,"[0.8975431022432734, 0.6019503227612845]",0.79223686439895,"[62.34277391311183, 10.818147016893025, 9.6548886451917]","(512, 256)",0.05,112257.65270996094,local,18760.0,"[0.8247890708288913, 0.903875224880064]","[0.4995075513594853, 0.5227312771644174]",,0.0,"[0.8247890708288913, 0.903875224880064]",0.9580490405117271,,,,,,,,,,,
g13_sgd_flip512_w512s5,1,ctx,1000,random,local,False,0.9203,0.059834630520409354,"[98, 104, 90, 109, 99, 79, 109, 124, 95, 93]",293.50742650032043,,,,,"[0.7707177547879248, 0.6689103054255477]",0.79223686439895,"[62.34277391311183, 17.808151295433753, 4.404098799413789]","(512, 256)",0.05,112257.65270996094,local,18760.0,"[0.8140278309901386, 0.8923211787046909]","[0.47506789984816966, 0.489192472224924]",,0.0,"[0.8140278309901386, 0.8923211787046909]",0.8495735607675906,,,,,,,,,,,
g13_sgd_flip512_w512s5,2,ctx,1000,random,local,False,0.9217,0.06388710751406304,"[100, 128, 99, 103, 109, 100, 85, 93, 92, 91]",298.9511275291443,,,,,"[0.8692770484569421, 0.6249342232826722]",0.79223686439895,"[62.34277391311183, 12.682431275159635, 9.312854798373785]","(512, 256)",0.05,112257.65270996094,local,18760.0,"[0.8234718566764392, 0.9033852778518123]","[0.48653527638340777, 0.5226528742711054]",,0.0,"[0.8234718566764392, 0.9033852778518123]",0.9332622601279318,,,,,,,,,,,
g14_adam_refr_e3e3_w512s5,0,ctx,1000,random,local,False,0.8886,0.09237268517779035,"[110, 110, 96, 111, 95, 83, 105, 105, 100, 85]",418.48397850990295,,,,,"[0.8975188288170581, 0.6413603697224299]",0.79223686439895,"[62.34277391311183, 22.14757827366329, 11.092702539157495]","(512, 256)",0.05,112257.65270996094,local,18760.0,"[0.8621889159115138, 0.8957283198960554]","[0.5159682320347473, 0.5559281650474415]",,0.0,"[0.8621889159115138, 0.8957283198960554]",,,,,,,,,,,,
g14_adam_refr_e3e3_w512s5,1,ctx,1000,random,local,False,0.8925,0.0792305425936313,"[98, 104, 90, 109, 99, 79, 109, 124, 95, 93]",474.1149010658264,,,,,"[0.852775541441642, 0.6451181552532619]",0.79223686439895,"[62.34277391311183, 22.763202465202784, 3.4705677965310393]","(512, 256)",0.05,112257.65270996094,local,18760.0,"[0.8636583405517058, 0.8994140625]","[0.5114270529878298, 0.5542478272425276]",,0.0,"[0.8636583405517058, 0.8994140625]",,,,,,,,,,,,
g14_adam_refr_e3e3_w512s5,2,ctx,1000,random,local,False,0.8857,0.10429148861173432,"[100, 128, 99, 103, 109, 100, 85, 93, 92, 91]",352.730242729187,,,,,"[0.8880207449094415, 0.6777025210495655]",0.79223686439895,"[62.34277391311183, 26.68343734735949, 10.098763277107805]","(512, 256)",0.05,112257.65270996094,local,18760.0,"[0.8604112181836354, 0.8970840551705757]","[0.510893312180792, 0.5570314723129537]",,0.0,"[0.8604112181836354, 0.8970840551705757]",,,,,,,,,,,,
g14_adam_refr_e3e4_w512s5,0,ctx,1000,random,local,False,0.8909,0.061252350953392515,"[110, 110, 96, 111, 95, 83, 105, 105, 100, 85]",413.3604335784912,,,,,"[0.6696732963119073, 0.7900684772236655]",0.79223686439895,"[62.34277391311183, 8.586968504719591, 8.888551104753613]","(512, 256)",0.05,112257.67834498733,local,18760.0,"[0.8501961453891258, 0.903829415978145]","[0.5094283323004238, 0.5072109362018158]",,0.0,"[0.8501961453891258, 0.903829415978145]",,,,,,,,,,,,
g14_adam_refr_e3e4_w512s5,1,ctx,1000,random,local,False,0.8908,0.06817811350472061,"[98, 104, 90, 109, 99, 79, 109, 124, 95, 93]",455.6766424179077,,,,,"[0.6446333878878437, 0.6703355402984091]",0.79223686439895,"[62.34277391311183, 11.224353955795134, 9.316711105552045]","(512, 256)",0.05,112257.65270996094,local,18760.0,"[0.8453172891124734, 0.9022194412979744]","[0.5177196034287879, 0.5102218461999379]",,0.0,"[0.8453172891124734, 0.9022194412979744]",,,,,,,,,,,,
g14_adam_refr_e3e4_w512s5,2,ctx,1000,random,local,False,0.8757,0.10262721927584215,"[100, 128, 99, 103, 109, 100, 85, 93, 92, 91]",368.6758725643158,,,,,"[0.6334233396659841, 0.7854646305825551]",0.79223686439895,"[62.34277391311183, 11.477032163228797, 8.739142604454928]","(512, 256)",0.05,112257.65270996094,local,18760.0,"[0.8497768898254264, 0.9042044243070363]","[0.5175882494601328, 0.5078262858871204]",,0.0,"[0.8497768898254264, 0.9042044243070363]",,,,,,,,,,,,
g14_sgd_block2048_e01_w512s5,0,ctx,1000,random,local,False,0.9133,0.054418124504253096,"[110, 110, 96, 111, 95, 83, 105, 105, 100, 85]",294.2254230976105,,,,,"[0.8129264533383213, 0.658215056927628]",0.79223686439895,"[62.34277391311183, 10.026679401198866, 8.797406554131113]","(512, 256)",0.05,112257.65270996094,local,18760.0,"[0.7781335371135395, 0.9046302388726013]","[0.4918896560360596, 0.4887198280276004]",,0.0,"[0.7781335371135395, 0.9046302388726013]",0.8934434968017058,,,,,,,,,,,
g14_sgd_block2048_e01_w512s5,1,ctx,1000,random,local,False,0.9191,0.05467510760063307,"[98, 104, 90, 109, 99, 79, 109, 124, 95, 93]",299.5805447101593,,,,,"[0.7535048282376691, 0.6264530878648099]",0.79223686439895,"[62.34277391311183, 12.77035415704042, 3.870821890578493]","(512, 256)",0.05,112257.65270996094,local,18760.0,"[0.7894880022321429, 0.8977170509061834]","[0.5021608052719663, 0.5010990860207734]",,0.0,"[0.7894880022321429, 0.8977170509061834]",0.9173773987206824,,,,,,,,,,,
g14_sgd_block2048_e01_w512s5,2,ctx,1000,random,local,False,0.9239,0.05783655759219303,"[100, 128, 99, 103, 109, 100, 85, 93, 92, 91]",294.22063851356506,,,,,"[0.7342156401166904, 0.6247043913676876]",0.79223686439895,"[62.34277391311183, 11.827518139244892, 9.971511415219815]","(512, 256)",0.05,112257.65270996094,local,18760.0,"[0.7879551739072495, 0.9061798290911514]","[0.4954355393435115, 0.49598567038019903]",,0.0,"[0.7879551739072495, 0.9061798290911514]",0.9226012793176972,,,,,,,,,,,
g14_sgd_block2048_e05_w512s5,0,ctx,1000,random,local,False,0.8964,0.09997878069348601,"[110, 110, 96, 111, 95, 83, 105, 105, 100, 85]",299.708368062973,,,,,"[0.796641856132702, 0.6975512276834618]",0.79223686439895,"[62.34277391311183, 18.664320524445024, 9.792019789305462]","(512, 256)",0.05,112257.65270996094,local,18760.0,"[0.8344632862473348, 0.8987371318630064]","[0.5070634993071209, 0.546400466289268]",,0.0,"[0.8344632862473348, 0.8987371318630064]",0.983049040511727,,,,,,,,,,,
g14_sgd_block2048_e05_w512s5,1,ctx,1000,random,local,False,0.9056,0.07942590620588072,"[98, 104, 90, 109, 99, 79, 109, 124, 95, 93]",312.92184233665466,,,,,"[0.8206653118048992, 0.650904073905282]",0.79223686439895,"[62.34277391311183, 8.250664979209123, 9.163633417445071]","(512, 256)",0.05,112257.65270996094,local,18760.0,"[0.8379277926772388, 0.9059963852611941]","[0.4924077024376556, 0.5299988649221562]",,0.0,"[0.8379277926772388, 0.9059963852611941]",0.9534648187633262,,,,,,,,,,,
g14_sgd_block2048_e05_w512s5,2,ctx,1000,random,local,False,0.8963,0.10649912033217773,"[100, 128, 99, 103, 109, 100, 85, 93, 92, 91]",283.2641634941101,,,,,"[0.8286736060562674, 0.6406350163841971]",0.79223686439895,"[62.34277391311183, 13.525816825238724, 8.464140308871231]","(512, 256)",0.05,112257.65270996094,local,18760.0,"[0.8457604902385395, 0.9058560434434968]","[0.4884982669970263, 0.5261632201033456]",,0.0,"[0.8457604902385395, 0.9058560434434968]",0.9531449893390191,,,,,,,,,,,
g14_sgd_none_e005_w512s5,0,ctx,1000,random,local,False,0.8668,0.14657795588480954,"[110, 110, 96, 111, 95, 83, 105, 105, 100, 85]",292.73703265190125,,,,,"[0.8401847881687716, 0.7910632183908046]",0.79223686439895,"[62.34277391311183, 6.453895789972316, 6.283283099197631]","(512, 256)",0.05,112257.65270996094,local,18760.0,"[1.0, 1.0]","[1.0, 1.0]",,0.0,"[1.0, 1.0]",,,,,,,,,,,,
g14_sgd_none_e005_w512s5,1,ctx,1000,random,local,False,0.8682,0.14541585048077374,"[98, 104, 90, 109, 99, 79, 109, 124, 95, 93]",294.0632884502411,,,,,"[0.8395888852329711, 0.7971883106066013]",0.79223686439895,"[62.34277391311183, 6.530369241043605, 4.6605036260328685]","(512, 256)",0.05,112257.65270996094,local,18760.0,"[1.0, 1.0]","[1.0, 1.0]",,0.0,"[1.0, 1.0]",,,,,,,,,,,,
g14_sgd_none_e005_w512s5,2,ctx,1000,random,local,False,0.911,0.08423006067969879,"[100, 128, 99, 103, 109, 100, 85, 93, 92, 91]",288.8141965866089,,,,,"[0.821352429747939, 0.8401139601139601]",0.79223686439895,"[62.34277391311183, 9.055496941638964, 4.796283278319499]","(512, 256)",0.05,112257.65270996094,local,18760.0,"[1.0, 1.0]","[1.0, 1.0]",,0.0,"[1.0, 1.0]",,,,,,,,,,,,
g14_sgd_none_e05_w512s5,0,ctx,1000,random,local,False,0.8528,0.15259246527899792,"[110, 110, 96, 111, 95, 83, 105, 105, 100, 85]",289.7652609348297,,,,,"[0.9287189564821142, 0.5909891482830013]",0.79223686439895,"[62.34277391311183, 4.805344072941479, 8.04540124333535]","(512, 256)",0.05,112194.7527103424,local,18760.0,"[1.0, 1.0]","[1.0, 1.0]",,0.0,"[1.0, 1.0]",,,,,,,,,,,,
g14_sgd_none_e05_w512s5,1,ctx,1000,random,local,False,0.8255,0.17624235819264708,"[98, 104, 90, 109, 99, 79, 109, 124, 95, 93]",323.4994127750397,,,,,"[0.8961458333333333, 0.5740378000052923]",0.79223686439895,"[62.34277391311183, 2.9388996659450477, 6.1757229152756885]","(512, 256)",0.05,112166.07604312897,local,18760.0,"[1.0, 1.0]","[1.0, 1.0]",,0.0,"[1.0, 1.0]",,,,,,,,,,,,
g14_sgd_none_e05_w512s5,2,ctx,1000,random,local,False,0.8592,0.14915437172787038,"[100, 128, 99, 103, 109, 100, 85, 93, 92, 91]",285.6293640136719,,,,,"[0.9248421297187674, 0.4722568172568173]",0.79223686439895,"[62.34277391311183, 3.5429313655769965, 7.40964150767918]","(512, 256)",0.05,112172.18604373932,local,18760.0,"[1.0, 1.0]","[1.0, 1.0]",,0.0,"[1.0, 1.0]",,,,,,,,,,,,
g14_sgd_refr_e005_w512s5,0,ctx,1000,random,local,False,0.9075,0.053042918886142626,"[110, 110, 96, 111, 95, 83, 105, 105, 100, 85]",297.49735617637634,,,,,"[0.7450211934469781, 0.6556974910623833]",0.79223686439895,"[62.34277391311183, 9.327685076765235, 6.399661347760653]","(512, 256)",0.05,112257.65270996094,local,18760.0,"[0.7192679529251066, 0.9081156716417911]","[0.5412733306365608, 0.521828479479069]",,0.0,"[0.7192679529251066, 0.9081156716417911]",,,,,,,,,,,,
g14_sgd_refr_e005_w512s5,1,ctx,1000,random,local,False,0.9039,0.0547619156685997,"[98, 104, 90, 109, 99, 79, 109, 124, 95, 93]",299.05528688430786,,,,,"[0.7382850242530392, 0.704554295518561]",0.79223686439895,"[62.34277391311183, 10.145350532145242, 6.735694443497924]","(512, 256)",0.05,112257.65270996094,local,18760.0,"[0.731212519989339, 0.9094210171242004]","[0.5408983923304183, 0.5247898120121327]",,0.0,"[0.731212519989339, 0.9094210171242004]",,,,,,,,,,,,
g14_sgd_refr_e005_w512s5,2,ctx,1000,random,local,False,0.9115,0.054107423253835746,"[100, 128, 99, 103, 109, 100, 85, 93, 92, 91]",340.96503591537476,,,,,"[0.7032298689221526, 0.6474838081814827]",0.79223686439895,"[62.34277391311183, 7.896174331370272, 5.603674020159215]","(512, 256)",0.05,112257.65270996094,local,18760.0,"[0.7348904542577293, 0.9049442380730277]","[0.5326694418308832, 0.5191185484090244]",,0.0,"[0.7348904542577293, 0.9049442380730277]",,,,,,,,,,,,
g14_sgd_refr_e01_w512s5,0,ctx,1000,random,local,False,0.9141,0.05867795307872589,"[110, 110, 96, 111, 95, 83, 105, 105, 100, 85]",303.63140058517456,,,,,"[0.832675902568147, 0.6911010174905047]",0.79223686439895,"[62.34277391311183, 10.057570608733402, 9.372011587563168]","(512, 256)",0.05,112257.65270996094,local,18760.0,"[0.7766753564765458, 0.9042689732142857]","[0.5220442266376224, 0.5312515734994748]",,0.0,"[0.7766753564765458, 0.9042689732142857]",,,,,,,,,,,,
g14_sgd_refr_e01_w512s5,1,ctx,1000,random,local,False,0.9209,0.046225024657278097,"[98, 104, 90, 109, 99, 79, 109, 124, 95, 93]",301.06212973594666,,,,,"[0.8040178179884284, 0.6892102211968882]",0.79223686439895,"[62.34277391311183, 13.784673570115537, 9.969465465467522]","(512, 256)",0.05,112257.65270996094,local,18760.0,"[0.7875723572428038, 0.9045153001732409]","[0.5227084324010082, 0.5326409663119391]",,0.0,"[0.7875723572428038, 0.9045153001732409]",,,,,,,,,,,,
g14_sgd_refr_e01_w512s5,2,ctx,1000,random,local,False,0.9224,0.06055729046204,"[100, 128, 99, 103, 109, 100, 85, 93, 92, 91]",336.09545040130615,,,,,"[0.8087830359058396, 0.6381603431240933]",0.79223686439895,"[62.34277391311183, 12.847967963531927, 8.693964668141863]","(512, 256)",0.05,112257.65270996094,local,18760.0,"[0.7893237148520789, 0.9126132729211087]","[0.5170239306287343, 0.5347820938175628]",,0.0,"[0.7893237148520789, 0.9126132729211087]",,,,,,,,,,,,
g14_sgd_refr_e05_w512s5,0,ctx,1000,random,local,False,0.8995,0.09309235702709956,"[110, 110, 96, 111, 95, 83, 105, 105, 100, 85]",298.8850748538971,,,,,"[0.7902483286585887, 0.7167685829712123]",0.79223686439895,"[62.34277391311183, 17.12625190639999, 6.48887989464792]","(512, 256)",0.05,112257.65270996094,local,18760.0,"[0.8367436325626333, 0.9022117370735607]","[0.5127084966486832, 0.5482819019401791]",,0.0,"[0.8367436325626333, 0.9022117370735607]",,,,,,,,,,,,
g14_sgd_refr_e05_w512s5,1,ctx,1000,random,local,False,0.8904,0.10992021973345009,"[98, 104, 90, 109, 99, 79, 109, 124, 95, 93]",300.45727610588074,,,,,"[0.8704555216659532, 0.7297978237567904]",0.79223686439895,"[62.34277391311183, 11.32542196658917, 8.623120108549886]","(512, 256)",0.05,112257.65270996094,local,18760.0,"[0.8469328857942431, 0.909211129064499]","[0.507479246634283, 0.549116075247415]",,0.0,"[0.8469328857942431, 0.909211129064499]",,,,,,,,,,,,
g14_sgd_refr_e05_w512s5,2,ctx,1000,random,local,False,0.9049,0.09422595025341934,"[100, 128, 99, 103, 109, 100, 85, 93, 92, 91]",302.6088171005249,,,,,"[0.8455684622473679, 0.6741536475176293]",0.79223686439895,"[62.34277391311183, 9.57058783246458, 9.568669236539074]","(512, 256)",0.05,112257.65270996094,local,18760.0,"[0.8379517382396056, 0.9080153085021322]","[0.5075068915894291, 0.5555670863938834]",,0.0,"[0.8379517382396056, 0.9080153085021322]",,,,,,,,,,,,
g14_sgd_refr_e1_w512s5,0,ctx,1000,random,local,False,0.8697,0.11374127149845534,"[110, 110, 96, 111, 95, 83, 105, 105, 100, 85]",288.5306706428528,,,,,"[0.8610307944642054, 0.6172604112734582]",0.79223686439895,"[62.34277391311183, 11.59019557577557, 11.005421113194139]","(512, 256)",0.05,112242.66271400452,local,18760.0,"[0.8587130613672708, 0.8931657282782516]","[0.5116124047709109, 0.5645334975118799]",,0.0,"[0.8587130613672708, 0.8931657282782516]",,,,,,,,,,,,
g14_sgd_refr_e1_w512s5,1,ctx,1000,random,local,False,0.8661,0.12661136376126175,"[98, 104, 90, 109, 99, 79, 109, 124, 95, 93]",296.15152192115784,,,,,"[0.8116463589416819, 0.653406432748538]",0.79223686439895,"[62.34277391311183, 6.678439065345297, 8.451900116668591]","(512, 256)",0.05,112185.09270954132,local,18760.0,"[0.8386100329824094, 0.9136473047707889]","[0.5105238962727887, 0.5817603578667905]",,0.0,"[0.8386100329824094, 0.9136473047707889]",,,,,,,,,,,,
g14_sgd_refr_e1_w512s5,2,ctx,1000,random,local,False,0.8543,0.14971753288064796,"[100, 128, 99, 103, 109, 100, 85, 93, 92, 91]",297.32889342308044,,,,,"[0.8387649518831705, 0.5007645382939501]",0.79223686439895,"[62.34277391311183, 7.511042721444939, 9.362901364522259]","(512, 256)",0.05,112186.1960439682,local,18760.0,"[0.8440252698560767, 0.9024799273720683]","[0.5091410609669109, 0.5660502838955791]",,0.0,"[0.8440252698560767, 0.9024799273720683]",,,,,,,,,,,,
g15_sgd_anchor_l1e3m1e3_w512s5,0,ctx,1000,random,local,False,0.919,0.06578619583724876,"[110, 110, 96, 111, 95, 83, 105, 105, 100, 85]",329.58117842674255,,,,,"[0.8082396211343547, 0.7566276593829062]",0.79223686439895,"[62.34277391311183, 10.240834582910406, 7.3313882623448166]","(512, 256)",0.05,112257.65270996094,local,18760.0,"[0.7694267224147121, 0.9044345099280384]","[0.5252827875109624, 0.5329391215123666]",,0.0,"[0.7694267224147121, 0.9044345099280384]",,,,,,,,,,,,
g15_sgd_anchor_l1e3m1e3_w512s5,1,ctx,1000,random,local,False,0.9244,0.05926015495449055,"[98, 104, 90, 109, 99, 79, 109, 124, 95, 93]",331.4640395641327,,,,,"[0.7719166506922905, 0.6652396426304245]",0.79223686439895,"[62.34277391311183, 12.185064784514779, 9.596692643189398]","(512, 256)",0.05,112257.65270996094,local,18760.0,"[0.7780631579824094, 0.9055355893523455]","[0.5254667802580766, 0.5488001587415444]",,0.0,"[0.7780631579824094, 0.9055355893523455]",,,,,,,,,,,,
g15_sgd_anchor_l1e3m1e3_w512s5,2,ctx,1000,random,local,False,0.9257,0.06402725352286659,"[100, 128, 99, 103, 109, 100, 85, 93, 92, 91]",329.9209840297699,,,,,"[0.7990466087527129, 0.6319532446608143]",0.79223686439895,"[62.34277391311183, 12.029299380942334, 9.416850059043277]","(512, 256)",0.05,112257.65270996094,local,18760.0,"[0.7778729469283049, 0.9017407382729211]","[0.5212825858202983, 0.5383705724666177]",,0.0,"[0.7778729469283049, 0.9017407382729211]",,,,,,,,,,,,
g15_sgd_anchor_l1e3m1e4_w512s5,0,ctx,1000,random,local,False,0.9086,0.05673654700877864,"[110, 110, 96, 111, 95, 83, 105, 105, 100, 85]",468.1221733093262,,,,,"[0.5559461503913552, 0.6115161124605099]",0.79223686439895,"[62.34277391311201, 18.631075709300045, 8.152483381618357]","(512, 256)",0.05,112257.65270996094,local,18760.0,"[0.6681387634928039, 0.867052363739339]","[0.5623688947592081, 0.5499537464112106]",,0.0,"[0.6681387634928039, 0.867052363739339]",,,,,,,,,,,,
g15_sgd_anchor_l1e3m1e4_w512s5,1,ctx,1000,random,local,False,0.9154,0.07048905504846978,"[98, 104, 90, 109, 99, 79, 109, 124, 95, 93]",320.71662187576294,,,,,"[0.5531536983977421, 0.7581490070775786]",0.79223686439895,"[62.34277391311183, 17.43259991347485, 8.204593433435834]","(512, 256)",0.05,112257.65270996094,local,18760.0,"[0.6780043351878998, 0.8858487973081024]","[0.5635658261745469, 0.5300203305905434]",,0.0,"[0.6780043351878998, 0.8858487973081024]",,,,,,,,,,,,
g15_sgd_anchor_l1e3m1e4_w512s5,2,ctx,1000,random,local,False,0.9193,0.07082015557343169,"[100, 128, 99, 103, 109, 100, 85, 93, 92, 91]",332.96315741539,,,,,"[0.5455088815704413, 0.5300949412224283]",0.79223686439895,"[62.34277391311183, 17.576389351085798, 9.722374531875586]","(512, 256)",0.05,112257.65270996094,local,18760.0,"[0.6804909256729744, 0.8736655033981876]","[0.5571895877848556, 0.5319469399075073]",,0.0,"[0.6804909256729744, 0.8736655033981876]",,,,,,,,,,,,
g15_sgd_anchor_l1e3m3e4_w512s5,0,ctx,1000,random,local,False,0.9189,0.059364907551148455,"[110, 110, 96, 111, 95, 83, 105, 105, 100, 85]",318.35232734680176,,,,,"[0.7168344873234511, 0.6855245207640166]",0.79223686439895,"[62.34277391311183, 11.710831020519604, 7.993682392571745]","(512, 256)",0.05,112257.65270996094,local,18760.0,"[0.7040813649386993, 0.8904359341684435]","[0.5488471264523992, 0.5426266657812064]",,0.0,"[0.7040813649386993, 0.8904359341684435]",,,,,,,,,,,,
g15_sgd_anchor_l1e3m3e4_w512s5,1,ctx,1000,random,local,False,0.9242,0.054583117996673564,"[98, 104, 90, 109, 99, 79, 109, 124, 95, 93]",320.507776260376,,,,,"[0.7197229269315902, 0.5990132104123702]",0.79223686439895,"[62.34277391311183, 12.31192214011753, 7.064663066704139]","(512, 256)",0.05,112257.65270996094,local,18760.0,"[0.713982646755064, 0.8979937783182302]","[0.5486637832306976, 0.5333588521951425]",,0.0,"[0.713982646755064, 0.8979937783182302]",,,,,,,,,,,,
g15_sgd_anchor_l1e3m3e4_w512s5,2,ctx,1000,random,local,False,0.9237,0.06099457431962113,"[100, 128, 99, 103, 109, 100, 85, 93, 92, 91]",319.9542672634125,,,,,"[0.712140972207219, 0.6373080834978726]",0.79223686439895,"[62.34277391311183, 11.228534591022692, 4.3350899546664206]","(512, 256)",0.05,112257.65270996094,local,18760.0,"[0.7133068613406184, 0.897169842750533]","[0.5421092991889921, 0.534525839825556]",,0.0,"[0.7133068613406184, 0.897169842750533]",,,,,,,,,,,,
g15_sgd_anchor_l3e3m1e4_w512s5,0,ctx,1000,random,local,False,0.9009,0.06705098242517535,"[110, 110, 96, 111, 95, 83, 105, 105, 100, 85]",320.9805016517639,,,,,"[0.41260201811002134, 0.5204306141098594]",0.79223686439895,"[62.34277391311183, 39.282382030718516, 5.3497842710747925]","(512, 256)",0.05,112257.65270996094,local,18760.0,"[0.6447114663845949, 0.8265406366604477]","[0.5697013575496322, 0.567397512061033]",,0.0,"[0.6447114663845949, 0.8265406366604477]",,,,,,,,,,,,
g15_sgd_anchor_l3e3m1e4_w512s5,1,ctx,1000,random,local,False,0.8928,0.06389983004772742,"[98, 104, 90, 109, 99, 79, 109, 124, 95, 93]",322.3380513191223,,,,,"[0.42822687004734394, 0.4863780518425334]",0.79223686439895,"[62.34277391311183, 31.58476009506995, 8.374782292232473]","(512, 256)",0.05,112257.65270996094,local,18760.0,"[0.6549213336220683, 0.8282378564765458]","[0.5726486335240447, 0.5662958183331784]",,0.0,"[0.6549213336220683, 0.8282378564765458]",,,,,,,,,,,,
g15_sgd_anchor_l3e3m1e4_w512s5,2,ctx,1000,random,local,False,0.8998,0.07538600420008587,"[100, 128, 99, 103, 109, 100, 85, 93, 92, 91]",322.20311880111694,,,,,"[0.4408794035204867, 0.546002035238348]",0.79223686439895,"[62.34277391311183, 39.83221445108222, 8.258197566934397]","(512, 256)",0.05,112257.65270996094,local,18760.0,"[0.6538279584221749, 0.8319471281982942]","[0.5671782586048407, 0.5654615679084619]",,0.0,"[0.6538279584221749, 0.8319471281982942]",,,,,,,,,,,,
g15_sgd_anchor_l3e3m3e4_w512s5,0,ctx,1000,random,local,False,0.91,0.053215486951773555,"[110, 110, 96, 111, 95, 83, 105, 105, 100, 85]",322.8061602115631,,,,,"[0.5158189476117048, 0.6010052385776002]",0.79223686439895,"[62.34277391311183, 19.76061484977924, 9.14143822202616]","(512, 256)",0.05,112257.65270996094,local,18760.0,"[0.6593501174373667, 0.8601774886727079]","[0.5655074217092635, 0.5517312203619336]",,0.0,"[0.6593501174373667, 0.8601774886727079]",,,,,,,,,,,,
g15_sgd_anchor_l3e3m3e4_w512s5,1,ctx,1000,random,local,False,0.9119,0.05983210717533305,"[98, 104, 90, 109, 99, 79, 109, 124, 95, 93]",331.7420349121094,,,,,"[0.5186784894522829, 0.6374615045351124]",0.79223686439895,"[62.34277391311183, 17.389917458844604, 7.335059396772578]","(512, 256)",0.05,112257.65270996094,local,18760.0,"[0.6681147138192963, 0.8648512460021321]","[0.5675307391803148, 0.5493054406602246]",,0.0,"[0.6681147138192963, 0.8648512460021321]",,,,,,,,,,,,
g15_sgd_anchor_l3e3m3e4_w512s5,2,ctx,1000,random,local,False,0.9134,0.06965631079114998,"[100, 128, 99, 103, 109, 100, 85, 93, 92, 91]",304.11244797706604,,,,,"[0.5282531367908654, 0.49945710414813915]",0.79223686439895,"[62.34277391311183, 17.52601087124838, 9.439487086759032]","(512, 256)",0.05,112257.65270996094,local,18760.0,"[0.6706204607542644, 0.8610378631396588]","[0.5610505217968274, 0.5431963271284694]",,0.0,"[0.6706204607542644, 0.8610378631396588]",,,,,,,,,,,,
g15_sgd_anchor_l3e4m1e4_w512s5,0,ctx,1000,random,local,False,0.9226,0.0595993644637296,"[110, 110, 96, 111, 95, 83, 105, 105, 100, 85]",331.01837062835693,,,,,"[0.7358953203280362, 0.6661784399041641]",0.79223686439895,"[62.34277391311183, 11.932468323813689, 9.21440138756856]","(512, 256)",0.05,112257.65270996094,local,18760.0,"[0.7346131021788379, 0.8926041527851812]","[0.5393467375655164, 0.5407116260045944]",,0.0,"[0.7346131021788379, 0.8926041527851812]",,,,,,,,,,,,
g15_sgd_anchor_l3e4m1e4_w512s5,1,ctx,1000,random,local,False,0.9245,0.057386931241318745,"[98, 104, 90, 109, 99, 79, 109, 124, 95, 93]",332.4319906234741,,,,,"[0.7394534704652819, 0.6020232066832168]",0.79223686439895,"[62.34277391311183, 12.997106644101098, 9.83664924467528]","(512, 256)",0.05,112257.65270996094,local,18760.0,"[0.7390459463286247, 0.9036917810501066]","[0.5408870870148195, 0.5357240501854783]",,0.0,"[0.7390459463286247, 0.9036917810501066]",,,,,,,,,,,,
g15_sgd_anchor_l3e4m1e4_w512s5,2,ctx,1000,random,local,False,0.9218,0.06914831228341625,"[100, 128, 99, 103, 109, 100, 85, 93, 92, 91]",324.1005485057831,,,,,"[0.760604335698655, 0.6319097039397366]",0.79223686439895,"[62.34277391311183, 12.086698551478781, 9.13667685611444]","(512, 256)",0.05,112257.65270996094,local,18760.0,"[0.7323848114339019, 0.9047151935634329]","[0.5351181643016175, 0.5445049125850121]",,0.0,"[0.7323848114339019, 0.9047151935634329]",,,,,,,,,,,,
g15_sgd_anchor_l3e4m3e4_w512s5,0,ctx,1000,random,local,False,0.9257,0.05398798280682915,"[110, 110, 96, 111, 95, 83, 105, 105, 100, 85]",333.39830446243286,,,,,"[0.8200504389713654, 0.6774612377847969]",0.79223686439895,"[62.34277391311183, 11.620981422941984, 9.53402537597551]","(512, 256)",0.05,112257.65270996094,local,18760.0,"[0.7689099147121535, 0.9017909198427505]","[0.5239617919593033, 0.5451957260685435]",,0.0,"[0.7689099147121535, 0.9017909198427505]",,,,,,,,,,,,
g15_sgd_anchor_l3e4m3e4_w512s5,1,ctx,1000,random,local,False,0.9217,0.0565130344762676,"[98, 104, 90, 109, 99, 79, 109, 124, 95, 93]",331.0800802707672,,,,,"[0.8039177377945309, 0.7158823483566912]",0.79223686439895,"[62.34277391311183, 11.502661061199953, 9.182842655052484]","(512, 256)",0.05,112257.65270996094,local,18760.0,"[0.7762328841284648, 0.9028472314765459]","[0.5249591014349956, 0.5418230192704019]",,0.0,"[0.7762328841284648, 0.9028472314765459]",,,,,,,,,,,,
g15_sgd_anchor_l3e4m3e4_w512s5,2,ctx,1000,random,local,False,0.9241,0.068141103078947,"[100, 128, 99, 103, 109, 100, 85, 93, 92, 91]",332.02767753601074,,,,,"[0.8349394861705483, 0.6541555158693683]",0.79223686439895,"[62.34277391311183, 11.791923336076879, 8.731943200150852]","(512, 256)",0.05,112257.65270996094,local,18760.0,"[0.7783055287180171, 0.9075836637126866]","[0.5201018910263298, 0.5427347273309665]",,0.0,"[0.7783055287180171, 0.9075836637126866]",,,,,,,,,,,,
g15_sgd_anchorblock_w512s5,0,ctx,1000,random,local,False,0.9204,0.062064684968974576,"[110, 110, 96, 111, 95, 83, 105, 105, 100, 85]",326.06644439697266,,,,,"[0.788477941508839, 0.7375410513101948]",0.79223686439895,"[62.34277391311183, 10.509924672745308, 10.07996285589295]","(512, 256)",0.05,112257.65270996094,local,18760.0,"[0.7749461745402452, 0.9027893456823027]","[0.5108901162403447, 0.5176899012323143]",,0.0,"[0.7749461745402452, 0.9027893456823027]",0.9579424307036247,,,,,,,,,,,
g15_sgd_anchorblock_w512s5,1,ctx,1000,random,local,False,0.924,0.05750729895395254,"[98, 104, 90, 109, 99, 79, 109, 124, 95, 93]",314.5304629802704,,,,,"[0.7653900457807502, 0.667514447919636]",0.79223686439895,"[62.34277391311183, 14.326990716270997, 8.067081060209093]","(512, 256)",0.05,112257.65270996094,local,18760.0,"[0.7785936042444029, 0.8988551938965885]","[0.4972171212931765, 0.5062328150067955]",,0.0,"[0.7785936042444029, 0.8988551938965885]",0.8980277185501067,,,,,,,,,,,
g15_sgd_anchorblock_w512s5,2,ctx,1000,random,local,False,0.9256,0.07005658064169606,"[100, 128, 99, 103, 109, 100, 85, 93, 92, 91]",267.2975175380707,,,,,"[0.7914933389397191, 0.6042265205865884]",0.79223686439895,"[62.34277391311183, 12.217468249603256, 9.907109945047612]","(512, 256)",0.05,112257.65270996094,local,18760.0,"[0.7807187208488806, 0.900395205890192]","[0.5082690438978485, 0.5184596349733439]",,0.0,"[0.7807187208488806, 0.900395205890192]",0.9602878464818764,,,,,,,,,,,
g15_sgd_util10_w512s5,0,ctx,1000,random,local,False,0.9106,0.07944878321574467,"[110, 110, 96, 111, 95, 83, 105, 105, 100, 85]",312.2153789997101,,,,,"[0.8459578582144953, 0.7683885203307992]",0.79223686439895,"[62.34277391311183, 11.825533344491653, 5.835199738107958]","(512, 256)",0.05,112257.65270996094,local,18760.0,"[0.8058327225479744, 0.9006902568630064]","[0.3283642317785987, 0.25696520779067394]",,0.0,"[0.8058327225479744, 0.9006902568630064]",,,,,,,,,,,,
g15_sgd_util10_w512s5,1,ctx,1000,random,local,False,0.9079,0.09768307847552318,"[98, 104, 90, 109, 99, 79, 109, 124, 95, 93]",306.7426986694336,,,,,"[0.7653696522210368, 0.7842328042328042]",0.79223686439895,"[62.34277391311183, 12.341542221649643, 5.828713778495421]","(512, 256)",0.05,112257.65270996094,local,18760.0,"[0.8030805445429104, 0.9007885377798508]","[0.3355375517413878, 0.23001498895059866]",,0.0,"[0.8030805445429104, 0.9007885377798508]",,,,,,,,,,,,
g15_sgd_util10_w512s5,2,ctx,1000,random,local,False,0.9099,0.09359118644846234,"[100, 128, 99, 103, 109, 100, 85, 93, 92, 91]",322.4391665458679,,,,,"[0.766934583722722, 0.8154346483656829]",0.79223686439895,"[62.34277391311183, 10.006158743857494, 4.048997712985619]","(512, 256)",0.05,112257.65270996094,local,18760.0,"[0.804363506130064, 0.9001324293710021]","[0.3364495072188154, 0.2392619699378734]",,0.0,"[0.804363506130064, 0.9001324293710021]",,,,,,,,,,,,
g15_sgd_util25_w512s5,0,ctx,1000,random,local,False,0.8881,0.12556283921514402,"[110, 110, 96, 111, 95, 83, 105, 105, 100, 85]",433.5353310108185,,,,,"[0.7166538891335297, 0.7835638636725594]",0.79223686439895,"[62.34277391311201, 12.898794005143895, 3.958735536249716]","(512, 256)",0.05,112257.65270996094,local,18760.0,"[0.757440406783049, 0.8843237773187633]","[0.21493239596869343, 0.19249723399324076]",,0.0,"[0.757440406783049, 0.8843237773187633]",,,,,,,,,,,,
g15_sgd_util25_w512s5,1,ctx,1000,random,local,False,0.89,0.12201821665045584,"[98, 104, 90, 109, 99, 79, 109, 124, 95, 93]",308.55116152763367,,,,,"[0.746488257298354, 0.7868703020190784]",0.79223686439895,"[62.34277391311183, 11.982618251638222, 4.383265329628599]","(512, 256)",0.05,112257.65270996094,local,18760.0,"[0.7604049715151919, 0.8727041411247335]","[0.19932356297211257, 0.19257356935460715]",,0.0,"[0.7604049715151919, 0.8727041411247335]",,,,,,,,,,,,
g15_sgd_util25_w512s5,2,ctx,1000,random,local,False,0.8953,0.11662579619577712,"[100, 128, 99, 103, 109, 100, 85, 93, 92, 91]",305.31477093696594,,,,,"[0.745835648792238, 0.7185531476773135]",0.79223686439895,"[62.34277391311183, 13.726368578911984, 5.572721151751747]","(512, 256)",0.05,112257.65270996094,local,18760.0,"[0.7528477520322495, 0.8810655150586354]","[0.1927849203653967, 0.2020409523315831]",,0.0,"[0.7528477520322495, 0.8810655150586354]",,,,,,,,,,,,
g16_ctx_none_s10_w512_static,0,ctx,0,,,True,0.9594,0.0,"[0, 0, 0, 0, 0, 0, 0, 0, 0, 0]",32.21022176742554,,,,,"[nan, nan]",,"[62.34277391311183, 20.73226406534735, 8.272015824317217]","(512, 256)",0.1,114307.67224121094,,,,,,,,,,,,,,,,,,,
g16_ctx_none_s10_w512_static,1,ctx,0,,,True,0.9555,0.0,"[0, 0, 0, 0, 0, 0, 0, 0, 0, 0]",25.792523622512817,,,,,"[nan, nan]",,"[62.34277391311183, 20.368543487680245, 8.702387823553705]","(512, 256)",0.1,114307.67224121094,,,,,,,,,,,,,,,,,,,
g16_ctx_none_s10_w512_static,2,ctx,0,,,True,0.96,0.0,"[0, 0, 0, 0, 0, 0, 0, 0, 0, 0]",17.995301961898804,,,,,"[nan, nan]",,"[62.34277391311183, 19.780586420063333, 8.868692713773777]","(512, 256)",0.1,114307.67224121094,,,,,,,,,,,,,,,,,,,
g16_ctx_none_s15_w512_static,0,ctx,0,,,True,0.962,0.0,"[0, 0, 0, 0, 0, 0, 0, 0, 0, 0]",29.147961139678955,,,,,"[nan, nan]",,"[62.34277391311183, 19.025386587227604, 8.558359138269008]","(512, 256)",0.15,116424.49255371094,,,,,,,,,,,,,,,,,,,
g16_ctx_none_s15_w512_static,1,ctx,0,,,True,0.9576,0.0,"[0, 0, 0, 0, 0, 0, 0, 0, 0, 0]",25.91359853744507,,,,,"[nan, nan]",,"[62.34277391311183, 19.31651079719848, 9.644134342019452]","(512, 256)",0.15,116424.49255371094,,,,,,,,,,,,,,,,,,,
g16_ctx_none_s15_w512_static,2,ctx,0,,,True,0.9586,0.0,"[0, 0, 0, 0, 0, 0, 0, 0, 0, 0]",18.15391731262207,,,,,"[nan, nan]",,"[62.34277391311183, 19.043629179267135, 9.053414420995239]","(512, 256)",0.15,116424.49255371094,,,,,,,,,,,,,,,,,,,
g16_sgd_block2048_s10_w512,0,ctx,1000,random,local,False,0.9227,0.055479387806656705,"[110, 110, 96, 111, 95, 83, 105, 105, 100, 85]",318.0096960067749,,,,,"[0.8948243066002682, 0.7175611175588494]",0.79223686439895,"[62.34277391311183, 11.199896512841045, 8.93499124902165]","(512, 256)",0.1,114307.67224121094,local,18760.0,"[0.6873727761860341, 0.8314832089552239]","[0.49120832262739444, 0.5080821710636716]",,0.0,"[0.6873727761860341, 0.8314832089552239]",0.9566098081023454,,,,,,,,,,,
g16_sgd_block2048_s10_w512,1,ctx,1000,random,local,False,0.9194,0.047924396285605214,"[98, 104, 90, 109, 99, 79, 109, 124, 95, 93]",351.31668853759766,,,,,"[0.9019980506578886, 0.653502066325151]",0.79223686439895,"[62.34277391311183, 11.497862777856339, 9.702148911932]","(512, 256)",0.1,114307.67224121094,local,18760.0,"[0.6882894747801173, 0.8264325692963753]","[0.4853930196996882, 0.4993305056093773]",,0.0,"[0.6882894747801173, 0.8264325692963753]",0.9378464818763326,,,,,,,,,,,
g16_sgd_block2048_s10_w512,2,ctx,1000,random,local,False,0.9258,0.060426533376948616,"[100, 128, 99, 103, 109, 100, 85, 93, 92, 91]",349.8869743347168,,,,,"[0.8980032747242379, 0.708653983494612]",0.79223686439895,"[62.34277391311183, 12.470703244372016, 9.489279943622982]","(512, 256)",0.1,114307.67224121094,local,18760.0,"[0.6894194971015458, 0.8322211487206823]","[0.4880203973684611, 0.5052526881602575]",,0.0,"[0.6894194971015458, 0.8322211487206823]",0.9531982942430703,,,,,,,,,,,
g16_sgd_block2048_s10_w512,3,ctx,1000,random,local,False,0.9219,0.06389793892332749,"[83, 107, 107, 100, 97, 90, 89, 118, 103, 106]",358.04636454582214,,,,,"[0.8997533654288695, 0.6420660148995918]",0.79223686439895,"[62.34277391311183, 11.278279264896122, 9.675432336694639]","(512, 256)",0.1,114307.67224121094,local,18760.0,"[0.6913153609741471, 0.8354490105277186]","[0.49002581054507605, 0.5108946992951169]",,0.0,"[0.6913153609741471, 0.8354490105277186]",0.9586886993603412,,,,,,,,,,,
g16_sgd_block2048_s10_w512,4,ctx,1000,random,local,False,0.9243,0.05854391917377605,"[98, 122, 86, 101, 96, 101, 90, 124, 89, 93]",367.72737646102905,,,,,"[0.8994771761698805, 0.7816689997219128]",0.79223686439895,"[62.34277391311183, 12.263475824290651, 10.12612336165426]","(512, 256)",0.1,114307.67224121094,local,18760.0,"[0.6879797441364606, 0.834472239805437]","[0.4884173600064682, 0.5055968158572082]",,0.0,"[0.6879797441364606, 0.834472239805437]",0.9506929637526652,,,,,,,,,,,
g16_sgd_block2048_s10_w512,5,ctx,1000,random,local,False,0.9251,0.061010129286904274,"[87, 134, 80, 95, 100, 97, 91, 114, 107, 95]",355.1905210018158,,,,,"[0.8895608449875327, 0.6330603172629238]",0.79223686439895,"[62.34277391311183, 11.666095549760069, 11.600619514912168]","(512, 256)",0.1,114307.67224121094,local,18760.0,"[0.6890573985541045, 0.8299627698560768]","[0.49353886011725806, 0.5145179404812589]",,0.0,"[0.6890573985541045, 0.8299627698560768]",0.9664712153518124,,,,,,,,,,,
g16_sgd_block2048_s10_w512_static,0,ctx,1000,random,local,True,0.9533,0.0,"[90, 98, 111, 100, 98, 97, 113, 109, 91, 93]",371.1702404022217,,,,,"[nan, nan]",,"[62.34277391311183, 13.193556392737925, 10.27526737486106]","(512, 256)",0.1,114307.67224121094,local,18750.0,"[0.5992754166666666, 0.591805]","[0.3371170148697992, 0.3338981297201663]",,0.0,"[0.5992754166666666, 0.591805]",0.5720533333333333,,,,,,,,,,,
g16_sgd_block2048_s10_w512_static,1,ctx,1000,random,local,True,0.9485,0.0,"[100, 108, 109, 93, 95, 95, 78, 94, 114, 114]",341.379275560379,,,,,"[nan, nan]",,"[62.34277391311183, 12.68553866786946, 10.605081783337146]","(512, 256)",0.1,114307.67224121094,local,18750.0,"[0.6167067708333334, 0.613428125]","[0.40539695373147727, 0.3995886149660001]",,0.0,"[0.6167067708333334, 0.613428125]",0.7291733333333333,,,,,,,,,,,
g16_sgd_block2048_s10_w512_static,2,ctx,1000,random,local,True,0.9498,0.0,"[114, 96, 93, 106, 84, 104, 106, 104, 89, 104]",339.7560625076294,,,,,"[nan, nan]",,"[62.34277391311183, 12.65684425087502, 10.770511388773622]","(512, 256)",0.1,114307.67224121094,local,18750.0,"[0.6085215625, 0.5972191666666666]","[0.3701750325579445, 0.36363717559588454]",,0.0,"[0.6085215625, 0.5972191666666666]",0.6409066666666666,,,,,,,,,,,
g16_sgd_block2048_s10_w512_static,3,ctx,1000,random,local,True,0.9489,0.0,"[114, 88, 117, 84, 90, 99, 107, 99, 107, 95]",356.0068407058716,,,,,"[nan, nan]",,"[62.34277391311183, 12.433450886008073, 8.026669825294942]","(512, 256)",0.1,114307.67224121094,local,18750.0,"[0.5778834375, 0.5615379166666666]","[0.3241016156421105, 0.3148568529678136]",,0.0,"[0.5778834375, 0.5615379166666666]",0.52592,,,,,,,,,,,
g16_sgd_block2048_s10_w512_static,4,ctx,1000,random,local,True,0.9446,0.0,"[89, 86, 110, 96, 93, 101, 100, 113, 104, 108]",345.24268865585327,,,,,"[nan, nan]",,"[62.34277391311183, 12.745403638540239, 9.913002947105348]","(512, 256)",0.1,114307.67224121094,local,18750.0,"[0.5840989583333334, 0.6245772916666666]","[0.3345243547770381, 0.32153782428085803]",,0.0,"[0.5840989583333334, 0.6245772916666666]",0.5527466666666667,,,,,,,,,,,
g16_sgd_block2048_s10_w512_static,5,ctx,1000,random,local,True,0.9489,0.0,"[95, 116, 99, 102, 102, 71, 114, 110, 90, 101]",316.2816185951233,,,,,"[nan, nan]",,"[62.34277391311183, 12.913249432762635, 10.200814602726192]","(512, 256)",0.1,114307.67224121094,local,18750.0,"[0.6166669791666667, 0.6396733333333333]","[0.3743030759411057, 0.37600520202832916]",,0.0,"[0.6166669791666667, 0.6396733333333333]",0.6714133333333333,,,,,,,,,,,
g16_sgd_block2048_s15_w512,0,ctx,1000,random,local,False,0.9261,0.05440334460775895,"[110, 110, 96, 111, 95, 83, 105, 105, 100, 85]",375.6740860939026,,,,,"[0.9121626495728877, 0.8026863441680125]",0.79223686439895,"[62.34277391311183, 11.133834315909372, 10.278860634284753]","(512, 256)",0.15,116424.49255371094,local,18760.0,"[0.5792445070962153, 0.7814415644989339]","[0.48576998548633826, 0.49327295157648343]",,0.0,"[0.5792445070962153, 0.7814415644989339]",0.9553304904051173,,,,,,,,,,,
g16_sgd_block2048_s15_w512,1,ctx,1000,random,local,False,0.9231,0.05337588770449636,"[98, 104, 90, 109, 99, 79, 109, 124, 95, 93]",351.5527901649475,,,,,"[0.892245467904039, 0.7324732830690299]",0.79223686439895,"[62.34277391311183, 9.833836723566456, 10.46759841920615]","(512, 256)",0.15,116424.49255371094,local,18760.0,"[0.5809605710287846, 0.7704757462686567]","[0.4798517486523352, 0.4916938863567579]",,0.0,"[0.5809605710287846, 0.7704757462686567]",0.9394456289978678,,,,,,,,,,,
g16_sgd_block2048_s15_w512,2,ctx,1000,random,local,False,0.9236,0.06281652416545161,"[100, 128, 99, 103, 109, 100, 85, 93, 92, 91]",342.9088623523712,,,,,"[0.8860313110789739, 0.6783778685123447]",0.79223686439895,"[62.34277391311183, 12.266387420649497, 9.255921821826101]","(512, 256)",0.15,116424.49255371094,local,18760.0,"[0.5814455207222814, 0.760974563566098]","[0.4841566657233459, 0.5050053546239914]",,0.0,"[0.5814455207222814, 0.760974563566098]",0.9531982942430703,,,,,,,,,,,
g16_sgd_block2048_s15_w512_static,0,ctx,1000,random,local,True,0.947,0.0,"[90, 98, 111, 100, 98, 97, 113, 109, 91, 93]",348.8622932434082,,,,,"[nan, nan]",,"[62.34277391311183, 12.702209022186352, 9.705978846381429]","(512, 256)",0.15,116424.49255371094,local,18750.0,"[0.5139715625, 0.5765010416666667]","[0.3950950705198447, 0.3988689810847988]",,0.0,"[0.5139715625, 0.5765010416666667]",0.7464533333333333,,,,,,,,,,,
g16_sgd_block2048_s15_w512_static,1,ctx,1000,random,local,True,0.9543,0.0,"[100, 108, 109, 93, 95, 95, 78, 94, 114, 114]",346.5229802131653,,,,,"[nan, nan]",,"[62.34277391311183, 13.125789851836272, 9.474676906819882]","(512, 256)",0.15,116424.49255371094,local,18750.0,"[0.48077885416666666, 0.5131216666666667]","[0.3290106538947423, 0.3311853092613071]",,0.0,"[0.48077885416666666, 0.5131216666666667]",0.588,,,,,,,,,,,
g16_sgd_block2048_s15_w512_static,2,ctx,1000,random,local,True,0.9467,0.0,"[114, 96, 93, 106, 84, 104, 106, 104, 89, 104]",249.02012252807617,,,,,"[nan, nan]",,"[62.34277391311183, 12.636098985964804, 10.432751984094617]","(512, 256)",0.15,116424.49255371094,local,18750.0,"[0.4704328125, 0.5128458333333333]","[0.32126640454515815, 0.3142467576270799]",,0.0,"[0.4704328125, 0.5128458333333333]",0.55936,,,,,,,,,,,
g16_sgd_refr_s10_w512,0,ctx,1000,random,local,False,0.9253,0.052321796890241024,"[110, 110, 96, 111, 95, 83, 105, 105, 100, 85]",366.05665469169617,,,,,"[0.9253598552831747, 0.6601378531113062]",0.79223686439895,"[62.34277391311183, 12.966961913617329, 9.443941251950768]","(512, 256)",0.1,114307.67224121094,local,18760.0,"[0.6840604802438699, 0.8317959588219617]","[0.5056473922179039, 0.5356783269072519]",,0.0,"[0.6840604802438699, 0.8317959588219617]",,,,,,,,,,,,
g16_sgd_refr_s10_w512,1,ctx,1000,random,local,False,0.9263,0.050961620105301364,"[98, 104, 90, 109, 99, 79, 109, 124, 95, 93]",370.0188705921173,,,,,"[0.9074510212743003, 0.7656576621200244]",0.79223686439895,"[62.34277391311183, 10.80998637742522, 5.19963680437713]","(512, 256)",0.1,114307.67224121094,local,18760.0,"[0.6831263950892857, 0.8358467150852879]","[0.5062887361388344, 0.5384972211080732]",,0.0,"[0.6831263950892857, 0.8358467150852879]",,,,,,,,,,,,
g16_sgd_refr_s10_w512,2,ctx,1000,random,local,False,0.9308,0.05380970735329377,"[100, 128, 99, 103, 109, 100, 85, 93, 92, 91]",457.1644310951233,,,,,"[0.9158720085757913, 0.7104889448673958]",0.79223686439895,"[62.34277391311183, 13.04627411677419, 7.9780130357645245]","(512, 256)",0.1,114307.67224121094,local,18760.0,"[0.688783169809435, 0.8395043476812367]","[0.5052563016471674, 0.5331251980375443]",,0.0,"[0.688783169809435, 0.8395043476812367]",,,,,,,,,,,,
g16_sgd_refr_s10_w512,3,ctx,1000,random,local,False,0.9228,0.05834971671443234,"[83, 107, 107, 100, 97, 90, 89, 118, 103, 106]",344.5333089828491,,,,,"[0.8933648683973262, 0.6329177121519025]",0.79223686439895,"[62.34277391311183, 12.213288302857796, 9.466775797010909]","(512, 256)",0.1,114307.67224121094,local,18760.0,"[0.6897855518723347, 0.8345186733742004]","[0.505855720413964, 0.5341897888823962]",,0.0,"[0.6897855518723347, 0.8345186733742004]",,,,,,,,,,,,
g16_sgd_refr_s10_w512,4,ctx,1000,random,local,False,0.9282,0.046833561325651724,"[98, 122, 86, 101, 96, 101, 90, 124, 89, 93]",349.83617758750916,,,,,"[0.9332543689600685, 0.7498412812854053]",0.79223686439895,"[62.34277391311183, 11.864441881137134, 10.365973927607486]","(512, 256)",0.1,114307.67224121094,local,18760.0,"[0.6888678121668443, 0.8372382645922175]","[0.5055850622250136, 0.5373322011493862]",,0.0,"[0.6888678121668443, 0.8372382645922175]",,,,,,,,,,,,
g16_sgd_refr_s10_w512,5,ctx,1000,random,local,False,0.926,0.05456323047818967,"[87, 134, 80, 95, 100, 97, 91, 114, 107, 95]",295.8138618469238,,,,,"[0.913596271456942, 0.7373254938310725]",0.79223686439895,"[62.34277391311183, 11.785864131845226, 5.8696566897662645]","(512, 256)",0.1,114307.67224121094,local,18760.0,"[0.6907284864738806, 0.8372978161647121]","[0.5050651823355159, 0.5345727430525492]",,0.0,"[0.6907284864738806, 0.8372978161647121]",,,,,,,,,,,,
g16_sgd_refr_s10_w512_static,0,ctx,1000,random,local,True,0.9449,0.0,"[90, 98, 111, 100, 98, 97, 113, 109, 91, 93]",369.61134791374207,,,,,"[nan, nan]",,"[62.34277391311183, 12.523379970653952, 11.373868562040192]","(512, 256)",0.1,114307.67224121094,local,18750.0,"[0.65315375, 0.680289375]","[0.5038925864728292, 0.5155227595766385]",,0.0,"[0.65315375, 0.680289375]",,,,,,,,,,,,
g16_sgd_refr_s10_w512_static,1,ctx,1000,random,local,True,0.9487,0.0,"[100, 108, 109, 93, 95, 95, 78, 94, 114, 114]",385.0402228832245,,,,,"[nan, nan]",,"[62.34277391311183, 12.61380668397355, 10.558192899008294]","(512, 256)",0.1,114307.67557907104,local,18750.0,"[0.640099375, 0.677505]","[0.5042831619056066, 0.5146223036924998]",,0.0,"[0.640099375, 0.677505]",,,,,,,,,,,,
g16_sgd_refr_s10_w512_static,2,ctx,1000,random,local,True,0.9514,0.0,"[114, 96, 93, 106, 84, 104, 106, 104, 89, 104]",478.6130340099335,,,,,"[nan, nan]",,"[62.34277391311183, 12.433380301309496, 10.852073964668513]","(512, 256)",0.1,114307.67224121094,local,18750.0,"[0.653125625, 0.6718429166666666]","[0.504300317568779, 0.5147632243522008]",,0.0,"[0.653125625, 0.6718429166666666]",,,,,,,,,,,,
g16_sgd_refr_s10_w512_static,3,ctx,1000,random,local,True,0.9444,0.0,"[114, 88, 117, 84, 90, 99, 107, 99, 107, 95]",345.476642370224,,,,,"[nan, nan]",,"[62.34277391311183, 12.220152601493128, 10.635287302579652]","(512, 256)",0.1,114307.67224121094,local,18750.0,"[0.6453794791666667, 0.665705]","[0.5046560159858068, 0.5153867375214894]",,0.0,"[0.6453794791666667, 0.665705]",,,,,,,,,,,,
g16_sgd_refr_s10_w512_static,4,ctx,1000,random,local,True,0.9458,0.0,"[89, 86, 110, 96, 93, 101, 100, 113, 104, 108]",314.8475408554077,,,,,"[nan, nan]",,"[62.34277391311183, 12.483945593032294, 10.575060431118104]","(512, 256)",0.1,114307.67224121094,local,18750.0,"[0.6450515625, 0.6922297916666666]","[0.5041549664171536, 0.5128601110434532]",,0.0,"[0.6450515625, 0.6922297916666666]",,,,,,,,,,,,
g16_sgd_refr_s10_w512_static,5,ctx,1000,random,local,True,0.9475,0.0,"[95, 116, 99, 102, 102, 71, 114, 110, 90, 101]",199.09559106826782,,,,,"[nan, nan]",,"[62.34277391311183, 12.012232820532434, 11.228831490287833]","(512, 256)",0.1,114307.67224121094,local,18750.0,"[0.6511664583333333, 0.6825627083333333]","[0.5039719250663122, 0.5155746778567633]",,0.0,"[0.6511664583333333, 0.6825627083333333]",,,,,,,,,,,,
g16_sgd_refr_s15_w512,0,ctx,1000,random,local,False,0.9232,0.05324140499664165,"[110, 110, 96, 111, 95, 83, 105, 105, 100, 85]",373.8757309913635,,,,,"[0.921190217961135, 0.7887311821271327]",0.79223686439895,"[62.34277391311183, 12.076331323425665, 4.977378846029229]","(512, 256)",0.15,116424.49255371094,local,18760.0,"[0.5790690798240938, 0.775004164445629]","[0.5026640825704344, 0.5235731442083619]",,0.0,"[0.5790690798240938, 0.775004164445629]",,,,,,,,,,,,
g16_sgd_refr_s15_w512,1,ctx,1000,random,local,False,0.9278,0.04773802326367013,"[98, 104, 90, 109, 99, 79, 109, 124, 95, 93]",381.15893387794495,,,,,"[0.9168319597343965, 0.7514548436008075]",0.79223686439895,"[62.34277391311183, 11.73861694814089, 9.865626536107843]","(512, 256)",0.15,116424.49255371094,local,18760.0,"[0.5838213369536247, 0.7704874067164179]","[0.5026431779855731, 0.5231883052152707]",,0.0,"[0.5838213369536247, 0.7704874067164179]",,,,,,,,,,,,
g16_sgd_refr_s15_w512,2,ctx,1000,random,local,False,0.925,0.060990501616111276,"[100, 128, 99, 103, 109, 100, 85, 93, 92, 91]",448.79907488822937,,,,,"[0.8924206169961918, 0.6890290021533702]",0.79223686439895,"[62.34277391311183, 12.044728680565276, 10.615690016315764]","(512, 256)",0.15,116424.49255371094,local,18760.0,"[0.5829915711620469, 0.7706033865271855]","[0.5023244744480482, 0.5256559536695036]",,0.0,"[0.5829915711620469, 0.7706033865271855]",,,,,,,,,,,,
g16_sgd_refr_s15_w512,3,ctx,1000,random,local,False,0.9206,0.06345999156987742,"[83, 107, 107, 100, 97, 90, 89, 118, 103, 106]",348.30268836021423,,,,,"[0.8880043631040904, 0.6884137047307258]",0.79223686439895,"[62.34277391311183, 11.650904429802958, 11.321961418670009]","(512, 256)",0.15,116424.49255371094,local,18760.0,"[0.5830456048440832, 0.7661665861540512]","[0.5028033830292984, 0.5226663250958662]",,0.0,"[0.5830456048440832, 0.7661665861540512]",,,,,,,,,,,,
g16_sgd_refr_s15_w512,4,ctx,1000,random,local,False,0.9267,0.05592179870003153,"[98, 122, 86, 101, 96, 101, 90, 124, 89, 93]",350.5684907436371,,,,,"[0.8973759152798116, 0.7554797902143529]",0.79223686439895,"[62.34277391311183, 10.66866802136762, 9.405378341386335]","(512, 256)",0.15,116424.49255371094,local,18760.0,"[0.5740118811633795, 0.7756531932969083]","[0.5024625695936048, 0.5186676657963186]",,0.0,"[0.5740118811633795, 0.7756531932969083]",,,,,,,,,,,,
g16_sgd_refr_s15_w512,5,ctx,1000,random,local,False,0.9238,0.04923555832983731,"[87, 134, 80, 95, 100, 97, 91, 114, 107, 95]",299.8289084434509,,,,,"[0.9082864866384762, 0.7440588725501576]",0.79223686439895,"[62.34277391311183, 10.616997222553659, 9.00668791060946]","(512, 256)",0.15,116424.52165400982,local,18760.0,"[0.5862772146521855, 0.7734576975613007]","[0.5026852424516638, 0.5252270628918589]",,0.0,"[0.5862772146521855, 0.7734576975613007]",,,,,,,,,,,,
g16_sgd_refr_s15_w512_static,0,ctx,1000,random,local,True,0.9495,0.0,"[90, 98, 111, 100, 98, 97, 113, 109, 91, 93]",371.1363422870636,,,,,"[nan, nan]",,"[62.34277391311183, 12.600539631471529, 10.669953248605655]","(512, 256)",0.15,116424.49255371094,local,18750.0,"[0.5502373958333333, 0.6303364583333333]","[0.5011979055754344, 0.5088904197557768]",,0.0,"[0.5502373958333333, 0.6303364583333333]",,,,,,,,,,,,
g16_sgd_refr_s15_w512_static,1,ctx,1000,random,local,True,0.9547,0.0,"[100, 108, 109, 93, 95, 95, 78, 94, 114, 114]",446.6312155723572,,,,,"[nan, nan]",,"[62.34277391311183, 13.281654143053457, 11.37533482296692]","(512, 256)",0.15,116424.49255371094,local,18750.0,"[0.5522464583333333, 0.6210310416666667]","[0.5010505866877238, 0.5090924119556696]",,0.0,"[0.5522464583333333, 0.6210310416666667]",,,,,,,,,,,,
g16_sgd_refr_s15_w512_static,2,ctx,1000,random,local,True,0.9532,0.0,"[114, 96, 93, 106, 84, 104, 106, 104, 89, 104]",519.7638690471649,,,,,"[nan, nan]",,"[62.34277391311183, 12.792647943469317, 10.657008272921116]","(512, 256)",0.15,116424.49587249756,local,18750.0,"[0.5509097916666666, 0.621398125]","[0.5011065972948074, 0.5086399883770942]",,0.0,"[0.5509097916666666, 0.621398125]",,,,,,,,,,,,
g16_sgd_refr_s15_w512_static,3,ctx,1000,random,local,True,0.9451,0.0,"[114, 88, 117, 84, 90, 99, 107, 99, 107, 95]",346.441193819046,,,,,"[nan, nan]",,"[62.34277391311183, 13.181511970500406, 10.958551382698069]","(512, 256)",0.15,116424.49255371094,local,18750.0,"[0.5494455208333333, 0.6138975]","[0.5011308275373777, 0.5088303514989218]",,0.0,"[0.5494455208333333, 0.6138975]",,,,,,,,,,,,
g16_sgd_refr_s15_w512_static,4,ctx,1000,random,local,True,0.9506,0.0,"[89, 86, 110, 96, 93, 101, 100, 113, 104, 108]",318.23838806152344,,,,,"[nan, nan]",,"[62.34277391311183, 12.949967761352912, 10.336715134912039]","(512, 256)",0.15,116424.49255371094,local,18750.0,"[0.5545925, 0.6373183333333333]","[0.5010303636395931, 0.5077350041254362]",,0.0,"[0.5545925, 0.6373183333333333]",,,,,,,,,,,,
g16_sgd_refr_s15_w512_static,5,ctx,1000,random,local,True,0.9526,0.0,"[95, 116, 99, 102, 102, 71, 114, 110, 90, 101]",202.85786652565002,,,,,"[nan, nan]",,"[62.34277391311183, 13.333165047026855, 10.524966347445723]","(512, 256)",0.15,116424.49255371094,local,18750.0,"[0.5540557291666667, 0.6274110416666666]","[0.500907857782046, 0.507917830192248]",,0.0,"[0.5540557291666667, 0.6274110416666666]",,,,,,,,,,,,
g16_sgd_refr_s25_w512,0,ctx,1000,random,local,False,0.9242,0.05458971919598268,"[110, 110, 96, 111, 95, 83, 105, 105, 100, 85]",347.6883761882782,,,,,"[0.9018436539783187, 0.7690482801283272]",0.79223686439895,"[62.34277391311183, 10.250853573268335, 7.6494183396060675]","(512, 256)",0.25,120601.33239746094,local,18760.0,"[0.5041055187233475, 0.6468235690964819]","[0.5003410760555536, 0.5163929494459237]",,0.0,"[0.5041055187233475, 0.6468235690964819]",,,,,,,,,,,,
g16_sgd_refr_s25_w512,1,ctx,1000,random,local,False,0.9239,0.049607220997520546,"[98, 104, 90, 109, 99, 79, 109, 124, 95, 93]",352.6625454425812,,,,,"[0.9143074300521098, 0.7854060632511386]",0.79223686439895,"[62.34277391311183, 10.743147654659502, 9.332394981688044]","(512, 256)",0.25,120601.33239746094,local,18760.0,"[0.5042827158848614, 0.6463452825159914]","[0.500456304573166, 0.5105592326139972]",,0.0,"[0.5042827158848614, 0.6463452825159914]",,,,,,,,,,,,
g16_sgd_refr_s25_w512,2,ctx,1000,random,local,False,0.9259,0.06136917052716717,"[100, 128, 99, 103, 109, 100, 85, 93, 92, 91]",301.75078225135803,,,,,"[0.9105068443618862, 0.8055731878192223]",0.79223686439895,"[62.34277391311183, 11.400394838206461, 8.7681098496927]","(512, 256)",0.25,120601.33575439453,local,18760.0,"[0.5036597148187634, 0.6465512143523454]","[0.500484053076092, 0.5136052811990923]",,0.0,"[0.5036597148187634, 0.6465512143523454]",,,,,,,,,,,,
g16_sgd_refr_s25_w512_static,0,ctx,1000,random,local,True,0.9485,0.0,"[90, 98, 111, 100, 98, 97, 113, 109, 91, 93]",345.2915868759155,,,,,"[nan, nan]",,"[62.34277391311183, 12.890767578291555, 9.84229547317193]","(512, 256)",0.25,120593.07907104492,local,18750.0,"[0.5015564583333333, 0.6078433333333333]","[0.5000365013168255, 0.5066085365009307]",,0.0,"[0.5015564583333333, 0.6078433333333333]",,,,,,,,,,,,
g16_sgd_refr_s25_w512_static,1,ctx,1000,random,local,True,0.9544,0.0,"[100, 108, 109, 93, 95, 95, 78, 94, 114, 114]",315.9471571445465,,,,,"[nan, nan]",,"[62.34277391311183, 12.864732694775357, 9.8342134673522]","(512, 256)",0.25,120556.67907714844,local,18750.0,"[0.501395625, 0.619210625]","[0.5000675634930531, 0.5066860390369098]",,0.0,"[0.501395625, 0.619210625]",,,,,,,,,,,,
g16_sgd_refr_s25_w512_static,2,ctx,1000,random,local,True,0.9514,0.0,"[114, 96, 93, 106, 84, 104, 106, 104, 89, 104]",203.14994955062866,,,,,"[nan, nan]",,"[62.34277391311183, 12.923769286765843, 10.01831469879219]","(512, 256)",0.25,120594.89574432373,local,18750.0,"[0.50123875, 0.6146960416666667]","[0.5001069745671749, 0.5061113469294707]",,0.0,"[0.50123875, 0.6146960416666667]",,,,,,,,,,,,
g16_sgd_refr_s25_w512_static,3,ctx,1000,random,local,True,0.9482,0.0,"[114, 88, 117, 84, 90, 99, 107, 99, 107, 95]",205.1641969680786,,,,,"[nan, nan]",,"[62.34277391311183, 12.794580733936975, 9.682718947333097]","(512, 256)",0.25,120593.9123916626,local,18750.0,"[0.5018221875, 0.6291620833333333]","[0.5001049246430397, 0.5052780206263066]",,0.0,"[0.5018221875, 0.6291620833333333]",,,,,,,,,,,,
g16_sgd_refr_s25_w512_static,4,ctx,1000,random,local,True,0.9506,0.0,"[89, 86, 110, 96, 93, 101, 100, 113, 104, 108]",203.55224108695984,,,,,"[nan, nan]",,"[62.34277391311183, 12.672226181167835, 9.859420664537788]","(512, 256)",0.25,120589.79907989502,local,18750.0,"[0.5010748958333333, 0.6258852083333334]","[0.5000258660115798, 0.5056140230274201]",,0.0,"[0.5010748958333333, 0.6258852083333334]",,,,,,,,,,,,
g16_sgd_refr_s25_w512_static,5,ctx,1000,random,local,True,0.9504,0.0,"[95, 116, 99, 102, 102, 71, 114, 110, 90, 101]",206.69997668266296,,,,,"[nan, nan]",,"[62.34277391311183, 12.579958177800167, 10.045109050543969]","(512, 256)",0.25,120600.51239013672,local,18750.0,"[0.5009015625, 0.5969085416666666]","[0.5000534020221233, 0.5067686334121227]",,0.0,"[0.5009015625, 0.5969085416666666]",,,,,,,,,,,,
g16_sgd_silent_s10_w512,0,ctx,1000,random,local,False,0.8965,0.1164164705108571,"[110, 110, 96, 111, 95, 83, 105, 105, 100, 85]",321.94143986701965,,,,,"[0.8161983400652826, 0.774611905657199]",0.79223686439895,"[62.34277391311183, 13.116755795431002, 4.030184476293362]","(512, 256)",0.1,114307.67224121094,local,18760.0,"[0.5274169401319296, 0.7729002865138592]","[0.133892141341337, 0.16990663949648407]",,0.0,"[0.5274169401319296, 0.7729002865138592]",,,,,,,,,,,,
g16_sgd_silent_s10_w512,1,ctx,1000,random,local,False,0.8898,0.12638483615733187,"[98, 104, 90, 109, 99, 79, 109, 124, 95, 93]",344.89488983154297,,,,,"[0.7798278905713818, 0.7938267134803131]",0.79223686439895,"[62.34277391311183, 13.964343101877999, 3.764328348152218]","(512, 256)",0.1,114307.67224121094,local,18760.0,"[0.5286952167177505, 0.7826994353011727]","[0.14290384431846187, 0.15250441640926235]",,0.0,"[0.5286952167177505, 0.7826994353011727]",,,,,,,,,,,,
g16_sgd_silent_s10_w512,2,ctx,1000,random,local,False,0.8942,0.12276626179217662,"[100, 128, 99, 103, 109, 100, 85, 93, 92, 91]",342.44752192497253,,,,,"[0.7984232866892991, 0.804006951110213]",0.79223686439895,"[62.34277391311183, 14.062249261723887, 5.504845126684863]","(512, 256)",0.1,114307.67224121094,local,18760.0,"[0.5412829824093817, 0.778081481543177]","[0.12631959586011082, 0.15945080734277045]",,0.0,"[0.5412829824093817, 0.778081481543177]",,,,,,,,,,,,
g16_sgd_silent_s10_w512,3,ctx,1000,random,local,False,0.8737,0.14726795625515923,"[83, 107, 107, 100, 97, 90, 89, 118, 103, 106]",352.9817087650299,,,,,"[0.8095500507301805, 0.8142613354753531]",0.79223686439895,"[62.34277391311183, 15.40393782652577, 4.015427929358053]","(512, 256)",0.1,114307.67224121094,local,18760.0,"[0.5335902102212153, 0.7845686467217484]","[0.1258097103967675, 0.15566954832660085]",,0.0,"[0.5335902102212153, 0.7845686467217484]",,,,,,,,,,,,
g16_sgd_silent_s10_w512,4,ctx,1000,random,local,False,0.891,0.12604905118658613,"[98, 122, 86, 101, 96, 101, 90, 124, 89, 93]",361.79859471321106,,,,,"[0.793293532789231, 0.8013396161931416]",0.79223686439895,"[62.34277391311183, 14.194182806404799, 4.956424661809044]","(512, 256)",0.1,114307.67224121094,local,18760.0,"[0.5225575526385927, 0.7804306453224946]","[0.1427348752450476, 0.17034681618480738]",,0.0,"[0.5225575526385927, 0.7804306453224946]",,,,,,,,,,,,
g16_sgd_silent_s10_w512,5,ctx,1000,random,local,False,0.8826,0.13610388370188886,"[87, 134, 80, 95, 100, 97, 91, 114, 107, 95]",342.96554923057556,,,,,"[0.822054855250909, 0.8358286392687635]",0.79223686439895,"[62.34277391311183, 13.484105422654975, 5.22648825204725]","(512, 256)",0.1,114307.67224121094,local,18760.0,"[0.5343618819962687, 0.7759143040378464]","[0.12388430443415636, 0.1691305973372464]",,0.0,"[0.5343618819962687, 0.7759143040378464]",,,,,,,,,,,,
g16_sgd_silent_s10_w512_static,0,ctx,1000,random,local,True,0.9593,0.0,"[90, 98, 111, 100, 98, 97, 113, 109, 91, 93]",365.98241209983826,,,,,"[nan, nan]",,"[62.34277391311183, 27.98320134985299, 9.903557515000273]","(512, 256)",0.1,114307.67224121094,local,18750.0,"[0.3472017708333333, 0.4462083333333333]","[0.14582641064941884, 0.0719466239651541]",,0.0,"[0.3472017708333333, 0.4462083333333333]",,,,,,,,,,,,
g16_sgd_silent_s10_w512_static,1,ctx,1000,random,local,True,0.9594,0.0,"[100, 108, 109, 93, 95, 95, 78, 94, 114, 114]",335.13519954681396,,,,,"[nan, nan]",,"[62.34277391311183, 31.304197230149065, 9.92036891748418]","(512, 256)",0.1,114307.67224121094,local,18750.0,"[0.33541375, 0.4689520833333333]","[0.14680919318437577, 0.07078351804065208]",,0.0,"[0.33541375, 0.4689520833333333]",,,,,,,,,,,,
g16_sgd_silent_s10_w512_static,2,ctx,1000,random,local,True,0.9616,0.0,"[114, 96, 93, 106, 84, 104, 106, 104, 89, 104]",330.56313014030457,,,,,"[nan, nan]",,"[62.34277391311183, 29.465579461896503, 9.62055197160627]","(512, 256)",0.1,114307.67224121094,local,18750.0,"[0.34404427083333333, 0.47149583333333334]","[0.14760907700916132, 0.07186688911442955]",,0.0,"[0.34404427083333333, 0.47149583333333334]",,,,,,,,,,,,
g16_sgd_silent_s10_w512_static,3,ctx,1000,random,local,True,0.9574,0.0,"[114, 88, 117, 84, 90, 99, 107, 99, 107, 95]",353.0255904197693,,,,,"[nan, nan]",,"[62.34277391311183, 30.880479603834182, 8.764235584265805]","(512, 256)",0.1,114307.67224121094,local,18750.0,"[0.33680447916666667, 0.48528875]","[0.14986561914861202, 0.0600879393927753]",,0.0,"[0.33680447916666667, 0.48528875]",,,,,,,,,,,,
g16_sgd_silent_s10_w512_static,4,ctx,1000,random,local,True,0.9562,0.0,"[89, 86, 110, 96, 93, 101, 100, 113, 104, 108]",342.59516620635986,,,,,"[nan, nan]",,"[62.34277391311183, 31.470796672684425, 9.878532098763829]","(512, 256)",0.1,114307.67224121094,local,18750.0,"[0.35236989583333334, 0.4522820833333333]","[0.1457798277423779, 0.07412110503807665]",,0.0,"[0.35236989583333334, 0.4522820833333333]",,,,,,,,,,,,
g16_sgd_silent_s10_w512_static,5,ctx,1000,random,local,True,0.9605,0.0,"[95, 116, 99, 102, 102, 71, 114, 110, 90, 101]",350.13857650756836,,,,,"[nan, nan]",,"[62.34277391311183, 28.966834877558956, 9.121967148862874]","(512, 256)",0.1,114307.67224121094,local,18750.0,"[0.3395221875, 0.49169541666666666]","[0.14663856684863566, 0.06156707878343761]",,0.0,"[0.3395221875, 0.49169541666666666]",,,,,,,,,,,,
g16_sgd_silent_s15_w512,0,ctx,1000,random,local,False,0.8803,0.1388162220576365,"[110, 110, 96, 111, 95, 83, 105, 105, 100, 85]",370.02746510505676,,,,,"[0.8730982424903418, 0.8879077673381472]",0.79223686439895,"[62.34277391311183, 16.499741690517354, 3.0114750774829195]","(512, 256)",0.15,116424.49255371094,local,18760.0,"[0.3402845565698294, 0.7036926139392324]","[0.09721814819516292, 0.14163722413197866]",,0.0,"[0.3402845565698294, 0.7036926139392324]",,,,,,,,,,,,
g16_sgd_silent_s15_w512,1,ctx,1000,random,local,False,0.8911,0.1251379777018992,"[98, 104, 90, 109, 99, 79, 109, 124, 95, 93]",341.8049108982086,,,,,"[0.8872014479349744, 0.851547654937025]",0.79223686439895,"[62.34277391311183, 13.441226326793961, 2.8065399805710274]","(512, 256)",0.15,116424.49255371094,local,18760.0,"[0.3507070187566631, 0.7116952208821962]","[0.10077464063939795, 0.13097261811322622]",,0.0,"[0.3507070187566631, 0.7116952208821962]",,,,,,,,,,,,
g16_sgd_silent_s15_w512,2,ctx,1000,random,local,False,0.8882,0.129010027984553,"[100, 128, 99, 103, 109, 100, 85, 93, 92, 91]",341.724406003952,,,,,"[0.8718111485413946, 0.8530043836847634]",0.79223686439895,"[62.34277391311183, 15.276738902104679, 5.339090175691273]","(512, 256)",0.15,116424.49255371094,local,18760.0,"[0.36710962486673776, 0.6961591317963752]","[0.09584720306255336, 0.1320005688478233]",,0.0,"[0.36710962486673776, 0.6961591317963752]",,,,,,,,,,,,
g16_sgd_silent_s15_w512_static,0,ctx,1000,random,local,True,0.9551,0.0,"[90, 98, 111, 100, 98, 97, 113, 109, 91, 93]",344.26121520996094,,,,,"[nan, nan]",,"[62.34277391311183, 27.835331204996148, 9.483075773252354]","(512, 256)",0.15,116424.49255371094,local,18750.0,"[0.17275322916666666, 0.33080020833333335]","[0.08456332435091336, 0.044829125816921396]",,0.0,"[0.17275322916666666, 0.33080020833333335]",,,,,,,,,,,,
g16_sgd_silent_s15_w512_static,1,ctx,1000,random,local,True,0.9556,0.0,"[100, 108, 109, 93, 95, 95, 78, 94, 114, 114]",343.85452461242676,,,,,"[nan, nan]",,"[62.34277391311183, 30.48305003750358, 10.133985886918653]","(512, 256)",0.15,116424.49255371094,local,18750.0,"[0.16699614583333333, 0.326785]","[0.08616010360439619, 0.04956017249676088]",,0.0,"[0.16699614583333333, 0.326785]",,,,,,,,,,,,
g16_sgd_silent_s15_w512_static,2,ctx,1000,random,local,True,0.956,0.0,"[114, 96, 93, 106, 84, 104, 106, 104, 89, 104]",239.9309639930725,,,,,"[nan, nan]",,"[62.34277391311183, 28.10586132555689, 9.384694576877067]","(512, 256)",0.15,116424.49255371094,local,18750.0,"[0.171678125, 0.35182416666666666]","[0.08980055280248324, 0.045179556148846944]",,0.0,"[0.171678125, 0.35182416666666666]",,,,,,,,,,,,
g17_adam_leak_s10,0,ctx,1000,random,local,False,0.9251,0.03972928484961452,"[110, 110, 96, 111, 95, 83, 105, 105, 100, 85]",479.9302842617035,,,,,"[0.8644546323079414, 0.6200217150570982]",0.79223686439895,"[62.34277391311183, 20.913124086889983, 8.424747408621775]","(512, 256)",0.1,114307.67224121094,local,18760.0,"[0.7512554762460021, 0.8120471165378464]","[0.5041403973574387, 0.5319832480026048]",,0.0,"[0.7512554762460021, 0.8120471165378464]",,,,,,,,,,,,
g17_adam_leak_s10,1,ctx,1000,random,local,False,0.9231,0.03907041002688405,"[98, 104, 90, 109, 99, 79, 109, 124, 95, 93]",464.8367533683777,,,,,"[0.8531435205747465, 0.6683373795873337]",0.79223686439895,"[62.34277391311183, 21.7134663081382, 7.000726165891346]","(512, 256)",0.1,114307.67224121094,local,18760.0,"[0.7409553446495203, 0.8112298440831557]","[0.506901242101847, 0.5297714594044665]",,0.0,"[0.7409553446495203, 0.8112298440831557]",,,,,,,,,,,,
g17_adam_leak_s10,2,ctx,1000,random,local,False,0.9297,0.03692331156643394,"[100, 128, 99, 103, 109, 100, 85, 93, 92, 91]",473.58205556869507,,,,,"[0.854823698346849, 0.5423236527040087]",0.79223686439895,"[62.34277391311183, 18.69261876401506, 6.603997390068587]","(512, 256)",0.1,114307.67224121094,local,18760.0,"[0.7454790778251599, 0.810085454424307]","[0.5043293380899467, 0.5332255097067377]",,0.0,"[0.7454790778251599, 0.810085454424307]",,,,,,,,,,,,
g17_adam_none_s10,0,ctx,1000,random,local,False,0.9079,0.09638690867766214,"[110, 110, 96, 111, 95, 83, 105, 105, 100, 85]",553.0898003578186,,,,,"[0.9309312070851217, 0.7665987164096408]",0.79223686439895,"[62.34277391311183, 7.25036373559941, 3.5335108241699955]","(512, 256)",0.1,114307.67224121094,local,18760.0,"[1.0, 1.0]","[1.0, 1.0]",,0.0,"[1.0, 1.0]",,,,,,,,,,,,
g17_adam_none_s10,1,ctx,1000,random,local,False,0.886,0.12132795688109937,"[98, 104, 90, 109, 99, 79, 109, 124, 95, 93]",500.8755226135254,,,,,"[0.9247887726097549, 0.7420247476149877]",0.79223686439895,"[62.34277391311183, 7.6627665031174, 2.4266663146099807]","(512, 256)",0.1,114307.67224121094,local,18760.0,"[1.0, 1.0]","[1.0, 1.0]",,0.0,"[1.0, 1.0]",,,,,,,,,,,,
g17_adam_none_s10,2,ctx,1000,random,local,False,0.8965,0.10700560836545131,"[100, 128, 99, 103, 109, 100, 85, 93, 92, 91]",336.24538111686707,,,,,"[0.9628608151867353, 0.6826101771791426]",0.79223686439895,"[62.34277391311183, 7.144134834539105, 3.125950367078801]","(512, 256)",0.1,114307.67224121094,local,18760.0,"[1.0, 1.0]","[1.0, 1.0]",,0.0,"[1.0, 1.0]",,,,,,,,,,,,
g17_adam_refr_s10,0,ctx,1000,random,local,False,0.9227,0.05281913212788891,"[110, 110, 96, 111, 95, 83, 105, 105, 100, 85]",521.9944937229156,,,,,"[0.8823323435539885, 0.656321562204645]",0.79223686439895,"[62.34277391311183, 12.3239470119246, 5.727685851972363]","(512, 256)",0.1,114307.67224121094,local,18760.0,"[0.7554699993336887, 0.8223855610341151]","[0.502802174749659, 0.5317714542126668]",,0.0,"[0.7554699993336887, 0.8223855610341151]",,,,,,,,,,,,
g17_adam_refr_s10,1,ctx,1000,random,local,False,0.9158,0.04163965182185378,"[98, 104, 90, 109, 99, 79, 109, 124, 95, 93]",524.0736591815948,,,,,"[0.8736715876623526, 0.6744574351101894]",0.79223686439895,"[62.34277391311183, 9.684569377174446, 3.0141391141364853]","(512, 256)",0.1,114307.67224121094,local,18760.0,"[0.7572342667244136, 0.8228453158315565]","[0.503957131826706, 0.5347666169336038]",,0.0,"[0.7572342667244136, 0.8228453158315565]",,,,,,,,,,,,
g17_adam_refr_s10,2,ctx,1000,random,local,False,0.9254,0.05366284639123117,"[100, 128, 99, 103, 109, 100, 85, 93, 92, 91]",524.0637140274048,,,,,"[0.8553760715773494, 0.5872521438326201]",0.79223686439895,"[62.34277391311183, 12.119920498098816, 6.627583817339246]","(512, 256)",0.1,114307.67224121094,local,18760.0,"[0.7576440481743071, 0.8192343250266525]","[0.5030780339848001, 0.5392620102437868]",,0.0,"[0.7576440481743071, 0.8192343250266525]",,,,,,,,,,,,
g17_adam_refr_s10,3,ctx,1000,random,local,False,0.9079,0.05969623575124036,"[83, 107, 107, 100, 97, 90, 89, 118, 103, 106]",481.6630072593689,,,,,"[0.8357445396812718, 0.6121612439748045]",0.79223686439895,"[62.34277391311183, 11.251565896731096, 4.217120546452973]","(512, 256)",0.1,114307.67224121094,local,18760.0,"[0.7556699968350213, 0.8208538779317697]","[0.5032402443594294, 0.5298242094987102]",,0.0,"[0.7556699968350213, 0.8208538779317697]",,,,,,,,,,,,
g17_adam_refr_s10,4,ctx,1000,random,local,False,0.9209,0.05084934403354588,"[98, 122, 86, 101, 96, 101, 90, 124, 89, 93]",454.16353464126587,,,,,"[0.8586567029456929, 0.6841036371069646]",0.79223686439895,"[62.34277391311183, 10.64278393540473, 4.0601461540083665]","(512, 256)",0.1,114307.67224121094,local,18760.0,"[0.7599857159514926, 0.8209121801705757]","[0.5041539987116787, 0.5305540158844757]",,0.0,"[0.7599857159514926, 0.8209121801705757]",,,,,,,,,,,,
g17_adam_refr_s10,5,ctx,1000,random,local,False,0.9164,0.05103866620839681,"[87, 134, 80, 95, 100, 97, 91, 114, 107, 95]",298.7954411506653,,,,,"[0.8418218812098303, 0.678126340307917]",0.79223686439895,"[62.34277391311183, 11.393217609476375, 5.517415630518588]","(512, 256)",0.1,114307.67224121094,local,18760.0,"[0.7537975579690832, 0.825411447228145]","[0.5034109610333435, 0.5376726040486067]",,0.0,"[0.7537975579690832, 0.825411447228145]",,,,,,,,,,,,
g17_ctx_none_s10,0,ctx,0,,,False,0.1958,0.9962813231316331,"[0, 0, 0, 0, 0, 0, 0, 0, 0, 0]",28.76964282989502,,,,,"[0.6823126877764831, 0.7636050397791725]",0.79223686439895,"[62.34277391311183, 24.147466522644592, 2.1366061203252453]","(512, 256)",0.1,114307.67224121094,,,,,,,,,,,,,,,,,,,
g17_ctx_none_s10,1,ctx,0,,,False,0.1955,0.9968781123705895,"[0, 0, 0, 0, 0, 0, 0, 0, 0, 0]",28.76345419883728,,,,,"[0.6722131673673092, 0.6507189370738834]",0.79223686439895,"[62.34277391311183, 24.58984414869253, 1.8062443169114797]","(512, 256)",0.1,114307.67224121094,,,,,,,,,,,,,,,,,,,
g17_ctx_none_s10,2,ctx,0,,,False,0.1954,0.996879040419361,"[0, 0, 0, 0, 0, 0, 0, 0, 0, 0]",19.4921658039093,,,,,"[0.6808338312770355, 0.7255617662704528]",0.79223686439895,"[62.34277391311183, 23.83374596263399, 1.9130373373556215]","(512, 256)",0.1,114307.67224121094,,,,,,,,,,,,,,,,,,,
g17_mirror_s10,0,ctx,1000,random,local,False,0.788,0.2079594992677895,"[110, 110, 96, 111, 95, 83, 105, 105, 100, 85]",1004.4831058979034,,,,,"[0.9319515860857843, 0.871301247771836]",0.79223686439895,"[62.34277391311201, 6.697006291443421, 5.604067577479306]","(512, 256)",0.1,114272.61557388306,local,18760.0,"[1.0, 1.0]","[1.0, 1.0]",,0.0,"[1.0, 1.0]",,,"{'epochs_per_task': 5, 'batch': 256, 'nrem_batches': 20, 'nrem_gain': 3.0, 'val': False}",,,,0.0,,,,,
g17_mirror_s10,1,ctx,1000,random,local,False,0.7609,0.20451225136855916,"[98, 104, 90, 109, 99, 79, 109, 124, 95, 93]",1019.6827425956726,,,,,"[0.9166959178916141, 0.8711948492243742]",0.79223686439895,"[62.34277391311201, 5.837928671134348, 3.170319630341014]","(512, 256)",0.1,114307.67224121094,local,18760.0,"[1.0, 1.0]","[1.0, 1.0]",,0.0,"[1.0, 1.0]",,,"{'epochs_per_task': 5, 'batch': 256, 'nrem_batches': 20, 'nrem_gain': 3.0, 'val': False}",,,,0.0,,,,,
g17_mirror_s10,2,ctx,1000,random,local,False,0.7884,0.18518467725780935,"[100, 128, 99, 103, 109, 100, 85, 93, 92, 91]",960.274561882019,,,,,"[0.8934612301355622, 0.8556049883815057]",0.79223686439895,"[62.34277391311201, 5.80085618735163, 1.6478780351216304]","(512, 256)",0.1,114307.67224121094,local,18760.0,"[1.0, 1.0]","[1.0, 1.0]",,0.0,"[1.0, 1.0]",,,"{'epochs_per_task': 5, 'batch': 256, 'nrem_batches': 20, 'nrem_gain': 3.0, 'val': False}",,,,0.0,,,,,
g17_night_nb16_s10,0,ctx,1000,random,nrem,False,0.8378,0.1588573602664893,"[95, 103, 99, 83, 108, 98, 94, 111, 110, 99]",36.360276222229004,,,,,"[0.7677732219178416, 0.75573157385915]",0.79223686439895,"[62.34277391311183, 15.411043008897815, 7.784715979896715]","(512, 256)",0.1,114307.67224121094,,,,,,,,,,,,,,,,,,,
g17_night_nb16_s10,1,ctx,1000,random,nrem,False,0.9001,0.06311003671139279,"[90, 117, 113, 95, 93, 90, 101, 103, 95, 103]",37.84004020690918,,,,,"[0.7909447840287662, 0.7145846678808218]",0.79223686439895,"[62.34277391311183, 14.023315437893102, 7.673952802055591]","(512, 256)",0.1,114307.5055770874,,,,,,,,,,,,,,,,,,,
g17_night_nb16_s10,2,ctx,1000,random,nrem,False,0.881,0.09020218619547904,"[113, 113, 102, 85, 91, 88, 93, 109, 104, 102]",35.264728307724,,,,,"[0.8180078459061744, 0.7124475234536037]",0.79223686439895,"[62.34277391311183, 15.717742687653994, 7.003398382854545]","(512, 256)",0.1,114305.61556625366,,,,,,,,,,,,,,,,,,,
g17_night_s10,0,ctx,1000,random,nrem,False,0.928,0.04266108054816514,"[96, 120, 99, 105, 84, 92, 107, 109, 99, 89]",41.2461211681366,,,,,"[0.770310446423886, 0.6728310111198025]",0.79223686439895,"[62.34277391311183, 16.335054455921078, 7.374419324318306]","(512, 256)",0.1,114307.6622467041,,,,,,,,,,,,,,,,,,,
g17_night_s10,1,ctx,1000,random,nrem,False,0.9212,0.05050571177787619,"[115, 122, 95, 107, 94, 82, 92, 99, 103, 91]",45.02326202392578,,,,,"[0.7481930627571418, 0.6824433203636744]",0.79223686439895,"[62.34277391311183, 15.67764506838176, 7.445571802480079]","(512, 256)",0.1,114307.67224121094,,,,,,,,,,,,,,,,,,,
g17_night_s10,2,ctx,1000,random,nrem,False,0.8439,0.16658822122803835,"[100, 100, 82, 96, 77, 103, 109, 114, 97, 122]",29.241317749023438,,,,,"[0.802444437413181, 0.68618731824613]",0.79223686439895,"[62.34277391311183, 15.263197067610903, 6.637491887660144]","(512, 256)",0.1,114307.67224121094,,,,,,,,,,,,,,,,,,,
g17_night_s10,3,ctx,1000,random,nrem,False,0.9233,0.043840129465319067,"[87, 100, 102, 119, 111, 97, 102, 95, 84, 103]",45.24133920669556,,,,,"[0.7515784740331661, 0.6535451337314766]",0.79223686439895,"[62.34277391311183, 16.489563309799546, 7.53524752002416]","(512, 256)",0.1,114307.67224121094,,,,,,,,,,,,,,,,,,,
g17_night_s10,4,ctx,1000,random,nrem,False,0.9177,0.04962999533802462,"[91, 101, 90, 103, 106, 109, 101, 95, 103, 101]",44.1972918510437,,,,,"[0.7732387357818619, 0.674269731874578]",0.79223686439895,"[62.34277391311183, 16.249608804138404, 7.777704831779724]","(512, 256)",0.1,114307.67224121094,,,,,,,,,,,,,,,,,,,
g17_night_s10,5,ctx,1000,random,nrem,False,0.9224,0.04158431213207123,"[97, 120, 100, 103, 114, 87, 105, 84, 103, 87]",33.69252109527588,,,,,"[0.7318152513857826, 0.6606482642476497]",0.79223686439895,"[62.34277391311183, 16.616017952991694, 7.521685198946661]","(512, 256)",0.1,114307.67224121094,,,,,,,,,,,,,,,,,,,
g17_sgd_anchor_s10,0,ctx,1000,random,local,False,0.9308,0.046214769068488676,"[110, 110, 96, 111, 95, 83, 105, 105, 100, 85]",409.8147077560425,,,,,"[0.8562192705917981, 0.7639592785011178]",0.79223686439895,"[62.34277391311183, 12.24103787055356, 9.76735522136668]","(512, 256)",0.1,114307.67224121094,local,18760.0,"[0.6131899445295842, 0.8369925623001067]","[0.5131019227302024, 0.5286681264126574]",,0.0,"[0.6131899445295842, 0.8369925623001067]",,,,,,,,,,,,
g17_sgd_anchor_s10,1,ctx,1000,random,local,False,0.9269,0.049661530130056,"[98, 104, 90, 109, 99, 79, 109, 124, 95, 93]",405.18427562713623,,,,,"[0.8358777535353777, 0.6950675286891455]",0.79223686439895,"[62.34277391311183, 10.940430402183079, 9.656586770379459]","(512, 256)",0.1,114307.67557907104,local,18760.0,"[0.6127853686367271, 0.8254939032515991]","[0.5151777848005612, 0.5255115623857929]",,0.0,"[0.6127853686367271, 0.8254939032515991]",,,,,,,,,,,,
g17_sgd_anchor_s10,2,ctx,1000,random,local,False,0.9265,0.06373500139150534,"[100, 128, 99, 103, 109, 100, 85, 93, 92, 91]",386.97545433044434,,,,,"[0.8560614428398436, 0.7305290971214924]",0.79223686439895,"[62.34277391311183, 11.516603355628751, 9.489076338378286]","(512, 256)",0.1,114307.67224121094,local,18760.0,"[0.6176331997934434, 0.8317645172574627]","[0.5113490387153968, 0.528540671943252]",,0.0,"[0.6176331997934434, 0.8317645172574627]",,,,,,,,,,,,
g17_sgd_anchor_s10,3,ctx,1000,random,local,False,0.921,0.06209549969453271,"[83, 107, 107, 100, 97, 90, 89, 118, 103, 106]",368.1472496986389,,,,,"[0.8433165244981506, 0.6669455860696676]",0.79223686439895,"[62.34277391311183, 11.83785699543012, 10.413244723905507]","(512, 256)",0.1,114307.67224121094,local,18760.0,"[0.621295517390725, 0.8290513809301706]","[0.5125791293034739, 0.5379023959463053]",,0.0,"[0.621295517390725, 0.8290513809301706]",,,,,,,,,,,,
g17_sgd_anchor_s10,4,ctx,1000,random,local,False,0.9306,0.04995956681329891,"[98, 122, 86, 101, 96, 101, 90, 124, 89, 93]",221.1897451877594,,,,,"[0.863762894234851, 0.7631978048630641]",0.79223686439895,"[62.34277391311183, 11.637866160460046, 7.039970571904383]","(512, 256)",0.1,114307.67224121094,local,18760.0,"[0.6140731193363539, 0.832018756663113]","[0.5129477845207016, 0.5335094774417929]",,0.0,"[0.6140731193363539, 0.832018756663113]",,,,,,,,,,,,
g17_sgd_anchor_s10,5,ctx,1000,random,local,False,0.9277,0.05445533619531351,"[87, 134, 80, 95, 100, 97, 91, 114, 107, 95]",223.34529209136963,,,,,"[0.8757059245424333, 0.670121965271434]",0.79223686439895,"[62.34277391311183, 11.295305547129333, 9.618865998517963]","(512, 256)",0.1,114307.67224121094,local,18760.0,"[0.6161743944896055, 0.8260121685101279]","[0.5117915875756982, 0.5325528788755634]",,0.0,"[0.6161743944896055, 0.8260121685101279]",,,,,,,,,,,,
g17_sgd_br16_night_s10,0,ctx,1000,random,local,False,0.9271,0.0598611801732124,"[120, 132, 84, 82, 95, 97, 98, 111, 77, 104]",485.92948508262634,,,,,"[0.8295571254879605, 0.7542811865452185]",0.79223686439895,"[62.34277391311183, 12.696368956892785, 11.372530343261271]","(512, 256)",0.1,114307.67224121094,local,19260.0,"[0.68604952358742, 0.8399668093683369]","[0.5063657811777329, 0.5302451116447923]",,0.0,"[0.68604952358742, 0.8399668093683369]",,,,,,,,,,,,
g17_sgd_br16_night_s10,1,ctx,1000,random,local,False,0.9316,0.05347812070139649,"[105, 106, 95, 97, 94, 100, 100, 97, 95, 111]",330.6274845600128,,,,,"[0.8697224947844437, 0.7617952366101494]",0.79223686439895,"[62.34277391311183, 13.335049748225705, 10.172553417890805]","(512, 256)",0.1,114307.67224121094,local,19260.0,"[0.6878653259928038, 0.8366254664179105]","[0.5056823913208537, 0.5336045600358706]",,0.0,"[0.6878653259928038, 0.8366254664179105]",,,,,,,,,,,,
g17_sgd_br16_night_s10,2,ctx,1000,random,local,False,0.9236,0.06762881280716071,"[79, 113, 100, 104, 103, 87, 84, 103, 123, 104]",245.98088455200195,,,,,"[0.8155661117737993, 0.7806567447623767]",0.79223686439895,"[62.34277391311183, 14.192596402404178, 10.534427873123237]","(512, 256)",0.1,114307.67224121094,local,19260.0,"[0.6842504830756929, 0.8360874200426439]","[0.5074831334155188, 0.5286151807740339]",,0.0,"[0.6842504830756929, 0.8360874200426439]",,,,,,,,,,,,
g17_sgd_br256_s10,0,ctx,1000,random,local,False,0.9217,0.060923510455605706,"[109, 121, 107, 104, 82, 85, 105, 94, 107, 86]",776.0683524608612,,,,,"[0.90125388672308, 0.7554561715076106]",0.79223686439895,"[62.34277391311183, 10.341995814786237, 5.665492465606871]","(512, 256)",0.1,114307.67224121094,local,18760.0,"[0.6848491221348614, 0.8405802322094883]","[0.5150282977494414, 0.5314394677780679]",,0.0,"[0.6848491221348614, 0.8405802322094883]",,,,,,,,,,,,
g17_sgd_br256_s10,1,ctx,1000,random,local,False,0.9246,0.05404611928745914,"[100, 114, 92, 115, 77, 89, 93, 118, 109, 93]",619.6336071491241,,,,,"[0.9037581712926753, 0.7602204107722044]",0.79223686439895,"[62.34277391311183, 10.458778841312407, 9.88662742900873]","(512, 256)",0.1,114307.67224121094,local,18760.0,"[0.6915948993869936, 0.8446155800239872]","[0.5173931468611778, 0.5330429402479866]",,0.0,"[0.6915948993869936, 0.8446155800239872]",,,,,,,,,,,,
g17_sgd_br256_s10,2,ctx,1000,random,local,False,0.9236,0.0628402815590429,"[82, 142, 85, 100, 96, 99, 80, 100, 100, 116]",485.7954134941101,,,,,"[0.9200524008850286, 0.7222559884813406]",0.79223686439895,"[62.34277391311183, 11.292040687842837, 8.088411856459212]","(512, 256)",0.1,114307.67224121094,local,18760.0,"[0.6905766924307036, 0.8376894822761194]","[0.5170814257305759, 0.5340876550777063]",,0.0,"[0.6905766924307036, 0.8376894822761194]",,,,,,,,,,,,
g17_sgd_br4_s10,0,ctx,1000,random,local,False,0.9039,0.07279320129649167,"[118, 105, 114, 97, 92, 92, 102, 102, 87, 91]",329.6838483810425,,,,,"[0.8965066651815012, 0.7626126296147908]",0.79223686439895,"[62.34277391311183, 12.590259785216766, 9.288307275141408]","(512, 256)",0.1,114307.67224121094,local,18760.0,"[0.6795134261727079, 0.8353309484941365]","[0.5041446867476362, 0.515443077475738]",,0.0,"[0.6795134261727079, 0.8353309484941365]",,,,,,,,,,,,
g17_sgd_br4_s10,1,ctx,1000,random,local,False,0.9006,0.09265739149764357,"[92, 119, 108, 96, 73, 104, 82, 98, 106, 122]",272.4286198616028,,,,,"[0.8905491503521746, 0.7975705367847291]",0.79223686439895,"[62.34277391311183, 13.031400852656166, 9.05648587104063]","(512, 256)",0.1,114307.67224121094,local,18760.0,"[0.6820611298973881, 0.8320560284514925]","[0.5047397476039144, 0.516708028856923]",,0.0,"[0.6820611298973881, 0.8320560284514925]",,,,,,,,,,,,
g17_sgd_br4_s10,2,ctx,1000,random,local,False,0.098,0.0,"[87, 123, 105, 115, 83, 98, 98, 97, 102, 92]",180.79098510742188,,,,,"[0.0, 0.0]",0.79223686439895,"[62.34277391311183, 0.0, 0.0]","(512, 256)",0.1,110130.83239746094,local,18760.0,"[0.9579836587153518, 0.9813503631396588]","[0.048466727406835, 0.04202473304732871]",,0.0,"[0.9579836587153518, 0.9813503631396588]",,,,,,,,,,,,
g17_sgd_br64_s10,0,ctx,1000,random,local,False,0.9221,0.06626782749403667,"[92, 110, 96, 100, 97, 86, 77, 117, 106, 119]",438.43747115135193,,,,,"[0.9059515391806132, 0.7675201786618316]",0.79223686439895,"[62.34277391311183, 10.743492768818804, 8.829657603870041]","(512, 256)",0.1,114307.67224121094,local,18760.0,"[0.6826551880663646, 0.83921616804371]","[0.5099181206575207, 0.5300790720867482]",,0.0,"[0.6826551880663646, 0.83921616804371]",,,,,,,,,,,,
g17_sgd_br64_s10,1,ctx,1000,random,local,False,0.9168,0.05473357241955226,"[90, 109, 98, 95, 99, 101, 103, 99, 110, 96]",312.50838136672974,,,,,"[0.8913015525479009, 0.7883637036892535]",0.79223686439895,"[62.34277391311183, 11.176255851972293, 9.351271254522725]","(512, 256)",0.1,114307.67224121094,local,18760.0,"[0.6909897013259595, 0.8395241287979744]","[0.5100774736491157, 0.5294227238835842]",,0.0,"[0.6909897013259595, 0.8395241287979744]",,,,,,,,,,,,
g17_sgd_br64_s10,2,ctx,1000,random,local,False,0.9269,0.05715582758168847,"[91, 93, 105, 103, 95, 86, 113, 100, 100, 114]",277.38425183296204,,,,,"[0.8979544616474087, 0.6938276340393549]",0.79223686439895,"[62.34277391311183, 11.98726777345743, 8.826230938731937]","(512, 256)",0.1,114307.67224121094,local,18760.0,"[0.6910325951159382, 0.8395638992537313]","[0.5096793261243463, 0.542020371454611]",,0.0,"[0.6910325951159382, 0.8395638992537313]",,,,,,,,,,,,
g17_sgd_br8_s10,0,ctx,1000,random,local,False,0.921,0.06511665366148081,"[97, 116, 92, 105, 104, 87, 106, 82, 114, 97]",336.7149221897125,,,,,"[0.90522188275091, 0.7288139169235059]",0.79223686439895,"[62.34277391311183, 11.141697662552199, 9.920231833302667]","(512, 256)",0.1,114307.67224121094,local,18760.0,"[0.6767354286047441, 0.8361640458422175]","[0.5045785159361101, 0.5245654361092174]",,0.0,"[0.6767354286047441, 0.8361640458422175]",,,,,,,,,,,,
g17_sgd_br8_s10,1,ctx,1000,random,local,False,0.9156,0.07731591021417686,"[85, 104, 110, 80, 101, 92, 106, 104, 111, 107]",265.6313352584839,,,,,"[0.9004863936653716, 0.7635214567518155]",0.79223686439895,"[62.34277391311183, 11.943197046751218, 10.444565013200688]","(512, 256)",0.1,114307.67224121094,local,18760.0,"[0.6775719616204691, 0.8341534514925373]","[0.5045580518565007, 0.530135297089982]",,0.0,"[0.6775719616204691, 0.8341534514925373]",,,,,,,,,,,,
g17_sgd_br8_s10,2,ctx,1000,random,local,False,0.9163,0.07478953451200196,"[99, 112, 116, 87, 94, 88, 99, 109, 90, 106]",193.50832962989807,,,,,"[0.8824997806102928, 0.7988027196998415]",0.79223686439895,"[62.34277391311183, 11.31680794635131, 10.118906149816343]","(512, 256)",0.1,114307.67224121094,local,18760.0,"[0.6821700301505863, 0.838750583022388]","[0.5048693168983817, 0.516595784066392]",,0.0,"[0.6821700301505863, 0.838750583022388]",,,,,,,,,,,,
g17_sgd_burst16_128_s10,0,ctx,1000,random,local,False,0.8717,0.13062447528730117,"[111, 118, 95, 98, 75, 94, 98, 111, 99, 101]",187.1575539112091,,,,,"[0.6318470567309933, 0.8223818111306365]",0.79223686439895,"[62.34277391311183, 10.121680403982882, 7.932712915499531]","(512, 256)",0.1,114307.67224121094,local,2336.0,"[0.5311429794520548, 0.8438570205479452]","[0.5172129366674447, 0.5871908722241244]",,0.0,"[0.5311429794520548, 0.8438570205479452]",,,,,,,,,,,,
g17_sgd_burst16_128_s10,1,ctx,1000,random,local,False,0.8752,0.12847005729458746,"[102, 113, 114, 94, 91, 101, 92, 93, 103, 97]",158.58231282234192,,,,,"[0.6178780462746143, 0.8635623896108573]",0.79223686439895,"[62.34277391311183, 11.711813185372968, 8.595369583509784]","(512, 256)",0.1,114307.67224121094,local,2336.0,"[0.5280661386986302, 0.8420109160958904]","[0.5180933218168682, 0.5854342919455408]",,0.0,"[0.5280661386986302, 0.8420109160958904]",,,,,,,,,,,,
g17_sgd_burst16_128_s10,2,ctx,1000,random,local,False,0.872,0.13167797897700192,"[83, 122, 116, 99, 88, 95, 94, 111, 106, 86]",124.86431002616882,,,,,"[0.6453483440588687, 0.8226328319854082]",0.79223686439895,"[62.34277391311183, 11.5758832759372, 8.293967526572763]","(512, 256)",0.1,114307.67224121094,local,2336.0,"[0.5315576840753424, 0.8430276113013698]","[0.5156449971414389, 0.6185714942084192]",,0.0,"[0.5315576840753424, 0.8430276113013698]",,,,,,,,,,,,
g17_sgd_cad2_br64_s10,0,ctx,1000,random,local,False,0.9176,0.07092950733582601,"[113, 107, 104, 94, 86, 84, 95, 107, 101, 109]",326.09376215934753,,,,,"[0.7156327901303938, 0.8559561475130979]",0.79223686439895,"[62.34277391311183, 11.37415109303275, 7.889089495595306]","(512, 256)",0.1,114307.67224121094,local,9380.0,"[0.5712249300373134, 0.8546258662046908]","[0.5005603261403183, 0.5963180560960191]",,0.0,"[0.5712249300373134, 0.8546258662046908]",,,,,,,,,,,,
g17_sgd_cad2_br64_s10,1,ctx,1000,random,local,False,0.9144,0.07867407808447519,"[94, 114, 109, 102, 108, 70, 105, 93, 97, 108]",299.04735255241394,,,,,"[0.7772822037689954, 0.7342106793475589]",0.79223686439895,"[62.34277391311183, 11.345085470672595, 8.007635259402113]","(512, 256)",0.1,114307.67224121094,local,9380.0,"[0.5720301255996801, 0.8494561234008529]","[0.5013368380254012, 0.6072325450683962]",,0.0,"[0.5720301255996801, 0.8494561234008529]",,,,,,,,,,,,
g17_sgd_cad2_br64_s10,2,ctx,1000,random,local,False,0.911,0.07980648699876675,"[93, 131, 98, 85, 86, 95, 90, 110, 95, 117]",213.4583282470703,,,,,"[0.6881100435049043, 0.750234495037031]",0.79223686439895,"[62.34277391311183, 10.934782929130481, 8.07459071376398]","(512, 256)",0.1,114307.67224121094,local,9380.0,"[0.5732101212686567, 0.8467134195095949]","[0.5025164282811222, 0.5892117737992995]",,0.0,"[0.5732101212686567, 0.8467134195095949]",,,,,,,,,,,,
g17_sgd_cad8_br16_s10,0,ctx,1000,random,local,False,0.8234,0.183987404150125,"[102, 114, 103, 89, 100, 115, 101, 91, 95, 90]",185.59277319908142,,,,,"[0.6216003755269924, 0.8148963728396674]",0.79223686439895,"[62.34277391311183, 9.848138275408767, 4.490645646160664]","(512, 256)",0.1,114307.67224121094,local,2345.0,"[0.5283657049573561, 0.8533032382729211]","[0.5155058622868585, 0.6589811916544493]",,0.0,"[0.5283657049573561, 0.8533032382729211]",,,,,,,,,,,,
g17_sgd_cad8_br16_s10,1,ctx,1000,random,local,False,0.7877,0.23073145289230282,"[103, 130, 93, 90, 108, 74, 94, 99, 110, 99]",182.04388213157654,,,,,"[0.5986496610029111, 0.8069137528594343]",0.79223686439895,"[62.34277391311183, 9.672630519095799, 5.62023789845503]","(512, 256)",0.1,114307.67224121094,local,2345.0,"[0.5265266857675907, 0.8453274920042644]","[0.5151991700948174, 0.623641686373428]",,0.0,"[0.5265266857675907, 0.8453274920042644]",,,,,,,,,,,,
g17_sgd_cad8_br16_s10,2,ctx,1000,random,local,False,0.8452,0.15192352898218692,"[118, 120, 95, 88, 108, 104, 91, 98, 84, 94]",121.54299831390381,,,,,"[0.5927290410845336, 0.714617906530121]",0.79223686439895,"[62.34277391311183, 9.89574391564531, 4.896500428582851]","(512, 256)",0.1,114307.67224121094,local,2345.0,"[0.5260785914179105, 0.843455157249467]","[0.521668173928759, 0.6413728421176674]",,0.0,"[0.5260785914179105, 0.843455157249467]",,,,,,,,,,,,
g17_sgd_none_s10,0,ctx,1000,random,local,False,0.8751,0.13574262020007316,"[110, 110, 96, 111, 95, 83, 105, 105, 100, 85]",357.03065276145935,,,,,"[0.8899944166090856, 0.7138488298137626]",0.79223686439895,"[62.34277391311183, 5.618183188690303, 8.449976362656914]","(512, 256)",0.1,114238.98890304565,local,18760.0,"[1.0, 1.0]","[1.0, 1.0]",,0.0,"[1.0, 1.0]",,,,,,,,,,,,
g17_sgd_none_s10,1,ctx,1000,random,local,False,0.8565,0.14527420607838806,"[98, 104, 90, 109, 99, 79, 109, 124, 95, 93]",358.2426540851593,,,,,"[0.8457855654178255, 0.5224049278427625]",0.79223686439895,"[62.34277391311183, 6.213545130192361, 7.064989570943786]","(512, 256)",0.1,114144.04557037354,local,18760.0,"[1.0, 1.0]","[1.0, 1.0]",,0.0,"[1.0, 1.0]",,,,,,,,,,,,
g17_sgd_none_s10,2,ctx,1000,random,local,False,0.8772,0.119678324145331,"[100, 128, 99, 103, 109, 100, 85, 93, 92, 91]",357.35374331474304,,,,,"[0.8736260407177723, 0.6385164988719031]",0.79223686439895,"[62.34277391311183, 4.416549867284452, 5.611408530619533]","(512, 256)",0.1,114199.2689113617,local,18760.0,"[1.0, 1.0]","[1.0, 1.0]",,0.0,"[1.0, 1.0]",,,,,,,,,,,,
g17_sgd_pburst16_s10,0,ctx,1000,random,local,False,0.8957,-0.00137309288645579,"[95, 105, 89, 108, 102, 87, 94, 105, 112, 103]",226.36241793632507,,,,,"[0.7995685794912383, 0.7890266795784037]",0.79223686439895,"[62.34277391311183, 11.37751882260204, 7.98613874057585]","(512, 256)",0.1,114138.705575943,local,6032.0,"[0.5863105106100795, 0.8635195623342176]","[0.5165683965665592, 0.5292873517282811]",pressure,6.4,"[0.5863105106100795, 0.8635195623342176]",,3.605221633551948,,,,,,,,,,
g17_sgd_pburst16_s10,1,ctx,1000,random,local,False,0.8991,0.040839132868673106,"[102, 118, 106, 90, 109, 79, 97, 122, 85, 92]",192.21813583374023,,,,,"[0.8321021182810991, 0.8409889593610524]",0.79223686439895,"[62.34277391311183, 10.381388143906094, 6.370877438795295]","(512, 256)",0.1,114242.9455833435,local,6368.0,"[0.5845634422110553, 0.8431120445979899]","[0.5203768237676453, 0.5332488643997653]",pressure,6.4,"[0.5845634422110553, 0.8431120445979899]",,3.580893406211567,,,,,,,,,,
g17_sgd_pburst16_s10,2,ctx,1000,random,local,False,0.8783,0.05176040123066031,"[97, 111, 103, 112, 99, 85, 85, 100, 120, 88]",158.7993278503418,,,,,"[0.8276339136701545, 0.8180116986906528]",0.79223686439895,"[62.34277391311183, 9.82336340350463, 8.302985375581732]","(512, 256)",0.1,114243.05558013916,local,6608.0,"[0.5869164270581114, 0.8299409806295399]","[0.5182594837481044, 0.5260668156745214]",pressure,6.4,"[0.5869164270581114, 0.8299409806295399]",,3.5781266772853475,,,,,,,,,,
g17_sgd_prog05_s10,0,ctx,1000,random,local,False,0.9083,0.10013459760572543,"[110, 110, 96, 111, 95, 83, 105, 105, 100, 85]",359.1950376033783,,,,,"[0.7525693149364533, 0.8191634881259624]",0.79223686439895,"[62.34277391311183, 14.902128804958767, 9.207236497969477]","(512, 256)",0.1,114307.67224121094,local,18760.0,"[0.5616666944296376, 0.7766686933635395]","[0.19730019101878998, 0.20852431859274997]",,0.0,"[0.5616666944296376, 0.7766686933635395]",0.13512793176972282,,,,,,,,,,,
g17_sgd_prog05_s10,1,ctx,1000,random,local,False,0.9058,0.1047126457613361,"[98, 104, 90, 109, 99, 79, 109, 124, 95, 93]",384.33731484413147,,,,,"[0.7599598445170462, 0.8112047702980079]",0.79223686439895,"[62.34277391311183, 14.190007022123902, 8.117207078456362]","(512, 256)",0.1,114307.67224121094,local,18760.0,"[0.5698018348547441, 0.7869269722814499]","[0.21231483995124126, 0.19245521546488426]",,0.0,"[0.5698018348547441, 0.7869269722814499]",0.1504264392324094,,,,,,,,,,,
g17_sgd_prog05_s10,2,ctx,1000,random,local,False,0.9106,0.09635376296992718,"[100, 128, 99, 103, 109, 100, 85, 93, 92, 91]",364.0007131099701,,,,,"[0.7777039868564194, 0.8280080980599532]",0.79223686439895,"[62.34277391311183, 16.87148414671757, 7.577960649900783]","(512, 256)",0.1,114307.67224121094,local,18760.0,"[0.562552992570629, 0.785856501532516]","[0.18463311732641416, 0.18714215252632851]",,0.0,"[0.562552992570629, 0.785856501532516]",0.12691897654584222,,,,,,,,,,,
g17_sgd_prog05_s10,3,ctx,1000,random,local,False,0.8868,0.12878368117385336,"[83, 107, 107, 100, 97, 90, 89, 118, 103, 106]",352.77338004112244,,,,,"[0.7632214245475082, 0.7922418150525432]",0.79223686439895,"[62.34277391311183, 11.646806490208144, 6.098076413032576]","(512, 256)",0.1,114307.67224121094,local,18760.0,"[0.5753324268723348, 0.7898512460021322]","[0.19750065721019402, 0.18762131478798302]",,0.0,"[0.5753324268723348, 0.7898512460021322]",0.1384861407249467,,,,,,,,,,,
g17_sgd_prog05_s10,4,ctx,1000,random,local,False,0.8968,0.11450914137273427,"[98, 122, 86, 101, 96, 101, 90, 124, 89, 93]",361.6310691833496,,,,,"[0.7295734689740512, 0.8390853395103883]",0.79223686439895,"[62.34277391311183, 11.988948533164411, 7.147288991637656]","(512, 256)",0.1,114307.67224121094,local,18760.0,"[0.5613732051239338, 0.7926593316897654]","[0.20898600468503387, 0.17756525412527546]",,0.0,"[0.5613732051239338, 0.7926593316897654]",0.13198294243070363,,,,,,,,,,,
g17_sgd_prog05_s10,5,ctx,1000,random,local,False,0.875,0.14235593658510898,"[87, 134, 80, 95, 100, 97, 91, 114, 107, 95]",343.191064119339,,,,,"[0.7421851243991773, 0.8144052170134302]",0.79223686439895,"[62.34277391311183, 10.463391242135415, 5.3788638161794715]","(512, 256)",0.1,114307.67224121094,local,18760.0,"[0.5585112939765459, 0.7955698627398721]","[0.19359659346988176, 0.18880569867731165]",,0.0,"[0.5585112939765459, 0.7955698627398721]",0.11556503198294243,,,,,,,,,,,
g17_sgd_sburst16_s10,0,ctx,1000,random,local,False,0.1902,0.9850302684405233,"[116, 119, 79, 104, 104, 96, 104, 99, 81, 98]",160.5903124809265,,,,,"[0.5628938556531267, 0.8792854887930126]",0.79223686439895,"[62.34277391311183, 14.476936738340815, 1.4904099836798652]","(512, 256)",0.1,114307.67224121094,local,0.0,,,surprise,10.0,,,0.302437047801191,,,,,,,,,,
g17_sgd_sburst16_s10,1,ctx,1000,random,local,False,0.1894,0.9801418150266474,"[79, 102, 108, 89, 108, 82, 108, 109, 119, 96]",134.09404969215393,,,,,"[0.5632751520757097, 0.8718998748435544]",0.79223686439895,"[62.34277391311183, 13.098179233423284, 1.3230159175073435]","(512, 256)",0.1,114307.67224121094,local,0.0,,,surprise,10.0,,,0.3002546680642283,,,,,,,,,,
g17_sgd_sburst16_s10,2,ctx,1000,random,local,False,0.189,0.9785583804156834,"[105, 107, 89, 89, 109, 107, 94, 95, 106, 99]",109.20871090888977,,,,,"[0.5823067287210464, 0.7940248495742391]",0.79223686439895,"[62.34277391311183, 16.535148381564827, 1.2418590247618757]","(512, 256)",0.1,114307.67224121094,local,0.0,,,surprise,10.0,,,0.31874806233329267,,,,,,,,,,
g17_soft_s10,0,ctx,1000,random,local,False,0.9,0.08182501263638184,"[110, 110, 96, 111, 95, 83, 105, 105, 100, 85]",539.280335187912,,,,,"[0.7867586596358889, 0.8726499706030186]",0.79223686439895,"[62.34277391311183, 7.333010830795616, 8.816791324721699]","(512, 256)",0.1,114307.67224121094,local,18760.0,"[0.6059740013659382, 0.759998417510661]","[0.1577818090425008, 0.3806621955034992]",,0.0,"[0.6059740013659382, 0.759998417510661]",,,,,,,,,,,,
g17_soft_s10,1,ctx,1000,random,local,False,0.8984,0.08800912689334797,"[98, 104, 90, 109, 99, 79, 109, 124, 95, 93]",513.3050274848938,,,,,"[0.772807110473183, 0.8472233717070136]",0.79223686439895,"[62.34277391311183, 6.211086761659615, 8.670589005732474]","(512, 256)",0.1,114307.67224121094,local,18760.0,"[0.6039302996735074, 0.7334369586220683]","[0.1694959417322595, 0.31208051557519606]",,0.0,"[0.6039302996735074, 0.7334369586220683]",,,,,,,,,,,,
g17_soft_s10,2,ctx,1000,random,local,False,0.9063,0.07964587590796701,"[100, 128, 99, 103, 109, 100, 85, 93, 92, 91]",430.04450011253357,,,,,"[0.7738627052408924, 0.8402533346553117]",0.79223686439895,"[62.34277391311183, 9.1826848350182, 7.4147154049748965]","(512, 256)",0.1,114307.67224121094,local,18760.0,"[0.5943807052905117, 0.7617685151252666]","[0.1581475971953329, 0.3846168378460358]",,0.0,"[0.5943807052905117, 0.7617685151252666]",,,,,,,,,,,,
g19_kad_c100_puretgt,0,ctx,1000,random,local,False,0.0321,0.1723333333333333,"[8, 14, 11, 5, 13, 9, 7, 11, 11, 7, 14, 13, 9, 6, 12, 12, 15, 9, 12, 8, 13, 10, 13, 10, 5, 13, 7, 9, 13, 6, 18, 17, 8, 12, 13, 9, 13, 9, 7, 6, 11, 8, 20, 7, 14, 10, 5, 5, 9, 7, 12, 10, 10, 8, 9, 10, 10, 11, 6, 13, 9, 13, 19, 5, 11, 6, 12, 9, 16, 4, 7, 13, 10, 9, 12, 11, 9, 10, 4, 10, 10, 8, 9, 10, 6, 8, 8, 8, 6, 9, 16, 8, 16, 7, 7, 10, 9, 10, 9, 15]",371.22266840934753,,,,,"[0.9581346510081397, 0.9960784313725488]",1.0,"[7.114258827339226, 8.358234266959892, 14.755013589122294]","(512, 256)",0.1,163802.7929688692,local,15650.0,"[0.6415211910942492, 0.86956544528754]","[0.5039148675333768, 0.5237550141245199]",,0.0,"[0.6415211910942492, 0.86956544528754]",,,,"[None, None, 0.0019416013248854936, 0.0014994406993015864]",,,,,,,,
g19_kad_c100_puretgt,1,ctx,1000,random,local,False,0.0394,0.16011111111111112,"[10, 15, 17, 13, 14, 10, 13, 8, 9, 10, 13, 10, 12, 6, 8, 8, 14, 7, 16, 10, 4, 14, 14, 8, 12, 11, 5, 9, 6, 12, 9, 7, 11, 9, 5, 5, 6, 13, 9, 13, 7, 10, 8, 12, 10, 13, 7, 14, 7, 14, 5, 9, 10, 12, 13, 5, 14, 10, 9, 13, 11, 9, 16, 14, 8, 19, 8, 7, 10, 8, 9, 11, 10, 12, 16, 4, 14, 8, 11, 10, 7, 11, 8, 15, 9, 7, 6, 6, 11, 9, 2, 9, 7, 8, 10, 12, 8, 13, 9, 11]",366.6630051136017,,,,,"[0.9589163603989613, 0.955759987344153]",1.0,"[7.114258827339226, 8.102295620547517, 15.478988557356795]","(512, 256)",0.1,163802.7929688692,local,15650.0,"[0.6491106729233227, 0.873001447683706]","[0.5036870837125915, 0.5264265704344209]",,0.0,"[0.6491106729233227, 0.873001447683706]",,,,"[None, None, 0.0007973497942859967, 0.001775726020380238]",,,,,,,,
g19_kad_c100_puretgt,2,ctx,1000,random,local,False,0.0331,0.1501111111111111,"[12, 13, 11, 11, 7, 8, 15, 8, 14, 9, 11, 5, 6, 10, 7, 7, 13, 12, 8, 6, 13, 9, 10, 13, 9, 11, 8, 13, 8, 11, 10, 6, 12, 13, 8, 12, 6, 11, 8, 13, 10, 11, 5, 13, 13, 9, 9, 5, 9, 12, 7, 10, 11, 12, 7, 8, 7, 13, 11, 7, 10, 5, 8, 10, 8, 12, 14, 8, 12, 10, 12, 11, 21, 12, 13, 10, 6, 5, 5, 13, 8, 12, 6, 8, 11, 13, 13, 10, 13, 18, 17, 6, 9, 7, 9, 7, 15, 13, 6, 8]",248.56934189796448,,,,,"[0.9867209726284929, 0.951788558158306]",1.0,"[7.114258827339226, 6.656618201655613, 12.514945675970864]","(512, 256)",0.1,163802.7929688692,local,15650.0,"[0.6592591853035144, 0.874206769169329]","[0.5032123737775098, 0.5238526705265664]",,0.0,"[0.6592591853035144, 0.874206769169329]",,,,"[None, None, 0.000927066497883224, 0.0018441319630832145]",,,,,,,,
g19_kad_c100_puretgt,3,ctx,1000,random,local,False,0.0375,0.16055555555555556,"[8, 17, 9, 11, 8, 15, 8, 13, 9, 7, 12, 11, 8, 9, 10, 6, 13, 15, 14, 6, 9, 6, 8, 12, 11, 3, 3, 12, 9, 14, 11, 9, 12, 4, 14, 14, 6, 12, 12, 12, 6, 12, 7, 13, 7, 13, 12, 8, 6, 9, 12, 13, 13, 16, 13, 10, 7, 6, 12, 8, 13, 12, 11, 4, 7, 4, 6, 12, 13, 15, 12, 14, 11, 11, 7, 9, 14, 11, 8, 10, 13, 7, 14, 12, 11, 9, 10, 12, 8, 8, 9, 11, 11, 6, 9, 9, 3, 9, 13, 7]",417.20518016815186,,,,,"[0.9675175210093516, 0.952751309543868]",1.0,"[7.114258827339226, 7.988910456168659, 17.763136442439947]","(512, 256)",0.1,163802.7929688692,local,15650.0,"[0.6454387979233227, 0.8693031150159745]","[0.5039389128392687, 0.5337062360668858]",,0.0,"[0.6454387979233227, 0.8693031150159745]",,,,"[None, None, 0.000586630328129624, 0.0018643233406212816]",,,,,,,,
g19_kad_c100_puretgt,4,ctx,1000,random,local,False,0.0375,0.15733333333333333,"[10, 14, 6, 12, 6, 11, 6, 8, 10, 5, 7, 8, 9, 10, 10, 13, 13, 12, 11, 15, 11, 9, 9, 6, 13, 10, 15, 12, 10, 18, 6, 9, 7, 7, 11, 4, 7, 9, 13, 9, 8, 12, 11, 9, 13, 10, 8, 15, 7, 7, 16, 6, 8, 9, 12, 6, 11, 11, 8, 11, 11, 14, 11, 8, 6, 7, 9, 12, 12, 14, 11, 12, 11, 9, 10, 7, 10, 7, 19, 10, 11, 14, 6, 14, 9, 9, 9, 13, 9, 8, 9, 6, 12, 9, 6, 11, 10, 13, 12, 11]",442.3419864177704,,,,,"[0.9671829891999247, 0.9454428313137504]",1.0,"[7.114258827339226, 7.866785669928233, 16.127975891924116]","(512, 256)",0.1,163802.7929688692,local,15650.0,"[0.6548256539536741, 0.8715412839456869]","[0.5032685504718044, 0.5278635539561392]",,0.0,"[0.6548256539536741, 0.8715412839456869]",,,,"[None, None, 0.0009406111247825932, 0.0016618973595837459]",,,,,,,,
g19_kad_c100_puretgt,5,ctx,1000,random,local,False,0.0436,0.15133333333333338,"[15, 11, 11, 11, 14, 5, 8, 12, 9, 12, 13, 14, 10, 11, 6, 8, 18, 7, 2, 11, 16, 13, 8, 18, 4, 8, 6, 8, 12, 10, 18, 13, 11, 5, 5, 6, 11, 8, 12, 14, 10, 9, 14, 9, 8, 8, 7, 6, 7, 8, 11, 10, 5, 20, 6, 9, 9, 8, 10, 9, 9, 14, 17, 14, 12, 14, 12, 12, 7, 5, 13, 12, 6, 10, 5, 9, 15, 10, 8, 7, 15, 5, 6, 6, 8, 13, 15, 9, 10, 4, 14, 6, 7, 12, 9, 9, 15, 11, 13, 5]",237.3655915260315,,,,,"[0.9784464108222609, 0.9262654313469257]",1.0,"[7.114258827339226, 7.414891392612398, 15.534494195209986]","(512, 256)",0.1,163802.7929688692,local,15650.0,"[0.6545512180511182, 0.8762697184504792]","[0.5038105147145837, 0.531350767326931]",,0.0,"[0.6545512180511182, 0.8762697184504792]",,,,"[None, None, 0.0006116922685999885, 0.00195222524412957]",,,,,,,,
g19_kad_c100_puretgt_static,0,ctx,1000,random,local,True,0.0411,0.0,"[17, 5, 15, 11, 7, 15, 12, 8, 16, 7, 12, 11, 14, 6, 7, 8, 7, 10, 11, 8, 8, 15, 7, 6, 8, 10, 11, 13, 5, 5, 7, 11, 15, 12, 10, 4, 13, 10, 6, 14, 8, 9, 12, 15, 9, 11, 9, 5, 13, 6, 14, 11, 11, 10, 8, 13, 12, 7, 6, 13, 7, 11, 10, 9, 12, 12, 11, 9, 11, 12, 10, 11, 6, 5, 11, 11, 5, 14, 8, 9, 10, 8, 16, 6, 15, 6, 13, 18, 10, 11, 9, 7, 11, 11, 11, 8, 8, 8, 11, 10]",213.42643308639526,,,,,"[nan, nan]",,"[7.114258827339226, 9.522225350963552, 17.911340029735364]","(512, 256)",0.1,163802.7929688692,local,15625.0,"[0.655158375, 0.8513535]","[0.5030928857985735, 0.5533750743451118]",,0.0,"[0.655158375, 0.8513535]",,,,"[None, None, 0.00016696492271917935, 0.0018558968394967168]",,,,,,,,
g19_kad_c100_puretgt_static,1,ctx,1000,random,local,True,0.0439,0.0,"[15, 13, 10, 8, 3, 2, 12, 8, 9, 9, 13, 13, 4, 10, 5, 7, 9, 11, 9, 10, 18, 9, 10, 13, 12, 9, 9, 14, 9, 13, 13, 5, 14, 9, 11, 15, 7, 12, 10, 9, 10, 8, 8, 15, 11, 9, 9, 10, 11, 11, 6, 7, 9, 16, 9, 10, 9, 12, 12, 8, 7, 11, 6, 12, 8, 10, 11, 11, 6, 10, 8, 12, 7, 6, 13, 8, 9, 6, 9, 13, 13, 7, 6, 8, 11, 12, 10, 16, 7, 11, 14, 13, 14, 13, 9, 18, 7, 11, 5, 11]",210.46364212036133,,,,,"[nan, nan]",,"[7.114258827339226, 9.582158729344801, 15.560168576629133]","(512, 256)",0.1,163802.7929688692,local,15625.0,"[0.652624375, 0.8500655]","[0.5034234535847902, 0.5623036591525078]",,0.0,"[0.652624375, 0.8500655]",,,,"[None, None, 0.00017235594062605948, 0.0017193065271467107]",,,,,,,,
g19_kad_c100_puretgt_static,2,ctx,1000,random,local,True,0.0467,0.0,"[10, 7, 9, 16, 10, 7, 11, 15, 16, 12, 6, 6, 12, 6, 11, 10, 13, 14, 12, 10, 4, 5, 8, 10, 9, 8, 9, 13, 9, 6, 3, 9, 18, 14, 14, 18, 6, 12, 14, 6, 18, 9, 8, 10, 7, 16, 6, 6, 9, 14, 9, 12, 16, 7, 13, 7, 7, 11, 11, 5, 4, 7, 11, 11, 6, 9, 9, 10, 4, 5, 4, 8, 12, 14, 9, 12, 17, 14, 7, 9, 9, 13, 10, 12, 8, 10, 10, 8, 14, 13, 16, 8, 8, 12, 13, 9, 15, 6, 7, 8]",211.53204226493835,,,,,"[nan, nan]",,"[7.114258827339226, 8.539132477603385, 14.214978565972812]","(512, 256)",0.1,163802.7929688692,local,15625.0,"[0.65911525, 0.85567325]","[0.503230322145462, 0.5638307507667542]",,0.0,"[0.65911525, 0.85567325]",,,,"[None, None, 0.00014767428664756632, 0.0018644415260276922]",,,,,,,,
g19_kad_c100_puretgt_static,3,ctx,1000,random,local,True,0.0436,0.0,"[7, 11, 13, 11, 10, 17, 17, 9, 13, 11, 15, 8, 8, 13, 9, 10, 12, 23, 8, 15, 5, 17, 6, 12, 8, 11, 7, 9, 12, 8, 7, 7, 3, 8, 10, 7, 10, 7, 5, 18, 13, 10, 12, 10, 7, 7, 8, 9, 11, 9, 9, 8, 6, 6, 12, 10, 14, 11, 14, 7, 15, 7, 10, 10, 9, 7, 13, 9, 7, 7, 13, 9, 10, 12, 7, 11, 8, 13, 3, 6, 11, 14, 9, 2, 14, 15, 9, 9, 5, 10, 11, 10, 8, 12, 10, 13, 13, 8, 14, 7]",478.3001215457916,,,,,"[nan, nan]",,"[7.114258827339226, 10.891164086999327, 18.450063687552905]","(512, 256)",0.1,163802.82634747028,local,15625.0,"[0.656712125, 0.84847125]","[0.5031932031272948, 0.5581801672630906]",,0.0,"[0.656712125, 0.84847125]",,,,"[None, None, 0.00017289133536061273, 0.001742172920851498]",,,,,,,,
g19_kad_c100_puretgt_static,4,ctx,1000,random,local,True,0.0449,0.0,"[10, 6, 11, 8, 12, 5, 16, 11, 8, 11, 12, 13, 9, 6, 6, 9, 14, 9, 17, 9, 12, 6, 9, 9, 16, 10, 10, 11, 16, 12, 9, 11, 6, 10, 11, 14, 11, 9, 12, 11, 11, 6, 7, 8, 13, 5, 8, 7, 5, 7, 10, 9, 15, 8, 13, 11, 13, 11, 8, 8, 7, 8, 7, 9, 18, 13, 11, 15, 10, 9, 9, 8, 4, 9, 12, 6, 15, 5, 11, 12, 17, 12, 10, 11, 10, 6, 8, 10, 10, 10, 4, 8, 9, 9, 10, 15, 17, 6, 12, 8]",410.37257719039917,,,,,"[nan, nan]",,"[7.114258827339226, 9.41050525169402, 16.786008693745817]","(512, 256)",0.1,163802.7929688692,local,15625.0,"[0.6609685, 0.85592475]","[0.5031330114822388, 0.5734673210096359]",,0.0,"[0.6609685, 0.85592475]",,,,"[None, None, 0.00015251683258543, 0.001788921059703969]",,,,,,,,
g19_kad_c100_puretgt_static,5,ctx,1000,random,local,True,0.0399,0.0,"[15, 5, 15, 10, 8, 12, 6, 8, 11, 10, 9, 6, 11, 9, 7, 10, 13, 9, 5, 13, 6, 7, 15, 9, 8, 8, 7, 8, 8, 11, 15, 8, 16, 7, 10, 8, 11, 15, 11, 13, 10, 12, 11, 12, 5, 9, 9, 15, 3, 15, 13, 5, 5, 5, 9, 6, 10, 11, 16, 20, 9, 12, 10, 9, 10, 11, 6, 8, 6, 6, 14, 10, 3, 7, 9, 11, 16, 12, 12, 18, 13, 10, 9, 13, 12, 13, 14, 4, 8, 14, 12, 6, 12, 11, 10, 9, 14, 10, 9, 4]",215.50857734680176,,,,,"[nan, nan]",,"[7.114258827339226, 8.459060217185536, 14.235770061191785]","(512, 256)",0.1,163802.82634747028,local,15625.0,"[0.65683875, 0.85859575]","[0.5033059834346771, 0.5626095362894535]",,0.0,"[0.65683875, 0.85859575]",,,,"[None, None, 0.00015250862260793717, 0.0018433842246986178]",,,,,,,,
g19_kad_c100,0,ctx,1000,random,local,False,0.0091,0.12666666666666665,"[8, 14, 11, 5, 13, 9, 7, 11, 11, 7, 14, 13, 9, 6, 12, 12, 15, 9, 12, 8, 13, 10, 13, 10, 5, 13, 7, 9, 13, 6, 18, 17, 8, 12, 13, 9, 13, 9, 7, 6, 11, 8, 20, 7, 14, 10, 5, 5, 9, 7, 12, 10, 10, 8, 9, 10, 10, 11, 6, 13, 9, 13, 19, 5, 11, 6, 12, 9, 16, 4, 7, 13, 10, 9, 12, 11, 9, 10, 4, 10, 10, 8, 9, 10, 6, 8, 8, 8, 6, 9, 16, 8, 16, 7, 7, 10, 9, 10, 9, 15]",364.08827447891235,,,,,"[0.9621401514956625, 0.9796857463524128]",1.0,"[7.114258827339226, 5.727033801990595, 9.16826152750977]","(512, 256)",0.1,163802.7929688692,local,15650.0,"[0.6747570137779553, 0.8980503694089457]","[0.5052511321406918, 0.5002316042605324]",,0.0,"[0.6747570137779553, 0.8980503694089457]",,,,"[None, None, 0.01037279504251922, 0.010321039741051696]",,,,,,,,
g19_kad_c100,1,ctx,1000,random,local,False,0.0132,0.1187777777777778,"[10, 15, 17, 13, 14, 10, 13, 8, 9, 10, 13, 10, 12, 6, 8, 8, 14, 7, 16, 10, 4, 14, 14, 8, 12, 11, 5, 9, 6, 12, 9, 7, 11, 9, 5, 5, 6, 13, 9, 13, 7, 10, 8, 12, 10, 13, 7, 14, 7, 14, 5, 9, 10, 12, 13, 5, 14, 10, 9, 13, 11, 9, 16, 14, 8, 19, 8, 7, 10, 8, 9, 11, 10, 12, 16, 4, 14, 8, 11, 10, 7, 11, 8, 15, 9, 7, 6, 6, 11, 9, 2, 9, 7, 8, 10, 12, 8, 13, 9, 11]",385.5232443809509,,,,,"[0.9660965604487054, 0.9779319560078119]",1.0,"[7.114258827339226, 5.233277243079408, 7.28124181295759]","(512, 256)",0.1,163802.7929688692,local,15650.0,"[0.6823449980031949, 0.898069339057508]","[0.5051335385345375, 0.5005427509224929]",,0.0,"[0.6823449980031949, 0.898069339057508]",,,,"[None, None, 0.010386817600406042, 0.010314775727632184]",,,,,,,,
g19_kad_c100,2,ctx,1000,random,local,False,0.012,0.12744444444444442,"[12, 13, 11, 11, 7, 8, 15, 8, 14, 9, 11, 5, 6, 10, 7, 7, 13, 12, 8, 6, 13, 9, 10, 13, 9, 11, 8, 13, 8, 11, 10, 6, 12, 13, 8, 12, 6, 11, 8, 13, 10, 11, 5, 13, 13, 9, 9, 5, 9, 12, 7, 10, 11, 12, 7, 8, 7, 13, 11, 7, 10, 5, 8, 10, 8, 12, 14, 8, 12, 10, 12, 11, 21, 12, 13, 10, 6, 5, 5, 13, 8, 12, 6, 8, 11, 13, 13, 10, 13, 18, 17, 6, 9, 7, 9, 7, 15, 13, 6, 8]",298.97039127349854,,,,,"[0.9886944717345, 0.9696606895831699]",1.0,"[7.114258827339226, 5.589729058998652, 8.082701270501222]","(512, 256)",0.1,163802.7929688692,local,15650.0,"[0.6801749700479234, 0.8982278354632588]","[0.504638473947827, 0.5001757669782105]",,0.0,"[0.6801749700479234, 0.8982278354632588]",,,,"[None, None, 0.010420751020951585, 0.010330997765815903]",,,,,,,,
g19_kad_c100_static,0,ctx,1000,random,local,True,0.0088,0.0,"[17, 5, 15, 11, 7, 15, 12, 8, 16, 7, 12, 11, 14, 6, 7, 8, 7, 10, 11, 8, 8, 15, 7, 6, 8, 10, 11, 13, 5, 5, 7, 11, 15, 12, 10, 4, 13, 10, 6, 14, 8, 9, 12, 15, 9, 11, 9, 5, 13, 6, 14, 11, 11, 10, 8, 13, 12, 7, 6, 13, 7, 11, 10, 9, 12, 12, 11, 9, 11, 12, 10, 11, 6, 5, 11, 11, 5, 14, 8, 9, 10, 8, 16, 6, 15, 6, 13, 18, 10, 11, 9, 7, 11, 11, 11, 8, 8, 8, 11, 10]",365.4322907924652,,,,,"[nan, nan]",,"[7.114258827339226, 7.25963776178835, 6.3608621734441]","(512, 256)",0.1,163802.7929688692,local,15625.0,"[0.667122, 0.896503]","[0.5029867724275588, 0.500476897875309]",,0.0,"[0.667122, 0.896503]",,,,"[None, None, 0.004296006936577114, 0.00992647740054811]",,,,,,,,
g19_kad_c100_static,1,ctx,1000,random,local,True,0.0095,0.0,"[15, 13, 10, 8, 3, 2, 12, 8, 9, 9, 13, 13, 4, 10, 5, 7, 9, 11, 9, 10, 18, 9, 10, 13, 12, 9, 9, 14, 9, 13, 13, 5, 14, 9, 11, 15, 7, 12, 10, 9, 10, 8, 8, 15, 11, 9, 9, 10, 11, 11, 6, 7, 9, 16, 9, 10, 9, 12, 12, 8, 7, 11, 6, 12, 8, 10, 11, 11, 6, 10, 8, 12, 7, 6, 13, 8, 9, 6, 9, 13, 13, 7, 6, 8, 11, 12, 10, 16, 7, 11, 14, 13, 14, 13, 9, 18, 7, 11, 5, 11]",380.9825758934021,,,,,"[nan, nan]",,"[7.114258827339226, 7.596203309583455, 8.73838746999165]","(512, 256)",0.1,163802.82634747028,local,15625.0,"[0.663340125, 0.89802575]","[0.5037307886277437, 0.5002265722560882]",,0.0,"[0.663340125, 0.89802575]",,,,"[None, None, 0.005752264460588981, 0.009979069798130718]",,,,,,,,
g19_kad_c100_static,2,ctx,1000,random,local,True,0.01,0.0,"[10, 7, 9, 16, 10, 7, 11, 15, 16, 12, 6, 6, 12, 6, 11, 10, 13, 14, 12, 10, 4, 5, 8, 10, 9, 8, 9, 13, 9, 6, 3, 9, 18, 14, 14, 18, 6, 12, 14, 6, 18, 9, 8, 10, 7, 16, 6, 6, 9, 14, 9, 12, 16, 7, 13, 7, 7, 11, 11, 5, 4, 7, 11, 11, 6, 9, 9, 10, 4, 5, 4, 8, 12, 14, 9, 12, 17, 14, 7, 9, 9, 13, 10, 12, 8, 10, 10, 8, 14, 13, 16, 8, 8, 12, 13, 9, 15, 6, 7, 8]",288.6741671562195,,,,,"[nan, nan]",,"[7.114258827339226, 8.082280652982986, 8.412667484333111]","(512, 256)",0.1,163802.7929688692,local,15625.0,"[0.6698785, 0.89765025]","[0.5033503378095627, 0.5003443276462555]",,0.0,"[0.6698785, 0.89765025]",,,,"[None, None, 0.004215202888538954, 0.009502550642763723]",,,,,,,,
g19_kad_c100f_puretgt,0,ctx,1000,random,local,False,0.0404,0.22266666666666668,"[8, 14, 11, 5, 13, 9, 7, 11, 11, 7, 14, 13, 9, 6, 12, 12, 15, 9, 12, 8, 13, 10, 13, 10, 5, 13, 7, 9, 13, 6, 18, 17, 8, 12, 13, 9, 13, 9, 7, 6, 11, 8, 20, 7, 14, 10, 5, 5, 9, 7, 12, 10, 10, 8, 9, 10, 10, 11, 6, 13, 9, 13, 19, 5, 11, 6, 12, 9, 16, 4, 7, 13, 10, 9, 12, 11, 9, 10, 4, 10, 10, 8, 9, 10, 6, 8, 8, 8, 6, 9, 16, 8, 16, 7, 7, 10, 9, 10, 9, 15]",215.92364978790283,,,,,"[0.9339983880093267, 0.9661844489448737]",1.0,"[9.27809755419962, 10.62946049134749, 14.818308024005697]","(512, 256)",0.1,163802.83984375,local,15650.0,"[0.6426708516373802, 0.8685785243610223]","[0.5046739749719922, 0.5321313286142442]",,0.0,"[0.6426708516373802, 0.8685785243610223]",,,,"[None, None, 0.0009992115861709426, 0.001811224529138756]",,,,,,,,
g19_kad_c100f_puretgt,1,ctx,1000,random,local,False,0.0512,0.23811111111111113,"[10, 15, 17, 13, 14, 10, 13, 8, 9, 10, 13, 10, 12, 6, 8, 8, 14, 7, 16, 10, 4, 14, 14, 8, 12, 11, 5, 9, 6, 12, 9, 7, 11, 9, 5, 5, 6, 13, 9, 13, 7, 10, 8, 12, 10, 13, 7, 14, 7, 14, 5, 9, 10, 12, 13, 5, 14, 10, 9, 13, 11, 9, 16, 14, 8, 19, 8, 7, 10, 8, 9, 11, 10, 12, 16, 4, 14, 8, 11, 10, 7, 11, 8, 15, 9, 7, 6, 6, 11, 9, 2, 9, 7, 8, 10, 12, 8, 13, 9, 11]",212.38787364959717,,,,,"[0.9570475850762565, 0.9328559784357396]",1.0,"[9.27809755419962, 10.997067163987836, 18.193853189030452]","(512, 256)",0.1,163802.83984375,local,15650.0,"[0.6492745357428115, 0.8758770966453674]","[0.5043181936990339, 0.527293397203421]",,0.0,"[0.6492745357428115, 0.8758770966453674]",,,,"[None, None, 0.0010680190659314447, 0.001834180257950897]",,,,,,,,
g19_kad_c100f_puretgt,2,ctx,1000,random,local,False,0.0454,0.20933333333333334,"[12, 13, 11, 11, 7, 8, 15, 8, 14, 9, 11, 5, 6, 10, 7, 7, 13, 12, 8, 6, 13, 9, 10, 13, 9, 11, 8, 13, 8, 11, 10, 6, 12, 13, 8, 12, 6, 11, 8, 13, 10, 11, 5, 13, 13, 9, 9, 5, 9, 12, 7, 10, 11, 12, 7, 8, 7, 13, 11, 7, 10, 5, 8, 10, 8, 12, 14, 8, 12, 10, 12, 11, 21, 12, 13, 10, 6, 5, 5, 13, 8, 12, 6, 8, 11, 13, 13, 10, 13, 18, 17, 6, 9, 7, 9, 7, 15, 13, 6, 8]",215.00489139556885,,,,,"[0.9571208359832734, 0.909557576891245]",1.0,"[9.27809755419962, 10.03156141023598, 17.808677044898793]","(512, 256)",0.1,163802.83984375,local,15650.0,"[0.6414550469249202, 0.8653247304313099]","[0.5046939974323439, 0.5325785577366242]",,0.0,"[0.6414550469249202, 0.8653247304313099]",,,,"[None, None, 0.0010052347780266876, 0.0017399407795017526]",,,,,,,,
g19_kad_c100f_puretgt,3,ctx,1000,random,local,False,0.0597,0.2041111111111111,"[8, 17, 9, 11, 8, 15, 8, 13, 9, 7, 12, 11, 8, 9, 10, 6, 13, 15, 14, 6, 9, 6, 8, 12, 11, 3, 3, 12, 9, 14, 11, 9, 12, 4, 14, 14, 6, 12, 12, 12, 6, 12, 7, 13, 7, 13, 12, 8, 6, 9, 12, 13, 13, 16, 13, 10, 7, 6, 12, 8, 13, 12, 11, 4, 7, 4, 6, 12, 13, 15, 12, 14, 11, 11, 7, 9, 14, 11, 8, 10, 13, 7, 14, 12, 11, 9, 10, 12, 8, 8, 9, 11, 11, 6, 9, 9, 3, 9, 13, 7]",460.96087312698364,,,,,"[0.9542397112652926, 0.9097660945103182]",1.0,"[9.27809755419962, 11.63627242000462, 19.672916248276625]","(512, 256)",0.1,163802.83984375,local,15650.0,"[0.6399578174920127, 0.8709345047923323]","[0.504851681292057, 0.5361152925012639]",,0.0,"[0.6399578174920127, 0.8709345047923323]",,,,"[None, None, 0.0008205123174742004, 0.0018321078538839797]",,,,,,,,
g19_kad_c100f_puretgt,4,ctx,1000,random,local,False,0.0524,0.2078888888888889,"[10, 14, 6, 12, 6, 11, 6, 8, 10, 5, 7, 8, 9, 10, 10, 13, 13, 12, 11, 15, 11, 9, 9, 6, 13, 10, 15, 12, 10, 18, 6, 9, 7, 7, 11, 4, 7, 9, 13, 9, 8, 12, 11, 9, 13, 10, 8, 15, 7, 7, 16, 6, 8, 9, 12, 6, 11, 11, 8, 11, 11, 14, 11, 8, 6, 7, 9, 12, 12, 14, 11, 12, 11, 9, 10, 7, 10, 7, 19, 10, 11, 14, 6, 14, 9, 9, 9, 13, 9, 8, 9, 6, 12, 9, 6, 11, 10, 13, 12, 11]",357.6143524646759,,,,,"[0.9621387736663286, 0.9143762156248391]",1.0,"[9.27809755419962, 11.189358687287086, 16.13738228551031]","(512, 256)",0.1,163802.83984375,local,15650.0,"[0.6442176267971246, 0.8743735023961662]","[0.5043825825429358, 0.5339319620398691]",,0.0,"[0.6442176267971246, 0.8743735023961662]",,,,"[None, None, 0.0007975951377333027, 0.00196123337203407]",,,,,,,,
g19_kad_c100f_puretgt,5,ctx,1000,random,local,False,0.0589,0.1948888888888889,"[15, 11, 11, 11, 14, 5, 8, 12, 9, 12, 13, 14, 10, 11, 6, 8, 18, 7, 2, 11, 16, 13, 8, 18, 4, 8, 6, 8, 12, 10, 18, 13, 11, 5, 5, 6, 11, 8, 12, 14, 10, 9, 14, 9, 8, 8, 7, 6, 7, 8, 11, 10, 5, 20, 6, 9, 9, 8, 10, 9, 9, 14, 17, 14, 12, 14, 12, 12, 7, 5, 13, 12, 6, 10, 5, 9, 15, 10, 8, 7, 15, 5, 6, 6, 8, 13, 15, 9, 10, 4, 14, 6, 7, 12, 9, 9, 15, 11, 13, 5]",211.34616351127625,,,,,"[0.9454145924358863, 0.8965084291051909]",1.0,"[9.27809755419962, 11.396146778056668, 17.513631932889986]","(512, 256)",0.1,163802.83984375,local,15650.0,"[0.6408163188897763, 0.8672953274760383]","[0.5047254025890899, 0.5358868359591658]",,0.0,"[0.6408163188897763, 0.8672953274760383]",,,,"[None, None, 0.0009132889279654801, 0.001901255927862822]",,,,,,,,
g19_kad_c100f,0,ctx,1000,random,local,False,0.0169,0.17144444444444445,"[8, 14, 11, 5, 13, 9, 7, 11, 11, 7, 14, 13, 9, 6, 12, 12, 15, 9, 12, 8, 13, 10, 13, 10, 5, 13, 7, 9, 13, 6, 18, 17, 8, 12, 13, 9, 13, 9, 7, 6, 11, 8, 20, 7, 14, 10, 5, 5, 9, 7, 12, 10, 10, 8, 9, 10, 10, 11, 6, 13, 9, 13, 19, 5, 11, 6, 12, 9, 16, 4, 7, 13, 10, 9, 12, 11, 9, 10, 4, 10, 10, 8, 9, 10, 6, 8, 8, 8, 6, 9, 16, 8, 16, 7, 7, 10, 9, 10, 9, 15]",431.25463819503784,,,,,"[0.9648193278349461, 0.9665485775630706]",1.0,"[9.27809755419962, 7.211824478063399, 8.441895095981277]","(512, 256)",0.1,163802.83984375,local,15650.0,"[0.6707350738817891, 0.8980561102236422]","[0.5058215626432135, 0.5003790683230868]",,0.0,"[0.6707350738817891, 0.8980561102236422]",,,,"[None, None, 0.010437395310710074, 0.01032822882982905]",,,,,,,,
g19_kad_c100f,1,ctx,1000,random,local,False,0.0183,0.15699999999999997,"[10, 15, 17, 13, 14, 10, 13, 8, 9, 10, 13, 10, 12, 6, 8, 8, 14, 7, 16, 10, 4, 14, 14, 8, 12, 11, 5, 9, 6, 12, 9, 7, 11, 9, 5, 5, 6, 13, 9, 13, 7, 10, 8, 12, 10, 13, 7, 14, 7, 14, 5, 9, 10, 12, 13, 5, 14, 10, 9, 13, 11, 9, 16, 14, 8, 19, 8, 7, 10, 8, 9, 11, 10, 12, 16, 4, 14, 8, 11, 10, 7, 11, 8, 15, 9, 7, 6, 6, 11, 9, 2, 9, 7, 8, 10, 12, 8, 13, 9, 11]",369.69705057144165,,,,,"[0.9388930011439657, 0.9819444444444443]",1.0,"[9.27809755419962, 7.286842609184625, 8.849361678776292]","(512, 256)",0.1,163802.83984375,local,15650.0,"[0.6684514776357827, 0.897979732428115]","[0.5063850301166717, 0.5001196893686637]",,0.0,"[0.6684514776357827, 0.897979732428115]",,,,"[None, None, 0.010382004383084427, 0.010310175002147199]",,,,,,,,
g19_kad_c100f,2,ctx,1000,random,local,False,0.0159,0.1751111111111111,"[12, 13, 11, 11, 7, 8, 15, 8, 14, 9, 11, 5, 6, 10, 7, 7, 13, 12, 8, 6, 13, 9, 10, 13, 9, 11, 8, 13, 8, 11, 10, 6, 12, 13, 8, 12, 6, 11, 8, 13, 10, 11, 5, 13, 13, 9, 9, 5, 9, 12, 7, 10, 11, 12, 7, 8, 7, 13, 11, 7, 10, 5, 8, 10, 8, 12, 14, 8, 12, 10, 12, 11, 21, 12, 13, 10, 6, 5, 5, 13, 8, 12, 6, 8, 11, 13, 13, 10, 13, 18, 17, 6, 9, 7, 9, 7, 15, 13, 6, 8]",383.3732964992523,,,,,"[0.9166415794602276, 0.9955555555555555]",1.0,"[9.27809755419962, 5.679477218780189, 8.169829952812519]","(512, 256)",0.1,163802.83984375,local,15650.0,"[0.6763421026357828, 0.8978100039936102]","[0.507628195564331, 0.5007817113836305]",,0.0,"[0.6763421026357828, 0.8978100039936102]",,,,"[None, None, 0.010280914636611698, 0.010307596359294175]",,,,,,,,
g19_kad_c100f_static,0,ctx,1000,random,local,True,0.0142,0.0,"[17, 5, 15, 11, 7, 15, 12, 8, 16, 7, 12, 11, 14, 6, 7, 8, 7, 10, 11, 8, 8, 15, 7, 6, 8, 10, 11, 13, 5, 5, 7, 11, 15, 12, 10, 4, 13, 10, 6, 14, 8, 9, 12, 15, 9, 11, 9, 5, 13, 6, 14, 11, 11, 10, 8, 13, 12, 7, 6, 13, 7, 11, 10, 9, 12, 12, 11, 9, 11, 12, 10, 11, 6, 5, 11, 11, 5, 14, 8, 9, 10, 8, 16, 6, 15, 6, 13, 18, 10, 11, 9, 7, 11, 11, 11, 8, 8, 8, 11, 10]",358.93647503852844,,,,,"[nan, nan]",,"[9.27809755419962, 7.365275241147616, 8.34005837213531]","(512, 256)",0.1,163802.83984375,local,15625.0,"[0.681380375, 0.89771925]","[0.5031506338863522, 0.5001993735857606]",,0.0,"[0.681380375, 0.89771925]",,,,"[None, None, 0.003963133156925181, 0.010176292223165241]",,,,,,,,
g19_kad_c100f_static,1,ctx,1000,random,local,True,0.0137,0.0,"[15, 13, 10, 8, 3, 2, 12, 8, 9, 9, 13, 13, 4, 10, 5, 7, 9, 11, 9, 10, 18, 9, 10, 13, 12, 9, 9, 14, 9, 13, 13, 5, 14, 9, 11, 15, 7, 12, 10, 9, 10, 8, 8, 15, 11, 9, 9, 10, 11, 11, 6, 7, 9, 16, 9, 10, 9, 12, 12, 8, 7, 11, 6, 12, 8, 10, 11, 11, 6, 10, 8, 12, 7, 6, 13, 8, 9, 6, 9, 13, 13, 7, 6, 8, 11, 12, 10, 16, 7, 11, 14, 13, 14, 13, 9, 18, 7, 11, 5, 11]",359.4752366542816,,,,,"[nan, nan]",,"[9.27809755419962, 8.048929917796833, 10.84474881258265]","(512, 256)",0.1,163802.83984375,local,15625.0,"[0.67144825, 0.8981455]","[0.5040529105300904, 0.5000953688688278]",,0.0,"[0.67144825, 0.8981455]",,,,"[None, None, 0.0037321422235469326, 0.010144164880096396]",,,,,,,,
g19_kad_c100f_static,2,ctx,1000,random,local,True,0.01,0.0,"[10, 7, 9, 16, 10, 7, 11, 15, 16, 12, 6, 6, 12, 6, 11, 10, 13, 14, 12, 10, 4, 5, 8, 10, 9, 8, 9, 13, 9, 6, 3, 9, 18, 14, 14, 18, 6, 12, 14, 6, 18, 9, 8, 10, 7, 16, 6, 6, 9, 14, 9, 12, 16, 7, 13, 7, 7, 11, 11, 5, 4, 7, 11, 11, 6, 9, 9, 10, 4, 5, 4, 8, 12, 14, 9, 12, 17, 14, 7, 9, 9, 13, 10, 12, 8, 10, 10, 8, 14, 13, 16, 8, 8, 12, 13, 9, 15, 6, 7, 8]",381.3089511394501,,,,,"[nan, nan]",,"[9.27809755419962, 7.918134953957194, 9.587653425937356]","(512, 256)",0.1,163802.83984375,local,15625.0,"[0.68310025, 0.896406]","[0.5035344480705262, 0.5001663865114451]",,0.0,"[0.68310025, 0.896406]",,,,"[None, None, 0.0033704537485777022, 0.009869150066203855]",,,,,,,,
g19_kad_cifar,0,ctx,1000,random,local,False,0.2747,0.3685,"[110, 98, 106, 107, 104, 117, 86, 101, 83, 88]",407.0350852012634,,,,,"[0.8912980009906193, 0.807445080127122]",1.0,"[8.914858881645772, 21.50957250949339, 8.542777179726283]","(512, 256)",0.1,161462.83984375,local,15625.0,"[0.59479125, 0.776824]","[0.5077022055683136, 0.535436477347374]",,0.0,"[0.59479125, 0.776824]",,,,"[None, None, 0.00047950407846543197, 0.0001308687924849219]",,,,,,,,
g19_kad_cifar,1,ctx,1000,random,local,False,0.2967,0.359375,"[107, 113, 100, 101, 101, 127, 90, 81, 92, 88]",344.2453439235687,,,,,"[0.8973692302611566, 0.8527207370164905]",1.0,"[8.914858881645772, 19.900935064101944, 19.12832268252175]","(512, 256)",0.1,161462.83984375,local,15625.0,"[0.5915725, 0.7757495]","[0.5083257058420181, 0.5309900334091187]",,0.0,"[0.5915725, 0.7757495]",,,,"[None, None, 0.0005138117493989523, 0.00024388211631543074]",,,,,,,,
g19_kad_cifar,2,ctx,1000,random,local,False,0.2748,0.43899999999999995,"[99, 90, 84, 107, 88, 104, 104, 105, 109, 110]",302.2700183391571,,,,,"[0.8978018470109834, 0.8612619928090967]",1.0,"[8.914858881645772, 21.193562854742314, 11.594513937601844]","(512, 256)",0.1,161462.83984375,local,15625.0,"[0.598475625, 0.78144]","[0.5076215907993317, 0.5288051194865704]",,0.0,"[0.598475625, 0.78144]",,,,"[None, None, 0.0005561766076966133, 0.00016190425794641245]",,,,,,,,
g19_kad_cifar,3,ctx,1000,random,local,False,0.2849,0.33762499999999995,"[97, 107, 108, 96, 108, 102, 93, 87, 99, 103]",391.5894465446472,,,,,"[0.9037060811511349, 0.857902574031921]",1.0,"[8.914858881645772, 23.170257008041876, 15.533102698040972]","(512, 256)",0.1,161462.83984375,local,15625.0,"[0.595236875, 0.782877]","[0.5074841336631775, 0.5314195690336228]",,0.0,"[0.595236875, 0.782877]",,,,"[None, None, 0.0005112842174154429, 0.0001997062260998023]",,,,,,,,
g19_kad_cifar,4,ctx,1000,random,local,False,0.2826,0.400125,"[103, 82, 103, 82, 110, 101, 111, 102, 109, 97]",446.38943672180176,,,,,"[0.9000981049443431, 0.8672347340938067]",1.0,"[8.914858881645772, 21.066953154973685, 14.553539034532191]","(512, 256)",0.1,161462.83984375,local,15625.0,"[0.59614575, 0.78585375]","[0.5076370625305175, 0.5280296585454941]",,0.0,"[0.59614575, 0.78585375]",,,,"[None, None, 0.0005481405738923618, 0.0002300101647192922]",,,,,,,,
g19_kad_cifar,5,ctx,1000,random,local,False,0.2751,0.44000000000000006,"[107, 83, 107, 95, 98, 94, 90, 113, 99, 114]",410.3688454627991,,,,,"[0.8816171225206363, 0.8524800899028488]",1.0,"[8.914858881645772, 20.009495485155096, 12.849651769058829]","(512, 256)",0.1,161462.83984375,local,15625.0,"[0.59035475, 0.78664775]","[0.5082808987998962, 0.5289955550055504]",,0.0,"[0.59035475, 0.78664775]",,,,"[None, None, 0.0004276001195969957, 0.0002755729512877384]",,,,,,,,
g19_kad_cifar_static,0,ctx,1000,random,local,True,0.306,0.0,"[90, 105, 95, 105, 100, 97, 98, 108, 91, 111]",343.4269015789032,,,,,"[nan, nan]",,"[8.914858881645772, 16.304745303406726, 13.730266173144681]","(512, 256)",0.1,161462.83984375,local,15625.0,"[0.616830875, 0.795052]","[0.5044104011068344, 0.5558340790081024]",,0.0,"[0.616830875, 0.795052]",,,,"[None, None, 0.00046167559212970235, 0.003196344104744447]",,,,,,,,
g19_kad_cifar_static,1,ctx,1000,random,local,True,0.3239,0.0,"[91, 105, 106, 111, 87, 94, 99, 107, 93, 107]",353.96605014801025,,,,,"[nan, nan]",,"[8.914858881645772, 14.832286126489917, 15.207091569900717]","(512, 256)",0.1,161462.83984375,local,15625.0,"[0.608440875, 0.80422925]","[0.504750321313858, 0.5619192431716918]",,0.0,"[0.608440875, 0.80422925]",,,,"[None, None, 0.0004020817292034623, 0.003649898074384786]",,,,,,,,
g19_kad_cifar_static,2,ctx,1000,random,local,True,0.3046,0.0,"[114, 98, 94, 107, 95, 115, 86, 92, 86, 113]",280.5524969100952,,,,,"[nan, nan]",,"[8.914858881645772, 16.835795960590158, 17.668103915915122]","(512, 256)",0.1,161462.83984375,local,15625.0,"[0.621080125, 0.79168725]","[0.5042002162723541, 0.5751962619743347]",,0.0,"[0.621080125, 0.79168725]",,,,"[None, None, 0.0005145678083096194, 0.0031752588659873207]",,,,,,,,
g19_kad_cifar_static,3,ctx,1000,random,local,True,0.3041,0.0,"[99, 97, 109, 112, 95, 100, 77, 97, 101, 113]",454.6621689796448,,,,,"[nan, nan]",,"[8.914858881645772, 16.90611889478335, 17.073811153433848]","(512, 256)",0.1,161462.83984375,local,15625.0,"[0.602525625, 0.798283]","[0.5050724360294342, 0.55375076811409]",,0.0,"[0.602525625, 0.798283]",,,,"[None, None, 0.000509822346788638, 0.00300520817872041]",,,,,,,,
g19_kad_cifar_static,4,ctx,1000,random,local,True,0.3167,0.0,"[110, 117, 105, 93, 92, 112, 82, 99, 107, 83]",411.8536751270294,,,,,"[nan, nan]",,"[8.914858881645772, 18.75764490027622, 17.876689937319398]","(512, 256)",0.1,161462.83984375,local,15625.0,"[0.619478625, 0.7964155]","[0.5042538697118759, 0.5524176033630371]",,0.0,"[0.619478625, 0.7964155]",,,,"[None, None, 0.000518499358509636, 0.0029907854684079233]",,,,,,,,
g19_kad_cifar_static,5,ctx,1000,random,local,True,0.3155,0.0,"[77, 105, 108, 88, 114, 105, 117, 67, 115, 104]",370.4257688522339,,,,,"[nan, nan]",,"[8.914858881645772, 15.867466678000712, 18.738935261875238]","(512, 256)",0.1,161462.83984375,local,15625.0,"[0.608389125, 0.807304]","[0.5047394737606049, 0.5510186835346222]",,0.0,"[0.608389125, 0.807304]",,,,"[None, None, 0.0005010037543676176, 0.003912566155050121]",,,,,,,,
g19_kad_cifarf,0,ctx,1000,random,local,False,0.3958,0.28974999999999995,"[110, 98, 106, 107, 104, 117, 86, 101, 83, 88]",588.9840154647827,,,,,"[0.8386984640943664, 0.6730947203342674]",1.0,"[6.528281999177003, 16.15860497130858, 14.793400372333352]","(512, 256)",0.1,161462.83984375,local,15625.0,"[0.613479, 0.750039]","[0.5117242712335587, 0.5418223575239182]",,0.0,"[0.613479, 0.750039]",,,"{'epochs_per_task': 5, 'batch': 256, 'nrem_batches': 20, 'nrem_gain': 3.0, 'val': False}","[None, None, 0.0002539767462264603, 0.0001366652530268246]",,,0.0,,,,,
g19_kad_cifarf,1,ctx,1000,random,local,False,0.4102,0.306,"[107, 113, 100, 101, 101, 127, 90, 81, 92, 88]",658.0921614170074,,,,,"[0.8182480372618679, 0.7212678687684924]",1.0,"[6.528281999177003, 17.52412872140597, 15.06685338016408]","(512, 256)",0.1,161462.83984375,local,15625.0,"[0.606893125, 0.75047275]","[0.5127418533754349, 0.539406439245224]",,0.0,"[0.606893125, 0.75047275]",,,"{'epochs_per_task': 5, 'batch': 256, 'nrem_batches': 20, 'nrem_gain': 3.0, 'val': False}","[None, None, 0.0002575090186740966, 0.00011134448555396967]",,,0.0,,,,,
g19_kad_cifarf,2,ctx,1000,random,local,False,0.4105,0.33362500000000006,"[99, 90, 84, 107, 88, 104, 104, 105, 109, 110]",592.9614794254303,,,,,"[0.8688683255675492, 0.7118194587125112]",1.0,"[6.528281999177003, 16.35108775278634, 7.740918717362979]","(512, 256)",0.1,161462.83984375,local,15625.0,"[0.613387625, 0.762666]","[0.5118998439722061, 0.5367211322965622]",,0.0,"[0.613387625, 0.762666]",,,"{'epochs_per_task': 5, 'batch': 256, 'nrem_batches': 20, 'nrem_gain': 3.0, 'val': False}","[None, None, 0.00023696061168388901, 0.00014439934914238362]",,,0.0,,,,,
g19_kad_cifarf,3,ctx,1000,random,local,False,0.4067,0.334375,"[97, 107, 108, 96, 108, 102, 93, 87, 99, 103]",653.3556241989136,,,,,"[0.8330368533351671, 0.7134814627095982]",1.0,"[6.528281999177003, 16.44710627626515, 11.815381081387587]","(512, 256)",0.1,161462.83984375,local,15625.0,"[0.611062125, 0.75689425]","[0.5124288851366043, 0.5340840391693116]",,0.0,"[0.611062125, 0.75689425]",,,"{'epochs_per_task': 5, 'batch': 256, 'nrem_batches': 20, 'nrem_gain': 3.0, 'val': False}","[None, None, 0.0002340636880583644, 0.00014918934071472676]",,,0.0,,,,,
g19_kad_cifarf,4,ctx,1000,random,local,False,0.4099,0.34125000000000005,"[103, 82, 103, 82, 110, 101, 111, 102, 109, 97]",588.89515376091,,,,,"[0.8156103326746017, 0.7033864920338012]",1.0,"[6.528281999177003, 15.153568577275333, 9.288635334029037]","(512, 256)",0.1,161462.83984375,local,15625.0,"[0.606388125, 0.75381075]","[0.5127105174169541, 0.5394318249735832]",,0.0,"[0.606388125, 0.75381075]",,,"{'epochs_per_task': 5, 'batch': 256, 'nrem_batches': 20, 'nrem_gain': 3.0, 'val': False}","[None, None, 0.00026304694656445905, 0.00013446858207221972]",,,0.0,,,,,
g19_kad_cifarf,5,ctx,1000,random,local,False,0.3996,0.374,"[107, 83, 107, 95, 98, 94, 90, 113, 99, 114]",655.4581227302551,,,,,"[0.8241194949413237, 0.6669781810203903]",1.0,"[6.528281999177003, 17.58099993408009, 7.809403939576883]","(512, 256)",0.1,161462.83984375,local,15625.0,"[0.612434, 0.74790325]","[0.512736747133255, 0.5445742856425643]",,0.0,"[0.612434, 0.74790325]",,,"{'epochs_per_task': 5, 'batch': 256, 'nrem_batches': 20, 'nrem_gain': 3.0, 'val': False}","[None, None, 0.00025079128771700055, 0.00010089443485976754]",,,0.0,,,,,
g19_kad_cifarf_static,0,ctx,1000,random,local,True,0.4347,0.0,"[90, 105, 95, 105, 100, 97, 98, 108, 91, 111]",588.9587244987488,,,,,"[nan, nan]",,"[6.528281999177003, 15.16896371066746, 14.707853736107339]","(512, 256)",0.1,161462.83984375,local,15625.0,"[0.6197755, 0.77707275]","[0.5045653638467789, 0.5404601655673981]",,0.0,"[0.6197755, 0.77707275]",,,"{'epochs_per_task': 5, 'batch': 256, 'nrem_batches': 20, 'nrem_gain': 3.0, 'val': False}","[None, None, 0.00043884065198598806, 0.00244228312938089]",,,0.0,,,,,
g19_kad_cifarf_static,1,ctx,1000,random,local,True,0.4388,0.0,"[91, 105, 106, 111, 87, 94, 99, 107, 93, 107]",641.0336921215057,,,,,"[nan, nan]",,"[6.528281999177003, 14.869959376373156, 16.770942334360544]","(512, 256)",0.1,161462.83984375,local,15625.0,"[0.60926575, 0.75975725]","[0.5050136392412186, 0.5444753908128739]",,0.0,"[0.60926575, 0.75975725]",,,"{'epochs_per_task': 5, 'batch': 256, 'nrem_batches': 20, 'nrem_gain': 3.0, 'val': False}","[None, None, 0.00045164818541835067, 0.0018887949159421661]",,,0.0,,,,,
g19_kad_cifarf_static,2,ctx,1000,random,local,True,0.4367,0.0,"[114, 98, 94, 107, 95, 115, 86, 92, 86, 113]",355.9783146381378,,,,,"[nan, nan]",,"[6.528281999177003, 14.44494785516584, 16.022108274106692]","(512, 256)",0.1,161462.83984375,local,15625.0,"[0.61101625, 0.77079375]","[0.5048596930084228, 0.5424040416707993]",,0.0,"[0.61101625, 0.77079375]",,,"{'epochs_per_task': 5, 'batch': 256, 'nrem_batches': 20, 'nrem_gain': 3.0, 'val': False}","[None, None, 0.0004313024463006709, 0.002088443579663113]",,,0.0,,,,,
g19_kad_cifarf_static,3,ctx,1000,random,local,True,0.4385,0.0,"[99, 97, 109, 112, 95, 100, 77, 97, 101, 113]",592.0251858234406,,,,,"[nan, nan]",,"[6.528281999177003, 14.559018694424843, 14.25089909678154]","(512, 256)",0.1,161462.83984375,local,15625.0,"[0.611291625, 0.7701405]","[0.5049964178676605, 0.5449648678951263]",,0.0,"[0.611291625, 0.7701405]",,,"{'epochs_per_task': 5, 'batch': 256, 'nrem_batches': 20, 'nrem_gain': 3.0, 'val': False}","[None, None, 0.0004092830016865875, 0.0019808142244474754]",,,0.0,,,,,
g19_kad_cifarf_static,4,ctx,1000,random,local,True,0.4386,0.0,"[110, 117, 105, 93, 92, 112, 82, 99, 107, 83]",650.9219541549683,,,,,"[nan, nan]",,"[6.528281999177003, 14.638661751888243, 15.875906523511626]","(512, 256)",0.1,161462.83984375,local,15625.0,"[0.625011875, 0.763064]","[0.5044652719173431, 0.5404245868434906]",,0.0,"[0.625011875, 0.763064]",,,"{'epochs_per_task': 5, 'batch': 256, 'nrem_batches': 20, 'nrem_gain': 3.0, 'val': False}","[None, None, 0.0004200110522900394, 0.002005385898485582]",,,0.0,,,,,
g19_kad_cifarf_static,5,ctx,1000,random,local,True,0.4401,0.0,"[77, 105, 108, 88, 114, 105, 117, 67, 115, 104]",349.77402448654175,,,,,"[nan, nan]",,"[6.528281999177003, 13.285128166228514, 15.702400805362439]","(512, 256)",0.1,161462.83984375,local,15625.0,"[0.608467375, 0.77078275]","[0.5050320161695481, 0.5475029396858215]",,0.0,"[0.608467375, 0.77078275]",,,"{'epochs_per_task': 5, 'batch': 256, 'nrem_batches': 20, 'nrem_gain': 3.0, 'val': False}","[None, None, 0.00037585305434285253, 0.0022569545598360267]",,,0.0,,,,,
g19_kad_mnist,0,ctx,1000,random,local,False,0.9194,0.08034824485333877,"[110, 110, 96, 111, 95, 83, 105, 105, 100, 85]",443.26048707962036,,,,,"[0.8192950820063623, 0.6202407920185845]",0.79223686439895,"[62.34277391311183, 12.767725764071795, 12.04920302403999]","(512, 256)",0.1,114307.67224121094,local,18760.0,"[0.6510194562899787, 0.7674706823027718]","[0.5109501801184945, 0.5657075245155773]",,0.0,"[0.6510194562899787, 0.7674706823027718]",,,,"[None, None, 8.844225373654204e-05, 6.683613958103036e-05]",,,,,,,,
g19_kad_mnist,1,ctx,1000,random,local,False,0.929,0.06829213270321349,"[98, 104, 90, 109, 99, 79, 109, 124, 95, 93]",379.40601873397827,,,,,"[0.828653805439927, 0.611731626804715]",0.79223686439895,"[62.34277391311183, 12.872918987818698, 8.496065650882379]","(512, 256)",0.1,114307.67224121094,local,18760.0,"[0.6523680078957889, 0.7642251216018123]","[0.5113269312112634, 0.5874389852883656]",,0.0,"[0.6523680078957889, 0.7642251216018123]",,,,"[None, None, 9.659321248492564e-05, 9.237471301906844e-05]",,,,,,,,
g19_kad_mnist,2,ctx,1000,random,local,False,0.9224,0.07662909170445245,"[100, 128, 99, 103, 109, 100, 85, 93, 92, 91]",314.14031744003296,,,,,"[0.831941938030119, 0.5899635719260518]",0.79223686439895,"[62.34277391311183, 14.91774811423798, 9.207111330829713]","(512, 256)",0.1,114307.67224121094,local,18760.0,"[0.657243220282516, 0.7489545159248401]","[0.5096152697378067, 0.5735584442803601]",,0.0,"[0.657243220282516, 0.7489545159248401]",,,,"[None, None, 7.286358573488862e-05, 8.743414570292424e-05]",,,,,,,,
g19_kad_mnist,3,ctx,1000,random,local,False,0.9222,0.07593976686810905,"[83, 107, 107, 100, 97, 90, 89, 118, 103, 106]",440.214802980423,,,,,"[0.834340633871505, 0.5742055686110573]",0.79223686439895,"[62.34277391311183, 13.349738334428135, 12.060868824559702]","(512, 256)",0.1,114307.67224121094,local,18760.0,"[0.656172020755597, 0.7689723813965885]","[0.5096198522888903, 0.5862366750328017]",,0.0,"[0.656172020755597, 0.7689723813965885]",,,,"[None, None, 7.668682341212106e-05, 8.096459848957953e-05]",,,,,,,,
g19_kad_mnist,4,ctx,1000,random,local,False,0.9177,0.08149502783057083,"[98, 122, 86, 101, 96, 101, 90, 124, 89, 93]",481.814471244812,,,,,"[0.8046917564799614, 0.5957701247738789]",0.79223686439895,"[62.34277391311183, 11.275478599158337, 11.363038781453398]","(512, 256)",0.1,114307.67224121094,local,18760.0,"[0.6521080423773987, 0.7530256779717484]","[0.511123155366415, 0.5780500802713862]",,0.0,"[0.6521080423773987, 0.7530256779717484]",,,,"[None, None, 0.00011407926280609896, 2.562268524507544e-05]",,,,,,,,
g19_kad_mnist,5,ctx,1000,random,local,False,0.9229,0.07120647951513684,"[87, 134, 80, 95, 100, 97, 91, 114, 107, 95]",425.2305157184601,,,,,"[0.8059226378356122, 0.6027471674727866]",0.79223686439895,"[62.34277391311183, 12.40139846662344, 11.136005807802151]","(512, 256)",0.1,114307.67224121094,local,18760.0,"[0.6538896963286247, 0.7703660131263326]","[0.5104521404165449, 0.5787237768949095]",,0.0,"[0.6538896963286247, 0.7703660131263326]",,,,"[None, None, 0.00010165964972741313, 7.735393332068616e-05]",,,,,,,,
g19_kad_mnist_static,0,ctx,1000,random,local,True,0.9522,0.0,"[90, 98, 111, 100, 98, 97, 113, 109, 91, 93]",379.2465331554413,,,,,"[nan, nan]",,"[62.34277391311183, 14.019911466678737, 10.73142908942559]","(512, 256)",0.1,114307.67224121094,local,18750.0,"[0.6306478125, 0.6207004166666666]","[0.5048947269630432, 0.5219277242382367]",,0.0,"[0.6306478125, 0.6207004166666666]",,,,"[None, None, 0.0008831182508983981, 0.00017965279730012705]",,,,,,,,
g19_kad_mnist_static,1,ctx,1000,random,local,True,0.9559,0.0,"[100, 108, 109, 93, 95, 95, 78, 94, 114, 114]",411.1263792514801,,,,,"[nan, nan]",,"[62.34277391311183, 14.32608147311294, 10.837085550741948]","(512, 256)",0.1,114307.67224121094,local,18750.0,"[0.6272648958333333, 0.612800625]","[0.5049272830327352, 0.5223835130723318]",,0.0,"[0.6272648958333333, 0.612800625]",,,,"[None, None, 0.0009725365104047753, 0.000183329222393523]",,,,,,,,
g19_kad_mnist_static,2,ctx,1000,random,local,True,0.9538,0.0,"[114, 96, 93, 106, 84, 104, 106, 104, 89, 104]",312.7813792228699,,,,,"[nan, nan]",,"[62.34277391311183, 14.476342316959387, 10.909187286456081]","(512, 256)",0.1,114307.67224121094,local,18750.0,"[0.6338021875, 0.6258329166666666]","[0.505159979168574, 0.5210279882844289]",,0.0,"[0.6338021875, 0.6258329166666666]",,,,"[None, None, 0.0008869257961607307, 0.00016550137693165185]",,,,,,,,
g19_kad_mnist_static,3,ctx,1000,random,local,True,0.9467,0.0,"[114, 88, 117, 84, 90, 99, 107, 99, 107, 95]",542.8115379810333,,,,,"[nan, nan]",,"[62.34277391311183, 13.515639953409908, 10.575347927947254]","(512, 256)",0.1,114307.67224121094,local,18750.0,"[0.6197707291666666, 0.6233195833333334]","[0.5060683039871852, 0.5218637831083933]",,0.0,"[0.6197707291666666, 0.6233195833333334]",,,,"[None, None, 0.0011726768344542083, 0.0001363498835342612]",,,,,,,,
g19_kad_mnist_static,4,ctx,1000,random,local,True,0.9525,0.0,"[89, 86, 110, 96, 93, 101, 100, 113, 104, 108]",465.46823811531067,,,,,"[nan, nan]",,"[62.34277391311183, 13.822403072383779, 10.318588833777744]","(512, 256)",0.1,114307.67224121094,local,18750.0,"[0.6328651041666666, 0.6396466666666667]","[0.5049364580559731, 0.5206801278026899]",,0.0,"[0.6328651041666666, 0.6396466666666667]",,,,"[None, None, 0.0009032656865109773, 0.00016973032671648965]",,,,,,,,
g19_kad_mnist_static,5,ctx,1000,random,local,True,0.9522,0.0,"[95, 116, 99, 102, 102, 71, 114, 110, 90, 101]",323.91882491111755,,,,,"[nan, nan]",,"[62.34277391311183, 13.697344932090042, 10.481218349106015]","(512, 256)",0.1,114307.67224121094,local,18750.0,"[0.6319907291666667, 0.6447935416666667]","[0.5046520138263703, 0.5209454026397069]",,0.0,"[0.6319907291666667, 0.6447935416666667]",,,,"[None, None, 0.0009096280894541215, 0.00017989516295491176]",,,,,,,,
g19_kadx_anchor,0,ctx,1000,random,local,False,0.9205,0.07751722517386028,"[110, 110, 96, 111, 95, 83, 105, 105, 100, 85]",460.36515831947327,,,,,"[0.7210632065567963, 0.5481841993355484]",0.79223686439895,"[62.34277391311183, 16.048292024958624, 9.778132215630208]","(512, 256)",0.1,114307.61891174316,local,18760.0,"[0.5872333713686034, 0.7037057319429637]","[0.5184180018347082, 0.583926165152365]",,0.0,"[0.5872333713686034, 0.7037057319429637]",,,,"[None, None, 1.4477247200220873e-05, 9.871113228036e-06]",,,,,,,,
g19_kadx_anchor,1,ctx,1000,random,local,False,0.9147,0.09110109752115356,"[98, 104, 90, 109, 99, 79, 109, 124, 95, 93]",459.4340250492096,,,,,"[0.7461497015734683, 0.5615843064409713]",0.79223686439895,"[62.34277391311183, 12.992906651781185, 13.66262922126234]","(512, 256)",0.1,114307.67224121094,local,18760.0,"[0.592264334021855, 0.6961378931236674]","[0.5180742052834489, 0.585012233679864]",,0.0,"[0.592264334021855, 0.6961378931236674]",,,,"[None, None, 1.1620127103069328e-05, 9.622414384038627e-06]",,,,,,,,
g19_kadx_anchor,2,ctx,1000,random,local,False,0.9219,0.07837365586976963,"[100, 128, 99, 103, 109, 100, 85, 93, 92, 91]",417.04707169532776,,,,,"[0.7762607105771397, 0.5632584698141592]",0.79223686439895,"[62.34277391311183, 12.623219438475031, 12.835413988779585]","(512, 256)",0.1,114307.67224121094,local,18760.0,"[0.5975242370735607, 0.6926262243470149]","[0.5164560272964015, 0.5836765535374376]",,0.0,"[0.5975242370735607, 0.6926262243470149]",,,,"[None, None, 1.1195519533806714e-05, 8.319388325795662e-06]",,,,,,,,
g19_kadx_anchor_static,0,ctx,1000,random,local,True,0.9556,0.0,"[90, 98, 111, 100, 98, 97, 113, 109, 91, 93]",472.99874997138977,,,,,"[nan, nan]",,"[62.34277391311183, 16.18581642403171, 10.969401706069268]","(512, 256)",0.1,114306.60223770142,local,18750.0,"[0.572573125, 0.5598633333333334]","[0.5090417044639587, 0.5273861001086235]",,0.0,"[0.572573125, 0.5598633333333334]",,,,"[None, None, 5.31697282306571e-05, 1.2536360277611035e-05]",,,,,,,,
g19_kadx_anchor_static,1,ctx,1000,random,local,True,0.9603,0.0,"[100, 108, 109, 93, 95, 95, 78, 94, 114, 114]",462.05324816703796,,,,,"[nan, nan]",,"[62.34277391311183, 15.815807881557662, 11.48290521905095]","(512, 256)",0.1,114306.98223876953,local,18750.0,"[0.5704582291666667, 0.55407875]","[0.508821128950119, 0.5271902700344722]",,0.0,"[0.5704582291666667, 0.55407875]",,,,"[None, None, 6.253850245834817e-05, 1.4115906957438718e-05]",,,,,,,,
g19_kadx_anchor_static,2,ctx,1000,random,local,True,0.96,0.0,"[114, 96, 93, 106, 84, 104, 106, 104, 89, 104]",376.2291889190674,,,,,"[nan, nan]",,"[62.34277391311183, 15.88431558505808, 12.21750606924917]","(512, 256)",0.1,114306.08223724365,local,18750.0,"[0.5768066666666667, 0.548859375]","[0.5097099033610026, 0.5261479492664337]",,0.0,"[0.5768066666666667, 0.548859375]",,,,"[None, None, 5.420774101869168e-05, 1.3431310016906463e-05]",,,,,,,,
g19_kadx_bout,0,ctx,1000,random,local,False,0.9192,0.07569017128095573,"[110, 110, 96, 111, 95, 83, 105, 105, 100, 85]",424.91429829597473,,,,,"[0.7576313520643849, 0.5803722277168062]",0.79223686439895,"[62.34277391311183, 13.125204402895346, 11.364711490676926]","(512, 256)",0.1,114307.66556549072,local,18760.0,"[0.6347580248867271, 0.7394083572094883]","[0.5012335019158338, 0.5689835135973911]",,0.0,"[0.6347580248867271, 0.7394083572094883]",0.961407249466951,,,"[None, None, 1.2690236539955431e-05, 5.863095517124693e-06]",,,,,,,,
g19_kadx_bout,1,ctx,1000,random,local,False,0.9161,0.07755500160080553,"[98, 104, 90, 109, 99, 79, 109, 124, 95, 93]",402.5354392528534,,,,,"[0.794459862357306, 0.5589239855315834]",0.79223686439895,"[62.34277391311183, 11.034392348375958, 11.601864510252312]","(512, 256)",0.1,114307.67224121094,local,18760.0,"[0.6398250099946695, 0.7391295475746269]","[0.5114829910954813, 0.5964231524628394]",,0.0,"[0.6398250099946695, 0.7391295475746269]",0.9943496801705757,,,"[None, None, 1.4277766338235112e-05, 5.969895387595657e-06]",,,,,,,,
g19_kadx_bout,2,ctx,1000,random,local,False,0.919,0.08038388563904536,"[100, 128, 99, 103, 109, 100, 85, 93, 92, 91]",265.9264905452728,,,,,"[0.781596040880274, 0.5970447543660032]",0.79223686439895,"[62.34277391311183, 12.526641869710186, 10.601854777525292]","(512, 256)",0.1,114307.67224121094,local,18760.0,"[0.6398358375533049, 0.723520372468017]","[0.5055376794912032, 0.5748739213468249]",,0.0,"[0.6398358375533049, 0.723520372468017]",0.9767057569296376,,,"[None, None, 1.2238933252823779e-05, 6.396462576716445e-06]",,,,,,,,
g19_kadx_bout_static,0,ctx,1000,random,local,True,0.9592,0.0,"[90, 98, 111, 100, 98, 97, 113, 109, 91, 93]",420.588387966156,,,,,"[nan, nan]",,"[62.34277391311183, 15.767817303526693, 12.469652790679689]","(512, 256)",0.1,114287.76556777954,local,18750.0,"[0.5912513541666666, 0.5528275]","[0.46157093249996506, 0.48966445964475475]",,0.0,"[0.5912513541666666, 0.5528275]",0.8688533333333334,,,"[None, None, 7.075462597898015e-05, 9.33264682619044e-06]",,,,,,,,
g19_kadx_bout_static,1,ctx,1000,random,local,True,0.9625,0.0,"[100, 108, 109, 93, 95, 95, 78, 94, 114, 114]",391.3586094379425,,,,,"[nan, nan]",,"[62.34277391311183, 16.503383220592358, 12.143205006788403]","(512, 256)",0.1,114299.02224349976,local,18750.0,"[0.5823422916666666, 0.573588125]","[0.4795188134427865, 0.503343789575696]",,0.0,"[0.5823422916666666, 0.573588125]",0.9162666666666667,,,"[None, None, 7.463335454285321e-05, 9.580113742257064e-06]",,,,,,,,
g19_kadx_bout_static,2,ctx,1000,random,local,True,0.9574,0.0,"[114, 96, 93, 106, 84, 104, 106, 104, 89, 104]",254.26343822479248,,,,,"[nan, nan]",,"[62.34277391311183, 16.605792310624246, 11.877172137389097]","(512, 256)",0.1,114294.55557632446,local,18750.0,"[0.605898125, 0.54377375]","[0.4509898336728414, 0.47379632436434427]",,0.0,"[0.605898125, 0.54377375]",0.8389333333333333,,,"[None, None, 6.376943838859778e-05, 1.053810467974976e-05]",,,,,,,,
g19_kadx_night,0,ctx,1000,random,nrem,False,0.6133,0.32710792444268905,"[96, 120, 99, 105, 84, 92, 107, 109, 99, 89]",51.2968316078186,,,,,"[0.7849096472257381, 0.8769111722307212]",0.79223686439895,"[62.34277391311183, 8.784053782032482, 3.7704046550824706]","(512, 256)",0.1,114307.67224121094,,,,,,,,,,,,,,,,,,,
g19_kadx_night,1,ctx,1000,random,nrem,False,0.5698,0.49875346008310073,"[115, 122, 95, 107, 94, 82, 92, 99, 103, 91]",50.096898317337036,,,,,"[0.7960574578709616, 0.8379596528266479]",0.79223686439895,"[62.34277391311183, 8.727114931821342, 4.261742935059558]","(512, 256)",0.1,114307.67224121094,,,,,,,,,,,,,,,,,,,
g19_kadx_night,2,ctx,1000,random,nrem,False,0.6219,0.34871819334062704,"[100, 100, 82, 96, 77, 103, 109, 114, 97, 122]",46.422810316085815,,,,,"[0.807560353028887, 0.8829093262951085]",0.79223686439895,"[62.34277391311183, 8.913736505508847, 3.6433372868639293]","(512, 256)",0.1,114307.67224121094,,,,,,,,,,,,,,,,,,,
g19b_c100,0,ctx,1000,random,local,False,0.0404,0.18544444444444444,"[8, 14, 11, 5, 13, 9, 7, 11, 11, 7, 14, 13, 9, 6, 12, 12, 15, 9, 12, 8, 13, 10, 13, 10, 5, 13, 7, 9, 13, 6, 18, 17, 8, 12, 13, 9, 13, 9, 7, 6, 11, 8, 20, 7, 14, 10, 5, 5, 9, 7, 12, 10, 10, 8, 9, 10, 10, 11, 6, 13, 9, 13, 19, 5, 11, 6, 12, 9, 16, 4, 7, 13, 10, 9, 12, 11, 9, 10, 4, 10, 10, 8, 9, 10, 6, 8, 8, 8, 6, 9, 16, 8, 16, 7, 7, 10, 9, 10, 9, 15]",411.80288648605347,,,,,"[0.9199869065057152, 0.9799727891156463]",1.0,"[7.114258827339226, 11.094400197445738, 16.099263797842454]","(512, 256)",0.1,163802.7929688692,local,15650.0,"[0.6455145517172524, 0.8369186801118211]","[0.5051403379921143, 0.5301230450929664]",,0.0,"[0.6455145517172524, 0.8369186801118211]",,,,"[None, None, 2.6150185533177328e-05, 7.91512400095622e-05]",,,,,,,,
g19b_c100,1,ctx,1000,random,local,False,0.0309,0.16944444444444445,"[10, 15, 17, 13, 14, 10, 13, 8, 9, 10, 13, 10, 12, 6, 8, 8, 14, 7, 16, 10, 4, 14, 14, 8, 12, 11, 5, 9, 6, 12, 9, 7, 11, 9, 5, 5, 6, 13, 9, 13, 7, 10, 8, 12, 10, 13, 7, 14, 7, 14, 5, 9, 10, 12, 13, 5, 14, 10, 9, 13, 11, 9, 16, 14, 8, 19, 8, 7, 10, 8, 9, 11, 10, 12, 16, 4, 14, 8, 11, 10, 7, 11, 8, 15, 9, 7, 6, 6, 11, 9, 2, 9, 7, 8, 10, 12, 8, 13, 9, 11]",404.1195447444916,,,,,"[0.9585147403685113, 0.9650268098811116]",1.0,"[7.114258827339226, 6.471264564582716, 11.469385383163472]","(512, 256)",0.1,163802.7929688692,local,15650.0,"[0.6453932458067093, 0.8425619009584665]","[0.5048435402982913, 0.5268535714666731]",,0.0,"[0.6453932458067093, 0.8425619009584665]",,,,"[None, None, 1.7627531085450542e-05, 9.037499665655499e-05]",,,,,,,,
g19b_c100,2,ctx,1000,random,local,False,0.0297,0.16555555555555557,"[12, 13, 11, 11, 7, 8, 15, 8, 14, 9, 11, 5, 6, 10, 7, 7, 13, 12, 8, 6, 13, 9, 10, 13, 9, 11, 8, 13, 8, 11, 10, 6, 12, 13, 8, 12, 6, 11, 8, 13, 10, 11, 5, 13, 13, 9, 9, 5, 9, 12, 7, 10, 11, 12, 7, 8, 7, 13, 11, 7, 10, 5, 8, 10, 8, 12, 14, 8, 12, 10, 12, 11, 21, 12, 13, 10, 6, 5, 5, 13, 8, 12, 6, 8, 11, 13, 13, 10, 13, 18, 17, 6, 9, 7, 9, 7, 15, 13, 6, 8]",348.19406509399414,,,,,"[0.9387414204900659, 0.9718625872249061]",1.0,"[7.114258827339226, 8.037176551070525, 15.228784937311223]","(512, 256)",0.1,163802.7929688692,local,15650.0,"[0.6465278055111822, 0.8435842651757188]","[0.5048165755940321, 0.5280794184196729]",,0.0,"[0.6465278055111822, 0.8435842651757188]",,,,"[None, None, 1.7021749161969092e-05, 9.027071390051992e-05]",,,,,,,,
g19b_c100_static,0,ctx,1000,random,local,True,0.0369,0.0,"[17, 5, 15, 11, 7, 15, 12, 8, 16, 7, 12, 11, 14, 6, 7, 8, 7, 10, 11, 8, 8, 15, 7, 6, 8, 10, 11, 13, 5, 5, 7, 11, 15, 12, 10, 4, 13, 10, 6, 14, 8, 9, 12, 15, 9, 11, 9, 5, 13, 6, 14, 11, 11, 10, 8, 13, 12, 7, 6, 13, 7, 11, 10, 9, 12, 12, 11, 9, 11, 12, 10, 11, 6, 5, 11, 11, 5, 14, 8, 9, 10, 8, 16, 6, 15, 6, 13, 18, 10, 11, 9, 7, 11, 11, 11, 8, 8, 8, 11, 10]",405.82187819480896,,,,,"[nan, nan]",,"[7.114258827339226, 13.210528361362677, 19.4440355939034]","(512, 256)",0.1,163802.82634747028,local,15625.0,"[0.624434375, 0.8677535]","[0.5045741890784502, 0.5247857947430611]",,0.0,"[0.624434375, 0.8677535]",,,,"[None, None, 1.4964394405015714e-05, 0.0001110791400044195]",,,,,,,,
g19b_c100_static,1,ctx,1000,random,local,True,0.0348,0.0,"[15, 13, 10, 8, 3, 2, 12, 8, 9, 9, 13, 13, 4, 10, 5, 7, 9, 11, 9, 10, 18, 9, 10, 13, 12, 9, 9, 14, 9, 13, 13, 5, 14, 9, 11, 15, 7, 12, 10, 9, 10, 8, 8, 15, 11, 9, 9, 10, 11, 11, 6, 7, 9, 16, 9, 10, 9, 12, 12, 8, 7, 11, 6, 12, 8, 10, 11, 11, 6, 10, 8, 12, 7, 6, 13, 8, 9, 6, 9, 13, 13, 7, 6, 8, 11, 12, 10, 16, 7, 11, 14, 13, 14, 13, 9, 18, 7, 11, 5, 11]",399.8413245677948,,,,,"[nan, nan]",,"[7.114258827339226, 14.359067091141723, 25.851266756551095]","(512, 256)",0.1,163802.7929688692,local,15625.0,"[0.61808175, 0.8660585]","[0.5048810588494539, 0.5262372036185264]",,0.0,"[0.61808175, 0.8660585]",,,,"[None, None, 1.672604181356716e-05, 9.994002346699305e-05]",,,,,,,,
g19b_c100_static,2,ctx,1000,random,local,True,0.0398,0.0,"[10, 7, 9, 16, 10, 7, 11, 15, 16, 12, 6, 6, 12, 6, 11, 10, 13, 14, 12, 10, 4, 5, 8, 10, 9, 8, 9, 13, 9, 6, 3, 9, 18, 14, 14, 18, 6, 12, 14, 6, 18, 9, 8, 10, 7, 16, 6, 6, 9, 14, 9, 12, 16, 7, 13, 7, 7, 11, 11, 5, 4, 7, 11, 11, 6, 9, 9, 10, 4, 5, 4, 8, 12, 14, 9, 12, 17, 14, 7, 9, 9, 13, 10, 12, 8, 10, 10, 8, 14, 13, 16, 8, 8, 12, 13, 9, 15, 6, 7, 8]",273.1844186782837,,,,,"[nan, nan]",,"[7.114258827339226, 18.305829594775997, 22.763202347682064]","(512, 256)",0.1,163802.82634747028,local,15625.0,"[0.6169525, 0.86775375]","[0.505091364654541, 0.5228241585674286]",,0.0,"[0.6169525, 0.86775375]",,,,"[None, None, 1.2894238981285923e-05, 9.595461096353375e-05]",,,,,,,,
g19b_c100f,0,ctx,1000,random,local,False,0.0631,0.2493333333333333,"[8, 14, 11, 5, 13, 9, 7, 11, 11, 7, 14, 13, 9, 6, 12, 12, 15, 9, 12, 8, 13, 10, 13, 10, 5, 13, 7, 9, 13, 6, 18, 17, 8, 12, 13, 9, 13, 9, 7, 6, 11, 8, 20, 7, 14, 10, 5, 5, 9, 7, 12, 10, 10, 8, 9, 10, 10, 11, 6, 13, 9, 13, 19, 5, 11, 6, 12, 9, 16, 4, 7, 13, 10, 9, 12, 11, 9, 10, 4, 10, 10, 8, 9, 10, 6, 8, 8, 8, 6, 9, 16, 8, 16, 7, 7, 10, 9, 10, 9, 15]",418.8474416732788,,,,,"[0.8921543486046761, 0.9886380332921214]",1.0,"[9.27809755419962, 26.064691743707353, 20.667334180725337]","(512, 256)",0.1,163802.83984375,local,15650.0,"[0.6358289237220447, 0.8426422723642173]","[0.5055620728528347, 0.5393434878378607]",,0.0,"[0.6358289237220447, 0.8426422723642173]",,,,"[None, None, 5.2269701632836273e-05, 5.3249530350960635e-05]",,,,,,,,
g19b_c100f,1,ctx,1000,random,local,False,0.0588,0.2328888888888889,"[10, 15, 17, 13, 14, 10, 13, 8, 9, 10, 13, 10, 12, 6, 8, 8, 14, 7, 16, 10, 4, 14, 14, 8, 12, 11, 5, 9, 6, 12, 9, 7, 11, 9, 5, 5, 6, 13, 9, 13, 7, 10, 8, 12, 10, 13, 7, 14, 7, 14, 5, 9, 10, 12, 13, 5, 14, 10, 9, 13, 11, 9, 16, 14, 8, 19, 8, 7, 10, 8, 9, 11, 10, 12, 16, 4, 14, 8, 11, 10, 7, 11, 8, 15, 9, 7, 6, 6, 11, 9, 2, 9, 7, 8, 10, 12, 8, 13, 9, 11]",412.20051527023315,,,,,"[0.9149850602889177, 0.9604731465235665]",1.0,"[9.27809755419962, 10.787865170538218, 14.884464612923013]","(512, 256)",0.1,163802.83984375,local,15650.0,"[0.6317593101038339, 0.8327478534345047]","[0.5055900904712395, 0.5268556263081182]",,0.0,"[0.6317593101038339, 0.8327478534345047]",,,,"[None, None, 3.348670297407882e-05, 8.837812919928995e-05]",,,,,,,,
g19b_c100f,2,ctx,1000,random,local,False,0.0479,0.22777777777777775,"[12, 13, 11, 11, 7, 8, 15, 8, 14, 9, 11, 5, 6, 10, 7, 7, 13, 12, 8, 6, 13, 9, 10, 13, 9, 11, 8, 13, 8, 11, 10, 6, 12, 13, 8, 12, 6, 11, 8, 13, 10, 11, 5, 13, 13, 9, 9, 5, 9, 12, 7, 10, 11, 12, 7, 8, 7, 13, 11, 7, 10, 5, 8, 10, 8, 12, 14, 8, 12, 10, 12, 11, 21, 12, 13, 10, 6, 5, 5, 13, 8, 12, 6, 8, 11, 13, 13, 10, 13, 18, 17, 6, 9, 7, 9, 7, 15, 13, 6, 8]",400.795129776001,,,,,"[0.9385764525830964, 0.9698397524282255]",1.0,"[9.27809755419962, 10.565660125325167, 12.602625536683961]","(512, 256)",0.1,163802.83984375,local,15650.0,"[0.6433443989616613, 0.8357103634185303]","[0.5046999783471179, 0.5302471301936732]",,0.0,"[0.6433443989616613, 0.8357103634185303]",,,,"[None, None, 2.3945942496248678e-05, 8.907663720885637e-05]",,,,,,,,
g19b_c100f_static,0,ctx,1000,random,local,True,0.0513,0.0,"[17, 5, 15, 11, 7, 15, 12, 8, 16, 7, 12, 11, 14, 6, 7, 8, 7, 10, 11, 8, 8, 15, 7, 6, 8, 10, 11, 13, 5, 5, 7, 11, 15, 12, 10, 4, 13, 10, 6, 14, 8, 9, 12, 15, 9, 11, 9, 5, 13, 6, 14, 11, 11, 10, 8, 13, 12, 7, 6, 13, 7, 11, 10, 9, 12, 12, 11, 9, 11, 12, 10, 11, 6, 5, 11, 11, 5, 14, 8, 9, 10, 8, 16, 6, 15, 6, 13, 18, 10, 11, 9, 7, 11, 11, 11, 8, 8, 8, 11, 10]",413.42734122276306,,,,,"[nan, nan]",,"[9.27809755419962, 23.357354746976537, 25.870469262653966]","(512, 256)",0.1,163802.87322235107,local,15625.0,"[0.61640575, 0.86451475]","[0.5060292827797085, 0.5245455551720262]",,0.0,"[0.61640575, 0.86451475]",,,,"[None, None, 2.7799462298986814e-05, 9.9273962171785e-05]",,,,,,,,
g19b_c100f_static,1,ctx,1000,random,local,True,0.0639,0.0,"[15, 13, 10, 8, 3, 2, 12, 8, 9, 9, 13, 13, 4, 10, 5, 7, 9, 11, 9, 10, 18, 9, 10, 13, 12, 9, 9, 14, 9, 13, 13, 5, 14, 9, 11, 15, 7, 12, 10, 9, 10, 8, 8, 15, 11, 9, 9, 10, 11, 11, 6, 7, 9, 16, 9, 10, 9, 12, 12, 8, 7, 11, 6, 12, 8, 10, 11, 11, 6, 10, 8, 12, 7, 6, 13, 8, 9, 6, 9, 13, 13, 7, 6, 8, 11, 12, 10, 16, 7, 11, 14, 13, 14, 13, 9, 18, 7, 11, 5, 11]",412.63642930984497,,,,,"[nan, nan]",,"[9.27809755419962, 25.1352286226129, 27.391428297935462]","(512, 256)",0.1,163802.83984375,local,15625.0,"[0.61485075, 0.85973725]","[0.5056971559467316, 0.5315320258102417]",,0.0,"[0.61485075, 0.85973725]",,,,"[None, None, 3.614570066015236e-05, 6.553469446818519e-05]",,,,,,,,
g19b_c100f_static,2,ctx,1000,random,local,True,0.0645,0.0,"[10, 7, 9, 16, 10, 7, 11, 15, 16, 12, 6, 6, 12, 6, 11, 10, 13, 14, 12, 10, 4, 5, 8, 10, 9, 8, 9, 13, 9, 6, 3, 9, 18, 14, 14, 18, 6, 12, 14, 6, 18, 9, 8, 10, 7, 16, 6, 6, 9, 14, 9, 12, 16, 7, 13, 7, 7, 11, 11, 5, 4, 7, 11, 11, 6, 9, 9, 10, 4, 5, 4, 8, 12, 14, 9, 12, 17, 14, 7, 9, 9, 13, 10, 12, 8, 10, 10, 8, 14, 13, 16, 8, 8, 12, 13, 9, 15, 6, 7, 8]",371.3906452655792,,,,,"[nan, nan]",,"[9.27809755419962, 25.34461297869562, 23.617280091112058]","(512, 256)",0.1,163802.83984375,local,15625.0,"[0.616981625, 0.8666805]","[0.5054329420146942, 0.5337516196180582]",,0.0,"[0.616981625, 0.8666805]",,,,"[None, None, 2.6713564846187313e-05, 9.281890327682865e-05]",,,,,,,,
g19b_cifar,0,ctx,1000,random,local,False,0.253,0.408875,"[110, 98, 106, 107, 104, 117, 86, 101, 83, 88]",391.9131052494049,,,,,"[0.8885584807342332, 0.7378003806565646]",1.0,"[8.914858881645772, 19.67301425788186, 9.804824747864494]","(512, 256)",0.1,161458.5265083313,local,15625.0,"[0.594649375, 0.7032725]","[0.5087475994205475, 0.5681897319374084]",,0.0,"[0.594649375, 0.7032725]",,,,"[None, None, 4.208908226433273e-05, 1.0286014468560655e-05]",,,,,,,,
g19b_cifar,1,ctx,1000,random,local,False,0.2634,0.4575,"[107, 113, 100, 101, 101, 127, 90, 81, 92, 88]",383.79245471954346,,,,,"[0.9129300886367087, 0.7910453726067367]",1.0,"[8.914858881645772, 18.17910225955133, 7.183402002139523]","(512, 256)",0.1,161459.6798439026,local,15625.0,"[0.593229125, 0.6863105]","[0.5093659469909668, 0.5599496017255783]",,0.0,"[0.593229125, 0.6863105]",,,,"[None, None, 3.787190782648007e-05, 1.1957223766080988e-05]",,,,,,,,
g19b_cifar,2,ctx,1000,random,local,False,0.279,0.442,"[99, 90, 84, 107, 88, 104, 104, 105, 109, 110]",352.9035758972168,,,,,"[0.8819412252870649, 0.7637448803562654]",1.0,"[8.914858881645772, 19.582398114478234, 10.447818947231957]","(512, 256)",0.1,161461.62984085083,local,15625.0,"[0.598519125, 0.6808585]","[0.5086221766242981, 0.5685250474834442]",,0.0,"[0.598519125, 0.6808585]",,,,"[None, None, 3.552972764456644e-05, 1.0913300054650897e-05]",,,,,,,,
g19b_cifar_static,0,ctx,1000,random,local,True,0.2974,0.0,"[90, 105, 95, 105, 100, 97, 98, 108, 91, 111]",398.7839877605438,,,,,"[nan, nan]",,"[8.914858881645772, 30.354948453255563, 20.83993289892085]","(512, 256)",0.1,161462.83984375,local,15625.0,"[0.599043625, 0.82588225]","[0.505959812037468, 0.5670689679985046]",,0.0,"[0.599043625, 0.82588225]",,,,"[None, None, 2.2630823627187826e-05, 0.00012481473024609284]",,,,,,,,
g19b_cifar_static,1,ctx,1000,random,local,True,0.2967,0.0,"[91, 105, 106, 111, 87, 94, 99, 107, 93, 107]",383.8570787906647,,,,,"[nan, nan]",,"[8.914858881645772, 24.86899721317911, 19.043897118425303]","(512, 256)",0.1,161462.83984375,local,15625.0,"[0.592068625, 0.81566875]","[0.5062420839691162, 0.5630897340774537]",,0.0,"[0.592068625, 0.81566875]",,,,"[None, None, 2.6541967160718096e-05, 0.00010997430218066722]",,,,,,,,
g19b_cifar_static,2,ctx,1000,random,local,True,0.3019,0.0,"[114, 98, 94, 107, 95, 115, 86, 92, 86, 113]",334.9699864387512,,,,,"[nan, nan]",,"[8.914858881645772, 24.97978004524566, 22.79672754289478]","(512, 256)",0.1,161462.83984375,local,15625.0,"[0.594264875, 0.821945]","[0.5062488733139038, 0.5705152714290619]",,0.0,"[0.594264875, 0.821945]",,,,"[None, None, 2.1514563260554444e-05, 0.00010991751385370965]",,,,,,,,
g19b_cifarf,0,ctx,1000,random,local,False,0.3658,0.325,"[110, 98, 106, 107, 104, 117, 86, 101, 83, 88]",619.5628123283386,,,,,"[0.8793733265032133, 0.5873621994438706]",1.0,"[6.528281999177004, 12.581189225841952, 6.428346380006896]","(512, 256)",0.1,161459.3398399353,local,15625.0,"[0.621922625, 0.66155475]","[0.5103255184736252, 0.572215516796112]",,0.0,"[0.621922625, 0.66155475]",,,"{'epochs_per_task': 5, 'batch': 256, 'nrem_batches': 20, 'nrem_gain': 3.0, 'val': False}","[None, None, 3.1174873089361906e-05, 1.60153036520011e-05]",,,0.0,,,,,
g19b_cifarf,1,ctx,1000,random,local,False,0.4032,0.323125,"[107, 113, 100, 101, 101, 127, 90, 81, 92, 88]",486.4775640964508,,,,,"[0.8983215266930937, 0.5724310003660823]",1.0,"[6.528281999177004, 12.399368894893758, 5.837696759267394]","(512, 256)",0.1,161457.9698486328,local,15625.0,"[0.61794, 0.6679315]","[0.5109539554624557, 0.5750923614168167]",,0.0,"[0.61794, 0.6679315]",,,"{'epochs_per_task': 5, 'batch': 256, 'nrem_batches': 20, 'nrem_gain': 3.0, 'val': False}","[None, None, 3.402611672329915e-05, 1.3285654200540593e-05]",,,0.0,,,,,
g19b_cifarf,2,ctx,1000,random,local,False,0.3978,0.35687500000000005,"[99, 90, 84, 107, 88, 104, 104, 105, 109, 110]",466.68494939804077,,,,,"[0.86689020009844, 0.5716625292588302]",1.0,"[6.528281999177004, 13.672239389565997, 9.87901406354736]","(512, 256)",0.1,161459.9665184021,local,15625.0,"[0.626381875, 0.66489875]","[0.5104233476648331, 0.5741833411865235]",,0.0,"[0.626381875, 0.66489875]",,,"{'epochs_per_task': 5, 'batch': 256, 'nrem_batches': 20, 'nrem_gain': 3.0, 'val': False}","[None, None, 3.1290337249723265e-05, 1.2427892114905178e-05]",,,0.0,,,,,
g19b_cifarf_static,0,ctx,1000,random,local,True,0.4165,0.0,"[90, 105, 95, 105, 100, 97, 98, 108, 91, 111]",519.5294470787048,,,,,"[nan, nan]",,"[6.528281999177004, 14.983197325869416, 16.071653834525932]","(512, 256)",0.1,161462.83984375,local,15625.0,"[0.600819125, 0.78892125]","[0.5063277066450119, 0.5736637247943878]",,0.0,"[0.600819125, 0.78892125]",,,"{'epochs_per_task': 5, 'batch': 256, 'nrem_batches': 20, 'nrem_gain': 3.0, 'val': False}","[None, None, 3.463945948110221e-05, 7.078625873175528e-05]",,,0.0,,,,,
g19b_cifarf_static,1,ctx,1000,random,local,True,0.4329,0.0,"[91, 105, 106, 111, 87, 94, 99, 107, 93, 107]",525.4276850223541,,,,,"[nan, nan]",,"[6.528281999177004, 22.584351351407957, 24.390933785420728]","(512, 256)",0.1,161462.83984375,local,15625.0,"[0.588891375, 0.79001975]","[0.5068723486738205, 0.5766236438989639]",,0.0,"[0.588891375, 0.79001975]",,,"{'epochs_per_task': 5, 'batch': 256, 'nrem_batches': 20, 'nrem_gain': 3.0, 'val': False}","[None, None, 3.566639730614664e-05, 7.183776946680902e-05]",,,0.0,,,,,
g19b_cifarf_static,2,ctx,1000,random,local,True,0.4392,0.0,"[114, 98, 94, 107, 95, 115, 86, 92, 86, 113]",494.24489283561707,,,,,"[nan, nan]",,"[6.528281999177004, 21.626937056063454, 21.547500470449187]","(512, 256)",0.1,161462.83984375,local,15625.0,"[0.590531125, 0.78334225]","[0.506917407541275, 0.5800903800973892]",,0.0,"[0.590531125, 0.78334225]",,,"{'epochs_per_task': 5, 'batch': 256, 'nrem_batches': 20, 'nrem_gain': 3.0, 'val': False}","[None, None, 3.726380151448166e-05, 5.762165744485724e-05]",,,0.0,,,,,
g19b_mnist,0,ctx,1000,random,local,False,0.9149,0.08257314932013152,"[110, 110, 96, 111, 95, 83, 105, 105, 100, 85]",431.6864867210388,,,,,"[0.8079767055729251, 0.5705405568260199]",0.79223686439895,"[62.34277391311183, 13.180548328267598, 11.314478686019504]","(512, 256)",0.1,114307.06223297119,local,18760.0,"[0.6344995169243071, 0.7378506463219616]","[0.5139451252435571, 0.5829039138144076]",,0.0,"[0.6344995169243071, 0.7378506463219616]",,,,"[None, None, 1.3150217597471355e-05, 3.238745585610963e-06]",,,,,,,,
g19b_mnist,1,ctx,1000,random,local,False,0.9179,0.08423662030554235,"[98, 104, 90, 109, 99, 79, 109, 124, 95, 93]",425.3702394962311,,,,,"[0.7748565685111967, 0.53933355464704]",0.79223686439895,"[62.34277391311183, 12.542954295923057, 7.154604073072225]","(512, 256)",0.1,114307.67224121094,local,18760.0,"[0.6381909856409915, 0.7406114655517058]","[0.5141950413648254, 0.5847582497052165]",,0.0,"[0.6381909856409915, 0.7406114655517058]",,,,"[None, None, 1.3975459805170919e-05, 6.297159137380509e-06]",,,,,,,,
g19b_mnist,2,ctx,1000,random,local,False,0.9174,0.08356766866518747,"[100, 128, 99, 103, 109, 100, 85, 93, 92, 91]",400.00307846069336,,,,,"[0.7929840788884789, 0.5563410138970513]",0.79223686439895,"[62.34277391311183, 13.719684285624258, 8.466478946269243]","(512, 256)",0.1,114307.67224121094,local,18760.0,"[0.6399571270322495, 0.7314107476012793]","[0.5119960501952879, 0.590851610095135]",,0.0,"[0.6399571270322495, 0.7314107476012793]",,,,"[None, None, 1.4065385281868351e-05, 6.7185054890982245e-06]",,,,,,,,
g19b_mnist_static,0,ctx,1000,random,local,True,0.959,0.0,"[90, 98, 111, 100, 98, 97, 113, 109, 91, 93]",437.19128489494324,,,,,"[nan, nan]",,"[62.34277391311183, 17.572946304563416, 11.413871323069772]","(512, 256)",0.1,114296.82890701294,local,18750.0,"[0.5981897916666666, 0.58673375]","[0.5070030613390605, 0.5299489037124316]",,0.0,"[0.5981897916666666, 0.58673375]",,,,"[None, None, 6.569889374765667e-05, 1.046459119163098e-05]",,,,,,,,
g19b_mnist_static,1,ctx,1000,random,local,True,0.9614,0.0,"[100, 108, 109, 93, 95, 95, 78, 94, 114, 114]",431.95120644569397,,,,,"[nan, nan]",,"[62.34277391311183, 15.629978662477068, 12.31917348960849]","(512, 256)",0.1,114297.16223526001,local,18750.0,"[0.5897555208333334, 0.5932875]","[0.5072871217314402, 0.5281055080127716]",,0.0,"[0.5897555208333334, 0.5932875]",,,,"[None, None, 6.759147344532407e-05, 8.556649539045174e-06]",,,,,,,,
g19b_mnist_static,2,ctx,1000,random,local,True,0.9618,0.0,"[114, 96, 93, 106, 84, 104, 106, 104, 89, 104]",384.1575720310211,,,,,"[nan, nan]",,"[62.34277391311183, 16.136832516610554, 12.062272390591456]","(512, 256)",0.1,114297.84224319458,local,18750.0,"[0.5962994791666667, 0.5780372916666666]","[0.5076494914468129, 0.5290885659344992]",,0.0,"[0.5962994791666667, 0.5780372916666666]",,,,"[None, None, 6.155876590657224e-05, 1.0453715706582686e-05]",,,,,,,,
g20_d3_bp_er,0,bp,1000,random,er,False,0.8857,0.138411933724752,"[106, 110, 95, 91, 105, 80, 114, 87, 96, 116]",26.05744194984436,,,,,,,,,,,,,,,,,,,,,,,,,,,,,
g20_d3_bp_er,1,bp,1000,random,er,False,0.8921,0.12980652435732576,"[92, 119, 95, 92, 100, 101, 102, 101, 83, 115]",20.455241441726685,,,,,,,,,,,,,,,,,,,,,,,,,,,,,
g20_d3_bp_er,2,bp,1000,random,er,False,0.8905,0.13325406250148192,"[107, 116, 94, 112, 88, 79, 107, 95, 87, 115]",18.93620467185974,,,,,,,,,,,,,,,,,,,,,,,,,,,,,
g20_d3_fix,0,ctx,1000,random,local,False,0.9148,0.05428174865702562,"[110, 110, 96, 111, 95, 83, 105, 105, 100, 85]",428.58553075790405,,,,,"[0.9157467239559363, 0.9298265675624166, 0.6982395382395382]",0.79223686439895,"[62.34277391311183, 11.084383755395509, 7.664985962655179, 8.777323590918675]","(512, 256, 128)",0.1,115176.03161621094,local,18760.0,"[0.691081110907516, 0.8460958322228145, 0.8605602012260128]","[0.5050427924492148, 0.5021661835410861, 0.5650710112778649]",,0.0,"[0.691081110907516, 0.8460958322228145, 0.8605602012260128]",,,,,,,,,,,,
g20_d3_fix,1,ctx,1000,random,local,False,0.9096,0.0469509881686698,"[98, 104, 90, 109, 99, 79, 109, 124, 95, 93]",420.53566908836365,,,,,"[0.9230061782488808, 0.9477094837935173, 0.7165494699497759]",0.79223686439895,"[62.34277391311183, 9.629308224103495, 6.7096200281624645, 7.290462276418672]","(512, 256, 128)",0.1,115176.03161621094,local,18760.0,"[0.6734897637926439, 0.8504749550239872, 0.8623788146321961]","[0.5051911816147885, 0.5028628054700458, 0.5612903646648184]",,0.0,"[0.6734897637926439, 0.8504749550239872, 0.8623788146321961]",,,,,,,,,,,,
g20_d3_fix,2,ctx,1000,random,local,False,0.9169,0.06538263864908184,"[100, 128, 99, 103, 109, 100, 85, 93, 92, 91]",330.86085987091064,,,,,"[0.9195835340705651, 0.9139709730045864, 0.7119581967684435]",0.79223686439895,"[62.34277391311183, 9.859234121582094, 6.257783947833278, 7.6494822908918385]","(512, 256, 128)",0.1,115176.05710475147,local,18760.0,"[0.6822978786313966, 0.8442128781316631, 0.8637918110341152]","[0.5048946102112055, 0.5025783332642605, 0.5462584884215727]",,0.0,"[0.6822978786313966, 0.8442128781316631, 0.8637918110341152]",,,,,,,,,,,,
g20_d3_fix_static,0,ctx,1000,random,local,True,0.9326,0.0,"[90, 98, 111, 100, 98, 97, 113, 109, 91, 93]",427.3962137699127,,,,,"[nan, nan, nan]",,"[62.34277391311183, 10.904753084531677, 8.058506902192695, 9.332427187586735]","(512, 256, 128)",0.1,115176.03161621094,local,18750.0,"[0.662931875, 0.8284822916666666, 0.7982104166666667]","[0.5038850437593461, 0.5021316452773412, 0.5082351355950038]",,0.0,"[0.662931875, 0.8284822916666666, 0.7982104166666667]",,,,,,,,,,,,
g20_d3_fix_static,1,ctx,1000,random,local,True,0.9409,0.0,"[100, 108, 109, 93, 95, 95, 78, 94, 114, 114]",386.4824755191803,,,,,"[nan, nan, nan]",,"[62.34277391311183, 11.045644188997, 8.64818858518036, 9.042673067927895]","(512, 256, 128)",0.1,115176.03161621094,local,18750.0,"[0.6622265625, 0.8288341666666666, 0.79731]","[0.5036284130954742, 0.5031874937828382, 0.5089069813632965]",,0.0,"[0.6622265625, 0.8288341666666666, 0.79731]",,,,,,,,,,,,
g20_d3_fix_static,2,ctx,1000,random,local,True,0.9343,0.0,"[114, 96, 93, 106, 84, 104, 106, 104, 89, 104]",338.39274740219116,,,,,"[nan, nan, nan]",,"[62.34277391311183, 10.196569090688925, 7.662332280496859, 8.487898605342876]","(512, 256, 128)",0.1,115176.03161621094,local,18750.0,"[0.6630220833333333, 0.8174089583333334, 0.79949375]","[0.5044420718518893, 0.503574419576327, 0.5082646777248383]",,0.0,"[0.6630220833333333, 0.8174089583333334, 0.79949375]",,,,,,,,,,,,
g20_d3_kad,0,ctx,1000,random,local,False,0.9082,0.07173259432743406,"[110, 110, 96, 111, 95, 83, 105, 105, 100, 85]",429.3895990848541,,,,,"[0.8311527852006051, 0.6650521831039831, 0.42831114534602915]",0.79223686439895,"[62.34277391311183, 14.947475577137888, 8.111061527255174, 4.848603939852508]","(512, 256, 128)",0.1,115176.03161621094,local,18760.0,"[0.6527356243336887, 0.7041525769589553, 0.8177809335021322]","[0.5106370804755926, 0.5557539897170592, 0.6096815346440336]",,0.0,"[0.6527356243336887, 0.7041525769589553, 0.8177809335021322]",,,,"[None, None, 5.815382685874105e-06, 6.018408344253764e-06, 7.83216787222917e-06]",,,,,,,,
g20_d3_kad,1,ctx,1000,random,local,False,0.8959,0.08963171322299077,"[98, 104, 90, 109, 99, 79, 109, 124, 95, 93]",426.63491916656494,,,,,"[0.8251103072021608, 0.5727627758553181, 0.5865152079893541]",0.79223686439895,"[62.34277391311183, 16.558920860216784, 6.08472966560953, 6.520676288564519]","(512, 256, 128)",0.1,115175.750011459,local,18760.0,"[0.6466890575026653, 0.6739780450426439, 0.8138076359275054]","[0.5099416206020917, 0.5416572594121575, 0.5783737143175974]",,0.0,"[0.6466890575026653, 0.6739780450426439, 0.8138076359275054]",,,,"[None, None, 5.91823065978866e-06, 6.18949735643759e-06, 8.537703679013135e-06]",,,,,,,,
g20_d3_kad,2,ctx,1000,random,local,False,0.9154,0.06021515771121108,"[100, 128, 99, 103, 109, 100, 85, 93, 92, 91]",334.9031250476837,,,,,"[0.8387955161975211, 0.6397310008368453, 0.45753991733406246]",0.79223686439895,"[62.34277391311183, 14.448041725093395, 5.9011366713637825, 7.77157640942103]","(512, 256, 128)",0.1,115176.03161621094,local,18760.0,"[0.6539031266657782, 0.6984864322361407, 0.8017836320628998]","[0.5113488521236282, 0.5482211771502551, 0.5822292996967621]",,0.0,"[0.6539031266657782, 0.6984864322361407, 0.8017836320628998]",,,,"[None, None, 5.058243812167122e-06, 5.299901889125693e-06, 4.225000330937321e-06]",,,,,,,,
g20_d3_kad_static,0,ctx,1000,random,local,True,0.9549,0.0,"[90, 98, 111, 100, 98, 97, 113, 109, 91, 93]",425.1542456150055,,,,,"[nan, nan, nan]",,"[62.34277391311183, 17.959316749485954, 7.155604237649989, 8.304583317494204]","(512, 256, 128)",0.1,115172.26161766052,local,18750.0,"[0.6115423958333334, 0.6697033333333333, 0.67119]","[0.5070507802899679, 0.5217070436747869, 0.5660963028462728]",,0.0,"[0.6115423958333334, 0.6697033333333333, 0.67119]",,,,"[None, None, 1.938605571486685e-05, 2.6463242030497e-05, 1.390212521982391e-05]",,,,,,,,
g20_d3_kad_static,1,ctx,1000,random,local,True,0.9565,0.0,"[100, 108, 109, 93, 95, 95, 78, 94, 114, 114]",390.7217581272125,,,,,"[nan, nan, nan]",,"[62.34277391311183, 15.842672726147942, 8.33696687061073, 8.711443461362633]","(512, 256, 128)",0.1,115169.11827850342,local,18750.0,"[0.6147969791666666, 0.663491875, 0.6976075]","[0.506859439388911, 0.5160304883066813, 0.5652429142840704]",,0.0,"[0.6147969791666666, 0.663491875, 0.6976075]",,,,"[None, None, 2.1626150213578676e-05, 2.974311829688903e-05, 1.2044343572564433e-05]",,,,,,,,
g20_d3_kad_static,2,ctx,1000,random,local,True,0.9552,0.0,"[114, 96, 93, 106, 84, 104, 106, 104, 89, 104]",339.400337934494,,,,,"[nan, nan, nan]",,"[62.34277391311183, 16.68714994905249, 7.558812939855627, 8.674209315344427]","(512, 256, 128)",0.1,115175.61494636536,local,18750.0,"[0.6171061458333333, 0.6758120833333333, 0.69549]","[0.5067596728046735, 0.5181467398786544, 0.5658405185127259]",,0.0,"[0.6171061458333333, 0.6758120833333333, 0.69549]",,,,"[None, None, 1.9401388412338113e-05, 2.2317815218174626e-05, 1.391777940237809e-05]",,,,,,,,
g20_d4_bp_er,0,bp,1000,random,er,False,0.8855,0.13781483836260036,"[106, 110, 95, 91, 105, 80, 114, 87, 96, 116]",27.653483867645264,,,,,,,,,,,,,,,,,,,,,,,,,,,,,
g20_d4_bp_er,1,bp,1000,random,er,False,0.8911,0.13013357187160957,"[92, 119, 95, 92, 100, 101, 102, 101, 83, 115]",27.19626498222351,,,,,,,,,,,,,,,,,,,,,,,,,,,,,
g20_d4_bp_er,2,bp,1000,random,er,False,0.8859,0.13666140136711924,"[107, 116, 94, 112, 88, 79, 107, 95, 87, 115]",27.397104263305664,,,,,,,,,,,,,,,,,,,,,,,,,,,,,
g20_d4_fix,0,ctx,1000,random,local,False,0.9046,0.05763376125738487,"[110, 110, 96, 111, 95, 83, 105, 105, 100, 85]",502.4223897457123,,,,,"[0.935688760377906, 0.961861861861862, 0.9514285714285714, 0.6475738986428643]",0.79223686439895,"[62.34277391311183, 9.999722952573093, 6.246049924289962, 5.577072133394989, 8.932080274763214]","(512, 256, 128, 128)",0.1,115675.21130371094,local,18760.0,"[0.6586370602345416, 0.8610289095815565, 0.8825476412579958, 0.8801385094616204]","[0.5080831141681719, 0.5083630547828988, 0.5196829628846698, 0.5477297680285662]",,0.0,"[0.6586370602345416, 0.8610289095815565, 0.8825476412579958, 0.8801385094616204]",,,,,,,,,,,,
g20_d4_fix,1,ctx,1000,random,local,False,0.8638,0.049846053104032534,"[98, 104, 90, 109, 99, 79, 109, 124, 95, 93]",496.77058720588684,,,,,"[0.9454755065370328, 0.9007409828920127, 0.9489473684210525, 0.7259487393400075]",0.79223686439895,"[62.34277391311183, 10.102321253405117, 4.222458560923874, 1.9379899416079671, 7.55482103320583]","(512, 256, 128, 128)",0.1,115675.21130371094,local,18760.0,"[0.6776180828558103, 0.8481455723614072, 0.8797374733475479, 0.8732938266257996]","[0.5066934921141308, 0.5048909453539127, 0.512682313681729, 0.5361519660038163]",,0.0,"[0.6776180828558103, 0.8481455723614072, 0.8797374733475479, 0.8732938266257996]",,,,,,,,,,,,
g20_d4_fix,2,ctx,1000,random,local,False,0.9105,-0.0633253621310904,"[100, 128, 99, 103, 109, 100, 85, 93, 92, 91]",386.78301978111267,,,,,"[0.9181990547630223, 0.8321232057416268, 0.8657142857142859, 0.8566699604743084]",0.79223686439895,"[62.34277391311183, 10.644107274213493, 5.7063103430999655, 3.110209974945215, 8.347728009874983]","(512, 256, 128, 128)",0.1,115675.21130371094,local,18760.0,"[0.6649725354810767, 0.8463211287313432, 0.881366604477612, 0.8853494802771855]","[0.5068689391038803, 0.5055050410544758, 0.5302957418972432, 0.5428159595371833]",,0.0,"[0.6649725354810767, 0.8463211287313432, 0.881366604477612, 0.8853494802771855]",,,,,,,,,,,,
g20_d4_fix_static,0,ctx,1000,random,local,True,0.0974,0.0,"[90, 98, 111, 100, 98, 97, 113, 109, 91, 93]",493.08486223220825,,,,,"[nan, nan, nan, nan]",,"[62.34277391311183, 78.87298347885809, 4.448979000065953e-21, 6.957244489203944e-20, 4.092182599711672e-15]","(512, 256, 128, 128)",0.1,115675.21130371094,local,18750.0,"[0.5485467708333334, 0.8654658333333334, 0.8917675, 0.9148945833333333]","[0.5089115392812094, 0.5031864712381363, 0.49131702826738355, 0.49969648485740026]",,0.0,"[0.5485467708333334, 0.8654658333333334, 0.8917675, 0.9148945833333333]",,,,,,,,,,,,
g20_d4_fix_static,1,ctx,1000,random,local,True,0.1032,0.0,"[100, 108, 109, 93, 95, 95, 78, 94, 114, 114]",484.53873348236084,,,,,"[nan, nan, nan, nan]",,"[62.34277391311183, 85.71028988225959, 1.3117103962503768e-20, 1.156810527602253e-17, 1.0621992488757677e-14]","(512, 256, 128, 128)",0.1,115675.21130371094,local,18750.0,"[0.5510085416666667, 0.8696808333333333, 0.8918570833333334, 0.9031966666666666]","[0.5084529077529907, 0.5029602685054143, 0.48837913936098415, 0.49845422485669455]",,0.0,"[0.5510085416666667, 0.8696808333333333, 0.8918570833333334, 0.9031966666666666]",,,,,,,,,,,,
g20_d4_fix_static,2,ctx,1000,random,local,True,0.0892,0.0,"[114, 96, 93, 106, 84, 104, 106, 104, 89, 104]",384.4778106212616,,,,,"[nan, nan, nan, nan]",,"[62.34277391311183, 83.95541292981936, 1.9532838101126828e-21, 7.863806208795273e-18, 2.7900096798655296e-14]","(512, 256, 128, 128)",0.1,115675.21130371094,local,18750.0,"[0.5553420833333333, 0.86820625, 0.8924416666666667, 0.90329]","[0.5090548998665809, 0.5032336218063037, 0.4884485809202989, 0.49853574719071386]",,0.0,"[0.5553420833333333, 0.86820625, 0.8924416666666667, 0.90329]",,,,,,,,,,,,
g20_d4_kad,0,ctx,1000,random,local,False,0.9043,0.06992555559284364,"[110, 110, 96, 111, 95, 83, 105, 105, 100, 85]",506.94473338127136,,,,,"[0.8200660252722061, 0.642075302753647, 0.7201680107526882, 0.5537219525623309]",0.79223686439895,"[62.34277391311183, 14.014522181358958, 2.7185562459834487, 1.215516885011857, 6.271096394079906]","(512, 256, 128, 128)",0.1,115673.6679725647,local,18760.0,"[0.6481181911313966, 0.6729452625266524, 0.8164241571162046, 0.8402297941098081]","[0.5100624152703453, 0.5441617703315482, 0.5496526269083306, 0.5943698602448553]",,0.0,"[0.6481181911313966, 0.6729452625266524, 0.8164241571162046, 0.8402297941098081]",,,,"[None, None, 3.945715527404534e-06, 3.1911946176311576e-06, 1.0220336016650477e-05, 6.801181215306227e-06]",,,,,,,,
g20_d4_kad,1,ctx,1000,random,local,False,0.8924,0.0899369605538162,"[98, 104, 90, 109, 99, 79, 109, 124, 95, 93]",499.65054297447205,,,,,"[0.8299819480537096, 0.5946349694111349, 0.6512141286133222, 0.5255377062848601]",0.79223686439895,"[62.34277391311183, 11.512223118288887, 6.62224363302422, 3.262571398110981, 4.285420070507163]","(512, 256, 128, 128)",0.1,115675.137966156,local,18760.0,"[0.6472958172308102, 0.6826415495069297, 0.8058056536513859, 0.8536551339285714]","[0.5114312769753783, 0.5540544460894965, 0.5409763951767991, 0.5741649834022148]",,0.0,"[0.6472958172308102, 0.6826415495069297, 0.8058056536513859, 0.8536551339285714]",,,,"[None, None, 5.064056812447217e-06, 3.475204400817152e-06, 4.202083331712746e-06, 7.19598727064572e-06]",,,,,,,,
g20_d4_kad,2,ctx,1000,random,local,False,0.9021,0.07822771249414845,"[100, 128, 99, 103, 109, 100, 85, 93, 92, 91]",388.1573004722595,,,,,"[0.7845963914004332, 0.7388183669587843, 0.7041847496630589, 0.5127971294290079]",0.79223686439895,"[62.34277391311183, 13.334787562203674, 5.1949733228796475, 1.3671271696006206, 4.064020933577362]","(512, 256, 128, 128)",0.1,115668.47463417053,local,18760.0,"[0.6467639134128464, 0.6942291194696162, 0.8197303105010662, 0.8413221281982942]","[0.5097906356530466, 0.5444264921433191, 0.5741726237180422, 0.6084397227703922]",,0.0,"[0.6467639134128464, 0.6942291194696162, 0.8197303105010662, 0.8413221281982942]",,,,"[None, None, 4.140111301050141e-06, 4.143388196023423e-06, 9.22281685090222e-06, 1.0652594714854752e-05]",,,,,,,,
g20_d4_kad_static,0,ctx,1000,random,local,True,0.9526,0.0,"[90, 98, 111, 100, 98, 97, 113, 109, 91, 93]",499.4353837966919,,,,,"[nan, nan, nan, nan]",,"[62.34277391311183, 16.238608486977423, 8.028798069675217, 6.8303947186934675, 6.258244228415112]","(512, 256, 128, 128)",0.1,115671.2946395874,local,18750.0,"[0.6123353125, 0.6987272916666667, 0.7684058333333333, 0.7197220833333333]","[0.507492759009997, 0.5192810089524587, 0.5288413429824511, 0.5345880331961314]",,0.0,"[0.6123353125, 0.6987272916666667, 0.7684058333333333, 0.7197220833333333]",,,,"[None, None, 1.391662894928876e-05, 1.609692414590581e-05, 1.6017980175872802e-05, 1.6056969029606828e-05]",,,,,,,,
g20_d4_kad_static,1,ctx,1000,random,local,True,0.9513,0.0,"[100, 108, 109, 93, 95, 95, 78, 94, 114, 114]",499.10977268218994,,,,,"[nan, nan, nan, nan]",,"[62.34277391311183, 15.723404150688143, 7.114883567115496, 5.982845822415239, 7.316687822466242]","(512, 256, 128, 128)",0.1,115670.86796569824,local,18750.0,"[0.6106023958333333, 0.70000625, 0.7592770833333333, 0.7104854166666666]","[0.5069461426417032, 0.5194224356969197, 0.536821365732352, 0.5479149457144737]",,0.0,"[0.6106023958333333, 0.70000625, 0.7592770833333333, 0.7104854166666666]",,,,"[None, None, 1.7136496383755616e-05, 1.445851469595219e-05, 1.8716514829898224e-05, 1.4879886744579679e-05]",,,,,,,,
g20_d4_kad_static,2,ctx,1000,random,local,True,0.9556,0.0,"[114, 96, 93, 106, 84, 104, 106, 104, 89, 104]",389.6677289009094,,,,,"[nan, nan, nan, nan]",,"[62.34277391311183, 15.767426059686231, 7.652030843029677, 6.487361702909751, 7.092831779599699]","(512, 256, 128, 128)",0.1,115669.63130760193,local,18750.0,"[0.61814875, 0.713983125, 0.77032125, 0.7062425]","[0.5067305823524793, 0.5202380725773176, 0.5351971676031748, 0.5459516944360733]",,0.0,"[0.61814875, 0.713983125, 0.77032125, 0.7062425]",,,,"[None, None, 1.7716155725789412e-05, 1.3685911260011905e-05, 1.741659950711972e-05, 1.3754035280444413e-05]",,,,,,,,
g20_d5_bp_er,0,bp,1000,random,er,False,0.8741,0.15139156822162209,"[106, 110, 95, 91, 105, 80, 114, 87, 96, 116]",28.89706063270569,,,,,,,,,,,,,,,,,,,,,,,,,,,,,
g20_d5_bp_er,1,bp,1000,random,er,False,0.8869,0.13433124408405528,"[92, 119, 95, 92, 100, 101, 102, 101, 83, 115]",28.60912799835205,,,,,,,,,,,,,,,,,,,,,,,,,,,,,
g20_d5_bp_er,2,bp,1000,random,er,False,0.882,0.1414900762798717,"[107, 116, 94, 112, 88, 79, 107, 95, 87, 115]",25.635891675949097,,,,,,,,,,,,,,,,,,,,,,,,,,,,,
g20_d5_fix,0,ctx,1000,random,local,False,0.7803,0.1630069484091139,"[110, 110, 96, 111, 95, 83, 105, 105, 100, 85]",575.9939827919006,,,,,"[0.8988010038829343, 0.9168207282913163, 0.9286764705882353, 0.9411764705882353, 0.7431604634190843]",0.79223686439895,"[62.34277391311183, 10.312294667639744, 3.4731465562899926, 2.511727922726816, 1.6051428633960083, 3.6143351935853913]","(512, 256, 128, 128, 128)",0.1,116174.39099121094,local,18760.0,"[0.6380611590485075, 0.8590928588086354, 0.8843196128731343, 0.8874700159914712, 0.8836054104477612]","[0.5075700859779488, 0.502975962341213, 0.504261084662667, 0.5026045544529711, 0.5150831213403644]",,0.0,"[0.6380611590485075, 0.8590928588086354, 0.8843196128731343, 0.8874700159914712, 0.8836054104477612]",,,,,,,,,,,,
g20_d5_fix,1,ctx,1000,random,local,False,0.1009,0.23949252459578174,"[98, 104, 90, 109, 99, 79, 109, 124, 95, 93]",569.2719206809998,,,,,"[0.7658210731873276, 1.0, 1.0, 1.0, 1.0]",0.79223686439895,"[62.34277391311183, 80.44803763491107, 1.8122939776407427e-22, 5.77694603439673e-19, 2.188616982774997e-12, 6.547492159538869e-14]","(512, 256, 128, 128, 128)",0.1,116124.39099121094,local,18760.0,"[0.5772251674107143, 0.864781283315565, 0.8872030750266524, 0.8939723813965885, 0.921887493336887]","[0.5124495522045631, 0.503441700913997, 0.5012838308228803, 0.5015842258695886, 0.5002168521638523]",,0.0,"[0.5772251674107143, 0.864781283315565, 0.8872030750266524, 0.8939723813965885, 0.921887493336887]",,,,,,,,,,,,
g20_d5_fix,2,ctx,1000,random,local,False,0.7838,0.10111199802099123,"[100, 128, 99, 103, 109, 100, 85, 93, 92, 91]",561.0948293209076,,,,,"[0.911558439499115, 0.8678825570547218, 0.8491129785247432, 0.9248538011695906, 0.849899653347929]",0.79223686439895,"[62.34277391311183, 9.326141418037182, 3.3134366859198923, 2.4566567357864986, 1.5962512907127655, 3.740206437794322]","(512, 256, 128, 128, 128)",0.1,116173.59432029724,local,18760.0,"[0.6392288696028785, 0.8587563716018124, 0.8826371768390192, 0.8872617937100213, 0.8895185067963752]","[0.50874677493231, 0.5058609497907168, 0.5010839858570937, 0.5204645481343859, 0.5410792641276156]",,0.0,"[0.6392288696028785, 0.8587563716018124, 0.8826371768390192, 0.8872617937100213, 0.8895185067963752]",,,,,,,,,,,,
g20_d5_fix_static,0,ctx,1000,random,local,True,0.098,0.0,"[90, 98, 111, 100, 98, 97, 113, 109, 91, 93]",559.425948381424,,,,,"[nan, nan, nan, nan, nan]",,"[62.34277391311183, 93.72983430466743, 6.895128057017383e-27, 1.9121875833124328e-22, 1.3027970290031134e-19, 1.970625895432229e-14]","(512, 256, 128, 128, 128)",0.1,116174.39099121094,local,18750.0,"[0.5469570833333334, 0.847503125, 0.8851095833333333, 0.89400375, 0.9087008333333333]","[0.5084732443332672, 0.5042958219822248, 0.5025083184512457, 0.49259988182107606, 0.49906531519174574]",,0.0,"[0.5469570833333334, 0.847503125, 0.8851095833333333, 0.89400375, 0.9087008333333333]",,,,,,,,,,,,
g20_d5_fix_static,1,ctx,1000,random,local,True,0.1032,0.0,"[100, 108, 109, 93, 95, 95, 78, 94, 114, 114]",562.0951745510101,,,,,"[nan, nan, nan, nan, nan]",,"[62.34277391311183, 93.73563329231688, 9.785971879079008e-27, 1.1645450286314923e-22, 1.832058322035674e-20, 3.335160394248144e-15]","(512, 256, 128, 128, 128)",0.1,116174.39099121094,local,18750.0,"[0.5464967708333334, 0.8451179166666667, 0.8842204166666666, 0.8934745833333333, 0.916155]","[0.5086161068836847, 0.5045504288085302, 0.5021598693052928, 0.4946748183687528, 0.5001073357693354]",,0.0,"[0.5464967708333334, 0.8451179166666667, 0.8842204166666666, 0.8934745833333333, 0.916155]",,,,,,,,,,,,
g20_d5_fix_static,2,ctx,1000,random,local,True,0.1009,0.0,"[114, 96, 93, 106, 84, 104, 106, 104, 89, 104]",567.0324392318726,,,,,"[nan, nan, nan, nan, nan]",,"[62.34277391311183, 89.61482311488162, 3.136048403359261e-26, 1.2968469423158738e-22, 3.5634196843587062e-19, 1.970625895432368e-14]","(512, 256, 128, 128, 128)",0.1,116174.39099121094,local,18750.0,"[0.5480308333333334, 0.848859375, 0.8851583333333334, 0.8948908333333333, 0.90865]","[0.508956335272789, 0.5044415906540552, 0.5025189651981989, 0.4880476325762272, 0.4990922404472033]",,0.0,"[0.5480308333333334, 0.848859375, 0.8851583333333334, 0.8948908333333333, 0.90865]",,,,,,,,,,,,
g20_d5_kad,0,ctx,1000,random,local,False,0.8731,0.0940554749151081,"[110, 110, 96, 111, 95, 83, 105, 105, 100, 85]",583.4398753643036,,,,,"[0.8073761718143182, 0.602355450286505, 0.7640294063041561, 0.6603853132161956, 0.583264331592505]",0.79223686439895,"[62.34277391311183, 14.176565360313347, 4.614649345282651, 3.203905078908821, 1.3548150642182515, 5.002522279974754]","(512, 256, 128, 128, 128)",0.1,116173.54099082947,local,18760.0,"[0.6476367812166844, 0.6822727878464819, 0.7727495335820895, 0.8191347947761194, 0.8439640525053305]","[0.5099537056233329, 0.5520624727296677, 0.5439676449129751, 0.5403611232191007, 0.5615393702143323]",,0.0,"[0.6476367812166844, 0.6822727878464819, 0.7727495335820895, 0.8191347947761194, 0.8439640525053305]",,,,"[None, None, 4.650436272218596e-06, 3.337130367070326e-06, 3.341492087195238e-06, 1.4322381614127328e-05, 1.3727363543750883e-05]",,,,,,,,
g20_d5_kad,1,ctx,1000,random,local,False,0.8604,-0.0351284214276774,"[98, 104, 90, 109, 99, 79, 109, 124, 95, 93]",596.8470234870911,,,,,"[0.8506304382895975, 0.7003286888464403, 0.718225100467036, 0.6919322344322343, 0.6348171565276828]",0.79223686439895,"[62.34277391311183, 12.882580578052526, 6.025461597441576, 2.7244370310089914, 1.4369346701558021, 5.815712960514448]","(512, 256, 128, 128, 128)",0.1,116133.34099578857,local,18760.0,"[0.6458021346948294, 0.6680124766791045, 0.791842683901919, 0.8296354444296375, 0.8494286380597015]","[0.509711545882131, 0.5526631986011448, 0.5336658023655224, 0.5492611890716323, 0.5578620530226067]",,0.0,"[0.6458021346948294, 0.6680124766791045, 0.791842683901919, 0.8296354444296375, 0.8494286380597015]",,,,"[None, None, 3.656221250911689e-06, 3.2930344531127977e-06, 4.524110524492621e-06, 2.1546096270326377e-05, 2.4928310023548465e-05]",,,,,,,,
g20_d5_kad,2,ctx,1000,random,local,False,0.8934,0.08728905330220879,"[100, 128, 99, 103, 109, 100, 85, 93, 92, 91]",588.1391654014587,,,,,"[0.8344145403035877, 0.5478706485135663, 0.656310062486533, 0.6116329137018792, 0.6213452950558215]",0.79223686439895,"[62.34277391311183, 12.716144104179863, 3.9453329154993755, 3.7140144873949477, 1.9665579841690015, 3.872865277482342]","(512, 256, 128, 128, 128)",0.1,116139.10765457153,local,18760.0,"[0.6599438632729211, 0.6973014392324094, 0.8040957322761194, 0.8397792010927505, 0.8524299540245203]","[0.5085741088580665, 0.5544639360437642, 0.5386338118626587, 0.5366394349912018, 0.5579277986487838]",,0.0,"[0.6599438632729211, 0.6973014392324094, 0.8040957322761194, 0.8397792010927505, 0.8524299540245203]",,,,"[None, None, 3.6887080092243944e-06, 1.9047813216804462e-06, 1.8501678849321776e-06, 6.427424279373476e-06, 6.635751612653597e-06]",,,,,,,,
g20_d5_kad_static,0,ctx,1000,random,local,True,0.9094,0.0,"[90, 98, 111, 100, 98, 97, 113, 109, 91, 93]",581.9959766864777,,,,,"[nan, nan, nan, nan, nan]",,"[62.34277391311183, 12.99645037391878, 5.281964444110138, 1.6777896595456256, 1.2751981410250377, 3.6091176527956583]","(512, 256, 128, 128, 128)",0.1,116153.42098999023,local,18750.0,"[0.6153353125, 0.663623125, 0.7991883333333333, 0.8582029166666667, 0.86770125]","[0.5062163167111079, 0.5294152007651329, 0.5312510362490018, 0.5160369924704233, 0.5401739006539186]",,0.0,"[0.6153353125, 0.663623125, 0.7991883333333333, 0.8582029166666667, 0.86770125]",,,,"[None, None, 1.0180858672122044e-05, 6.710466195306197e-06, 5.974055889305102e-06, 0.00019970644856054354, 0.00011387550653525504]",,,,,,,,
g20_d5_kad_static,1,ctx,1000,random,local,True,0.9236,0.0,"[100, 108, 109, 93, 95, 95, 78, 94, 114, 114]",585.4195909500122,,,,,"[nan, nan, nan, nan, nan]",,"[62.34277391311183, 14.81386817907735, 6.227523062340295, 3.440353246696776, 4.084120365767298, 6.398601054972813]","(512, 256, 128, 128, 128)",0.1,116174.39099121094,local,18750.0,"[0.598245625, 0.68761375, 0.78950875, 0.8347425, 0.8529908333333334]","[0.5074155177990596, 0.5203294819990794, 0.5284390563495954, 0.5392703135879835, 0.5263329899438223]",,0.0,"[0.598245625, 0.68761375, 0.78950875, 0.8347425, 0.8529908333333334]",,,,"[None, None, 1.392206153029112e-05, 1.0024085544407422e-05, 1.3569806409955672e-05, 3.464781801982882e-05, 3.1751725245374784e-05]",,,,,,,,
g20_d5_kad_static,2,ctx,1000,random,local,True,0.9224,0.0,"[114, 96, 93, 106, 84, 104, 106, 104, 89, 104]",585.9823741912842,,,,,"[nan, nan, nan, nan, nan]",,"[62.34277391311183, 14.048112965443606, 7.2981920735968195, 5.494074591264835, 3.777341514030923, 6.217761749240464]","(512, 256, 128, 128, 128)",0.1,116174.365394108,local,18750.0,"[0.6116588541666667, 0.66450375, 0.7837354166666667, 0.8303575, 0.8273108333333333]","[0.5067921258131663, 0.531012497695287, 0.5319705606651306, 0.5163506406863531, 0.5387050744406382]",,0.0,"[0.6116588541666667, 0.66450375, 0.7837354166666667, 0.8303575, 0.8273108333333333]",,,,"[None, None, 1.002224754777948e-05, 9.45950062763655e-06, 1.1198112199268765e-05, 2.4912805610793578e-05, 3.141290934071333e-05]",,,,,,,,
g20b_d4_skip,0,ctx,1000,random,local,False,0.9139,0.06860350198748133,"[110, 110, 96, 111, 95, 83, 105, 105, 100, 85]",518.062305688858,,,,,"[0.8031021455841326, 0.7678156257550635, 0.6526612806135988, 0.4196556955111427]",0.79223686439895,"[62.34277391311183, 17.7098662294574, 6.284905190695609, 6.94955781889893, 8.826940908568154]","(512, 256, 128, 128)",0.1,125531.20463752747,local,18760.0,"[0.6490841342950426, 0.711615055303838, 0.6588169642857142, 0.7667323260927505]","[0.5121063425350608, 0.5493044064020806, 0.5689008486117604, 0.6274359146975028]",,0.0,"[0.6490841342950426, 0.711615055303838, 0.6588169642857142, 0.7667323260927505]",,,,"[None, None, 4.964396405966166e-06, 1.6102330658755282e-06, 6.287699045474643e-06, 6.144387874939267e-06]",,,,,,,,
g20b_d4_skip,1,ctx,1000,random,local,False,0.9149,0.06447823126669494,"[98, 104, 90, 109, 99, 79, 109, 124, 95, 93]",517.0871424674988,,,,,"[0.7798555004707809, 0.6830088538028357, 0.5553372527770882, 0.4427786648104729]",0.79223686439895,"[62.34277391311183, 13.968784335695984, 8.064971626720022, 6.571011222582895, 7.342207789450416]","(512, 256, 128, 128)",0.1,125531.12169554085,local,18760.0,"[0.6472887376732409, 0.7220255447094883, 0.6663058868603412, 0.7557369402985075]","[0.5103996470205184, 0.5548221597634653, 0.5555430665723423, 0.6388670573030898]",,0.0,"[0.6472887376732409, 0.7220255447094883, 0.6663058868603412, 0.7557369402985075]",,,,"[None, None, 5.340764199132468e-06, 1.42375552122362e-06, 6.793146373571375e-06, 8.821157783784415e-06]",,,,,,,,
g20b_d4_skip,2,ctx,1000,random,local,False,0.9213,0.0593292050441146,"[100, 128, 99, 103, 109, 100, 85, 93, 92, 91]",539.5940001010895,,,,,"[0.7863394844357579, 0.831149983345725, 0.6092369946317314, 0.4832834683280427]",0.79223686439895,"[62.34277391311183, 14.110416871684249, 6.4345261584853874, 7.6842907956860635, 6.642163869584835]","(512, 256, 128, 128)",0.1,125519.52943088114,local,18760.0,"[0.6413211911980278, 0.721143723347548, 0.6576092750533049, 0.777210904184435]","[0.5117477863558383, 0.5395571243446836, 0.5511404064616987, 0.622317074002154]",,0.0,"[0.6413211911980278, 0.721143723347548, 0.6576092750533049, 0.777210904184435]",,,,"[None, None, 5.003225041737384e-06, 1.5132453749803778e-06, 5.130396773544754e-06, 5.787545793945514e-06]",,,,,,,,
g20b_d4_skip_static,0,ctx,1000,random,local,True,0.9605,0.0,"[90, 98, 111, 100, 98, 97, 113, 109, 91, 93]",517.0502302646637,,,,,"[nan, nan, nan, nan]",,"[62.34277391311183, 19.450674209986698, 7.528269590494628, 6.662161718966754, 8.142060341099784]","(512, 256, 128, 128)",0.1,125506.79129981995,local,18750.0,"[0.6068380208333334, 0.6835327083333333, 0.6202633333333334, 0.6707525]","[0.5070601114495595, 0.5149644642313321, 0.5197617978954315, 0.533198636426131]",,0.0,"[0.6068380208333334, 0.6835327083333333, 0.6202633333333334, 0.6707525]",,,,"[None, None, 1.5092257933758953e-05, 5.647976303100276e-06, 5.7428596447307125e-05, 7.620893233075952e-06]",,,,,,,,
g20b_d4_skip_static,1,ctx,1000,random,local,True,0.9649,0.0,"[100, 108, 109, 93, 95, 95, 78, 94, 114, 114]",509.34103178977966,,,,,"[nan, nan, nan, nan]",,"[62.34277391311183, 19.275794447737095, 7.220209222894041, 4.164274651573791, 7.747666144587343]","(512, 256, 128, 128)",0.1,125508.64463233948,local,18750.0,"[0.6053903125, 0.6849333333333333, 0.6101666666666666, 0.6330775]","[0.5070356188297271, 0.5148669499762853, 0.5225609340731303, 0.5368046247227987]",,0.0,"[0.6053903125, 0.6849333333333333, 0.6101666666666666, 0.6330775]",,,,"[None, None, 1.494506231936107e-05, 4.911180568907747e-06, 4.76757973087513e-05, 1.1497920827008652e-05]",,,,,,,,
g20b_d4_skip_static,2,ctx,1000,random,local,True,0.9638,0.0,"[114, 96, 93, 106, 84, 104, 106, 104, 89, 104]",515.0414958000183,,,,,"[nan, nan, nan, nan]",,"[62.34277391311183, 20.471190497468932, 7.187018286318412, 5.921334926421275, 8.239391257426169]","(512, 256, 128, 128)",0.1,125509.22196438164,local,18750.0,"[0.6049923958333333, 0.6972808333333333, 0.6145416666666667, 0.6550529166666667]","[0.5072800237139066, 0.5106167139434814, 0.5253967764568329, 0.5448967985645929]",,0.0,"[0.6049923958333333, 0.6972808333333333, 0.6145416666666667, 0.6550529166666667]",,,,"[None, None, 1.4860113485788414e-05, 4.872646047068594e-06, 3.582312404556942e-05, 1.1136466816132423e-05]",,,,,,,,
g20b_d5_fixskip,0,ctx,1000,random,local,False,0.9118,0.042231662501648726,"[110, 110, 96, 111, 95, 83, 105, 105, 100, 85]",605.9548571109772,,,,,"[0.8891666057512191, 0.9866666666666667, 0.9268939393939395, 0.9764705882352942, 0.6660220626551485]",0.79223686439895,"[62.34277391311183, 12.750481590872003, 4.489281836416469, 8.182167263840334, 4.498139027632386, 8.692280325519903]","(512, 256, 128, 128, 128)",0.1,127694.39099121094,local,18760.0,"[0.6802266915978145, 0.8767784265058636, 0.8337928105010661, 0.8843650053304905, 0.8456835521055437]","[0.5059385486824839, 0.5019926001639493, 0.5032674985709411, 0.5023504934345148, 0.5712648166240311]",,0.0,"[0.6802266915978145, 0.8767784265058636, 0.8337928105010661, 0.8843650053304905, 0.8456835521055437]",,,,,,,,,,,,
g20b_d5_fixskip,1,ctx,1000,random,local,False,0.906,0.047045917243186464,"[98, 104, 90, 109, 99, 79, 109, 124, 95, 93]",620.3040204048157,,,,,"[0.8423219904539432, 1.0, 0.8699638030888032, 0.9423809523809524, 0.6427801645946808]",0.79223686439895,"[62.34277391311183, 11.898292430295259, 3.109291014410961, 9.050573563461588, 1.0164337524196285, 7.776824210716616]","(512, 256, 128, 128, 128)",0.1,127694.39099121094,local,18760.0,"[0.6728910206223347, 0.8739722148187633, 0.8066543676705757, 0.8849238739339019, 0.855634911380597]","[0.506954608722997, 0.5028580537570247, 0.511069926186435, 0.5030164565217854, 0.5406069765280463]",,0.0,"[0.6728910206223347, 0.8739722148187633, 0.8066543676705757, 0.8849238739339019, 0.855634911380597]",,,,,,,,,,,,
g20b_d5_fixskip,2,ctx,1000,random,local,False,0.9224,0.029322106630331107,"[100, 128, 99, 103, 109, 100, 85, 93, 92, 91]",553.0190930366516,,,,,"[0.8990579231132811, 0.9550000000000001, 0.8640034573103206, 0.904298245614035, 0.5653005608844192]",0.79223686439895,"[62.34277391311183, 13.12364278572669, 7.6287803748821545, 7.0846221253121415, 4.206716097982195, 7.572789807715962]","(512, 256, 128, 128, 128)",0.1,127694.39099121094,local,18760.0,"[0.6739170359141791, 0.8749246235341152, 0.804234408315565, 0.8854714985341151, 0.8379589219083156]","[0.5053847290766138, 0.5027086920293569, 0.508492060354464, 0.5024483368674448, 0.5571192522285018]",,0.0,"[0.6739170359141791, 0.8749246235341152, 0.804234408315565, 0.8854714985341151, 0.8379589219083156]",,,,,,,,,,,,
g20b_d5_fixskip_static,0,ctx,1000,random,local,True,0.9379,0.0,"[90, 98, 111, 100, 98, 97, 113, 109, 91, 93]",618.5260844230652,,,,,"[nan, nan, nan, nan, nan]",,"[62.34277391311183, 12.053237095186729, 6.9840184891246295, 8.689146621476151, 7.07532707542886, 8.712668220058179]","(512, 256, 128, 128, 128)",0.1,127694.39099121094,local,18750.0,"[0.6416842708333333, 0.8475183333333334, 0.7844695833333334, 0.8587441666666666, 0.7749458333333333]","[0.5050102835385004, 0.5128837710181872, 0.5157313251399994, 0.5197840189504623, 0.5153075708238284]",,0.0,"[0.6416842708333333, 0.8475183333333334, 0.7844695833333334, 0.8587441666666666, 0.7749458333333333]",,,,,,,,,,,,
g20b_d5_fixskip_static,1,ctx,1000,random,local,True,0.9349,0.0,"[100, 108, 109, 93, 95, 95, 78, 94, 114, 114]",616.6755096912384,,,,,"[nan, nan, nan, nan, nan]",,"[62.34277391311183, 11.601817023901452, 6.296183017473956, 9.382261433359348, 5.536687769972839, 8.99593137235508]","(512, 256, 128, 128, 128)",0.1,127694.39099121094,local,18750.0,"[0.6355057291666667, 0.849418125, 0.77419625, 0.8524329166666667, 0.74388625]","[0.5055164788325628, 0.5081004963525136, 0.5048848521351814, 0.5045892045752207, 0.5178010837101936]",,0.0,"[0.6355057291666667, 0.849418125, 0.77419625, 0.8524329166666667, 0.74388625]",,,,,,,,,,,,
g20b_d5_fixskip_static,2,ctx,1000,random,local,True,0.9364,0.0,"[114, 96, 93, 106, 84, 104, 106, 104, 89, 104]",547.6422021389008,,,,,"[nan, nan, nan, nan, nan]",,"[62.34277391311183, 12.660491914523588, 7.565982957676998, 8.41843799661254, 7.37396227943754, 8.499922797816128]","(512, 256, 128, 128, 128)",0.1,127691.77320237458,local,18750.0,"[0.6425028125, 0.857658125, 0.7930570833333334, 0.8553408333333333, 0.7941579166666667]","[0.5052824267180761, 0.5101832308944066, 0.5092839391946793, 0.5123636656483015, 0.5130828016074499]",,0.0,"[0.6425028125, 0.857658125, 0.7930570833333334, 0.8553408333333333, 0.7941579166666667]",,,,,,,,,,,,
g20b_d5_skip,0,ctx,1000,random,local,False,0.9186,0.06476894232292277,"[110, 110, 96, 111, 95, 83, 105, 105, 100, 85]",615.9432308673859,,,,,"[0.8089294413279935, 0.6795452640973985, 0.7375707147146776, 0.6515021121917675, 0.3379108334013995]",0.79223686439895,"[62.34277391311183, 17.817987600762216, 15.082335217975812, 7.415562682242765, 8.23213270313047, 7.1450776298774565]","(512, 256, 128, 128, 128)",0.1,127677.34675563127,local,18760.0,"[0.635545729777452, 0.6685051305970149, 0.7025244869402985, 0.7413866771055437, 0.7591900986140725]","[0.514085868052614, 0.5412120018297357, 0.5533814296785639, 0.5750569325845951, 0.6459966407512933]",,0.0,"[0.635545729777452, 0.6685051305970149, 0.7025244869402985, 0.7413866771055437, 0.7591900986140725]",,,,"[None, None, 1.4430196444799036e-06, 2.64409641452564e-06, 9.635851086669094e-07, 3.5112921872477596e-06, 6.268281924559779e-06]",,,,,,,,
g20b_d5_skip,1,ctx,1000,random,local,False,0.9102,0.07431548228500176,"[98, 104, 90, 109, 99, 79, 109, 124, 95, 93]",615.7036023139954,,,,,"[0.7874940040812151, 0.6828612247626331, 0.6139941885342967, 0.6843121775178227, 0.3669457648543527]",0.79223686439895,"[62.34277391311183, 16.13358097472318, 12.068000950126327, 6.764123822048547, 5.8216332428078825, 7.428718146050321]","(512, 256, 128, 128, 128)",0.1,127687.16915021092,local,18760.0,"[0.6358079857409382, 0.6664633029051172, 0.7052043077025586, 0.7253552272121535, 0.7552180503731343]","[0.5132792646561795, 0.5377089571040957, 0.5605486086937093, 0.5752155842168181, 0.6595605690405567]",,0.0,"[0.6358079857409382, 0.6664633029051172, 0.7052043077025586, 0.7253552272121535, 0.7552180503731343]",,,,"[None, None, 1.263962932969771e-06, 2.3032489223531844e-06, 9.366780472058161e-07, 3.335248084230825e-06, 7.845482247168978e-06]",,,,,,,,
g20b_d5_skip,2,ctx,1000,random,local,False,0.9161,0.0643909844118957,"[100, 128, 99, 103, 109, 100, 85, 93, 92, 91]",613.9809710979462,,,,,"[0.8194230437462583, 0.6942018660644619, 0.6907185888532725, 0.6002346752346753, 0.4059158423059146]",0.79223686439895,"[62.34277391311183, 12.321186164847262, 7.776647453512389, 6.368151985435631, 8.852065505642233, 8.224671221034521]","(512, 256, 128, 128, 128)",0.1,127685.3042672798,local,18760.0,"[0.6371070845549041, 0.6464004614205757, 0.7105060634328358, 0.7365342650586354, 0.7724713486140725]","[0.5142576503346978, 0.5416943586258682, 0.5569260019578659, 0.5654250846027946, 0.6334314871210057]",,0.0,"[0.6371070845549041, 0.6464004614205757, 0.7105060634328358, 0.7365342650586354, 0.7724713486140725]",,,,"[None, None, 1.5324544659802348e-06, 2.393363443227597e-06, 9.098181461369622e-07, 2.048897198435742e-06, 8.925978439203756e-06]",,,,,,,,
g20b_d5_skip_static,0,ctx,1000,random,local,True,0.9582,0.0,"[90, 98, 111, 100, 98, 97, 113, 109, 91, 93]",611.9769954681396,,,,,"[nan, nan, nan, nan, nan]",,"[62.34277391311183, 21.916064990752773, 7.764660030507877, 7.729177597725124, 4.23601515252803, 8.012053102075201]","(512, 256, 128, 128, 128)",0.1,127664.41872731596,local,18750.0,"[0.5871, 0.6427979166666666, 0.6403670833333334, 0.6877720833333333, 0.6421575]","[0.5082834682194391, 0.5224033205842972, 0.514356627480189, 0.5403195548232397, 0.5378322609965006]",,0.0,"[0.5871, 0.6427979166666666, 0.6403670833333334, 0.6877720833333333, 0.6421575]",,,,"[None, None, 4.900825981591395e-06, 1.0280619279527738e-05, 5.110951755437383e-06, 1.030893489324487e-05, 1.9678412889332137e-05]",,,,,,,,
g20b_d5_skip_static,1,ctx,1000,random,local,True,0.9642,0.0,"[100, 108, 109, 93, 95, 95, 78, 94, 114, 114]",616.0454902648926,,,,,"[nan, nan, nan, nan, nan]",,"[62.34277391311183, 20.411475304208587, 5.157837908105733, 7.926854224892906, 3.854170738234832, 7.734028578575443]","(512, 256, 128, 128, 128)",0.1,127629.53807613999,local,18750.0,"[0.5768288541666666, 0.6428295833333333, 0.6441179166666666, 0.6913733333333333, 0.6259920833333333]","[0.5081162504355112, 0.5232432026720047, 0.5200528460828463, 0.5350202360033989, 0.5452281264189879]",,0.0,"[0.5768288541666666, 0.6428295833333333, 0.6441179166666666, 0.6913733333333333, 0.6259920833333333]",,,,"[None, None, 5.328131373854946e-06, 1.127912237300328e-05, 4.312117010357998e-06, 1.0191563833154908e-05, 1.9407907991133902e-05]",,,,,,,,
g20b_d5_skip_static,2,ctx,1000,random,local,True,0.9628,0.0,"[114, 96, 93, 106, 84, 104, 106, 104, 89, 104]",617.2788550853729,,,,,"[nan, nan, nan, nan, nan]",,"[62.34277391311183, 21.71689950164125, 6.288827845106066, 7.159591083006668, 3.7708994239787335, 7.646892278897316]","(512, 256, 128, 128, 128)",0.1,127606.35351703316,local,18750.0,"[0.5918282291666667, 0.6453795833333333, 0.6590854166666666, 0.6893016666666667, 0.58769125]","[0.5077738815800349, 0.5212156403303146, 0.5162507033904393, 0.5537316100215912, 0.5397142136716843]",,0.0,"[0.5918282291666667, 0.6453795833333333, 0.6590854166666666, 0.6893016666666667, 0.58769125]",,,,"[None, None, 5.049510179501757e-06, 9.057674591731976e-06, 4.010409463618631e-06, 1.2435866739845742e-05, 1.4172578366905044e-05]",,,,,,,,
g20c_c100_d4,0,ctx,1000,random,local,False,0.014,0.11144444444444446,"[8, 14, 11, 5, 13, 9, 7, 11, 11, 7, 14, 13, 9, 6, 12, 12, 15, 9, 12, 8, 13, 10, 13, 10, 5, 13, 7, 9, 13, 6, 18, 17, 8, 12, 13, 9, 13, 9, 7, 6, 11, 8, 20, 7, 14, 10, 5, 5, 9, 7, 12, 10, 10, 8, 9, 10, 10, 11, 6, 13, 9, 13, 19, 5, 11, 6, 12, 9, 16, 4, 7, 13, 10, 9, 12, 11, 9, 10, 4, 10, 10, 8, 9, 10, 6, 8, 8, 8, 6, 9, 16, 8, 16, 7, 7, 10, 9, 10, 9, 15]",491.7919285297394,,,,,"[0.9545080166546833, 0.921607101470159, 0.9608187134502921, 1.0]",1.0,"[7.114258827339226, 4.372189972366545, 3.984337423836518, 2.6370428465548823, 1.985506767753819]","(512, 256, 128, 128)",0.1,164000.3320313692,local,15650.0,"[0.6559936601437699, 0.7393330670926518, 0.8667811501597444, 0.8922853434504793]","[0.5040877968144303, 0.5372720359913267, 0.5341596679132397, 0.5018196367843749]",,0.0,"[0.6559936601437699, 0.7393330670926518, 0.8667811501597444, 0.8922853434504793]",,,,"[None, None, 4.7192869608186145e-07, 9.172550947716227e-07, 1.9365592303896618e-06, 4.3927337545799696e-05]",,,,,,,,
g20c_c100_d4,1,ctx,1000,random,local,False,0.0126,0.09277777777777778,"[10, 15, 17, 13, 14, 10, 13, 8, 9, 10, 13, 10, 12, 6, 8, 8, 14, 7, 16, 10, 4, 14, 14, 8, 12, 11, 5, 9, 6, 12, 9, 7, 11, 9, 5, 5, 6, 13, 9, 13, 7, 10, 8, 12, 10, 13, 7, 14, 7, 14, 5, 9, 10, 12, 13, 5, 14, 10, 9, 13, 11, 9, 16, 14, 8, 19, 8, 7, 10, 8, 9, 11, 10, 12, 16, 4, 14, 8, 11, 10, 7, 11, 8, 15, 9, 7, 6, 6, 11, 9, 2, 9, 7, 8, 10, 12, 8, 13, 9, 11]",484.8774607181549,,,,,"[0.9723439661817896, 0.965056323213926, 0.836624235667714, 1.0]",1.0,"[7.114258827339226, 3.466109509018147, 3.350058195195295, 3.5304047789645345, 3.3706926898670115]","(512, 256, 128, 128)",0.1,163971.95557375252,local,15650.0,"[0.6485652955271566, 0.7254562699680511, 0.848828873801917, 0.8933341653354633]","[0.5047571054022438, 0.5311142924999277, 0.5602786817494483, 0.500890797965538]",,0.0,"[0.6485652955271566, 0.7254562699680511, 0.848828873801917, 0.8933341653354633]",,,,"[None, None, 6.871607786896072e-07, 1.8162192095408422e-06, 1.9855755926962684e-06, 6.638604393740925e-05]",,,,,,,,
g20c_c100_d4,2,ctx,1000,random,local,False,0.0157,0.09255555555555556,"[12, 13, 11, 11, 7, 8, 15, 8, 14, 9, 11, 5, 6, 10, 7, 7, 13, 12, 8, 6, 13, 9, 10, 13, 9, 11, 8, 13, 8, 11, 10, 6, 12, 13, 8, 12, 6, 11, 8, 13, 10, 11, 5, 13, 13, 9, 9, 5, 9, 12, 7, 10, 11, 12, 7, 8, 7, 13, 11, 7, 10, 5, 8, 10, 8, 12, 14, 8, 12, 10, 12, 11, 21, 12, 13, 10, 6, 5, 5, 13, 8, 12, 6, 8, 11, 13, 13, 10, 13, 18, 17, 6, 9, 7, 9, 7, 15, 13, 6, 8]",484.2962267398834,,,,,"[0.9628328109748036, 0.8847030192030843, 1.0, 1.0]",1.0,"[7.114258827339226, 4.008018921410093, 2.698146968077142, 2.793143229372282, 3.0794246495813047]","(512, 256, 128, 128)",0.1,164000.3320313692,local,15650.0,"[0.6618727535942492, 0.7366785642971246, 0.849140375399361, 0.892310303514377]","[0.5038138925950653, 0.527480029349986, 0.5212264975931603, 0.5029532582072405]",,0.0,"[0.6618727535942492, 0.7366785642971246, 0.849140375399361, 0.892310303514377]",,,,"[None, None, 7.160800029554175e-07, 1.1102937324023761e-06, 4.106114868365564e-06, 4.784250984377271e-05]",,,,,,,,
g20c_c100_d4_skip,0,ctx,1000,random,local,False,0.0201,0.145,"[8, 14, 11, 5, 13, 9, 7, 11, 11, 7, 14, 13, 9, 6, 12, 12, 15, 9, 12, 8, 13, 10, 13, 10, 5, 13, 7, 9, 13, 6, 18, 17, 8, 12, 13, 9, 13, 9, 7, 6, 11, 8, 20, 7, 14, 10, 5, 5, 9, 7, 12, 10, 10, 8, 9, 10, 10, 11, 6, 13, 9, 13, 19, 5, 11, 6, 12, 9, 16, 4, 7, 13, 10, 9, 12, 11, 9, 10, 4, 10, 10, 8, 9, 10, 6, 8, 8, 8, 6, 9, 16, 8, 16, 7, 7, 10, 9, 10, 9, 15]",592.2505424022675,,,,,"[0.9544119413792853, 0.9259017190910921, 0.8881702155614508, 1.0]",1.0,"[7.114258827339226, 4.97516976457247, 14.225691298149002, 13.642526159322035, 8.004875452227406]","(512, 256, 128, 128)",0.1,173856.3320313692,local,15650.0,"[0.6500129792332269, 0.7689274660543131, 0.6625379392971246, 0.8474810303514377]","[0.50369185415653, 0.5492777460232711, 0.5670755913082403, 0.5255699863194372]",,0.0,"[0.6500129792332269, 0.7689274660543131, 0.6625379392971246, 0.8474810303514377]",,,,"[None, None, 4.429143196317851e-06, 1.0569675608411809e-06, 1.3270345297211016e-05, 8.031090797344694e-05]",,,,,,,,
g20c_c100_d4_skip,1,ctx,1000,random,local,False,0.0265,0.12911111111111112,"[10, 15, 17, 13, 14, 10, 13, 8, 9, 10, 13, 10, 12, 6, 8, 8, 14, 7, 16, 10, 4, 14, 14, 8, 12, 11, 5, 9, 6, 12, 9, 7, 11, 9, 5, 5, 6, 13, 9, 13, 7, 10, 8, 12, 10, 13, 7, 14, 7, 14, 5, 9, 10, 12, 13, 5, 14, 10, 9, 13, 11, 9, 16, 14, 8, 19, 8, 7, 10, 8, 9, 11, 10, 12, 16, 4, 14, 8, 11, 10, 7, 11, 8, 15, 9, 7, 6, 6, 11, 9, 2, 9, 7, 8, 10, 12, 8, 13, 9, 11]",583.9825086593628,,,,,"[0.967494099950637, 0.9181802551127044, 0.8618912047407862, 0.9536507936507939]",1.0,"[7.114258827339226, 5.599607265250552, 12.258765543994372, 3.249899377188083, 6.131572471316958]","(512, 256, 128, 128)",0.1,173856.3320313692,local,15650.0,"[0.6519563698083067, 0.7704183306709265, 0.6719299121405751, 0.8518550319488818]","[0.5037265488517563, 0.5391983845672859, 0.5657154937584203, 0.5394203410338694]",,0.0,"[0.6519563698083067, 0.7704183306709265, 0.6719299121405751, 0.8518550319488818]",,,,"[None, None, 5.357883670229819e-06, 1.0192751545174465e-06, 1.1421104533694402e-05, 7.464954217834584e-05]",,,,,,,,
g20c_c100_d4_skip,2,ctx,1000,random,local,False,0.024,0.11744444444444443,"[12, 13, 11, 11, 7, 8, 15, 8, 14, 9, 11, 5, 6, 10, 7, 7, 13, 12, 8, 6, 13, 9, 10, 13, 9, 11, 8, 13, 8, 11, 10, 6, 12, 13, 8, 12, 6, 11, 8, 13, 10, 11, 5, 13, 13, 9, 9, 5, 9, 12, 7, 10, 11, 12, 7, 8, 7, 13, 11, 7, 10, 5, 8, 10, 8, 12, 14, 8, 12, 10, 12, 11, 21, 12, 13, 10, 6, 5, 5, 13, 8, 12, 6, 8, 11, 13, 13, 10, 13, 18, 17, 6, 9, 7, 9, 7, 15, 13, 6, 8]",583.7280516624451,,,,,"[0.9544185619603603, 0.8641910911378995, 0.8862412736891757, 1.0]",1.0,"[7.114258827339226, 4.677633434134089, 11.920353571146126, 9.231472046250834, 8.33127278481643]","(512, 256, 128, 128)",0.1,173856.3320313692,local,15650.0,"[0.6497062200479233, 0.7646570487220448, 0.6729023562300319, 0.8593525359424921]","[0.5034398886015097, 0.5533607921777323, 0.5682660105700691, 0.5319029633860333]",,0.0,"[0.6497062200479233, 0.7646570487220448, 0.6729023562300319, 0.8593525359424921]",,,,"[None, None, 6.477760773592117e-06, 1.0801687312621874e-06, 1.0580153683713554e-05, 8.241796957155752e-05]",,,,,,,,
g20c_c100_d4_skip_static,0,ctx,1000,random,local,True,0.0194,0.0,"[17, 5, 15, 11, 7, 15, 12, 8, 16, 7, 12, 11, 14, 6, 7, 8, 7, 10, 11, 8, 8, 15, 7, 6, 8, 10, 11, 13, 5, 5, 7, 11, 15, 12, 10, 4, 13, 10, 6, 14, 8, 9, 12, 15, 9, 11, 9, 5, 13, 6, 14, 11, 11, 10, 8, 13, 12, 7, 6, 13, 7, 11, 10, 9, 12, 12, 11, 9, 11, 12, 10, 11, 6, 5, 11, 11, 5, 14, 8, 9, 10, 8, 16, 6, 15, 6, 13, 18, 10, 11, 9, 7, 11, 11, 11, 8, 8, 8, 11, 10]",583.7260689735413,,,,,"[nan, nan, nan, nan]",,"[7.114258827339226, 3.924931584792553, 8.360564707246805, 3.7359886512354405, 9.750253701655003]","(512, 256, 128, 128)",0.1,173856.3320313692,local,15625.0,"[0.628565, 0.8006495, 0.710072, 0.880482]","[0.5057695508427769, 0.5308394204158783, 0.5469173497223854, 0.5122937090817093]",,0.0,"[0.628565, 0.8006495, 0.710072, 0.880482]",,,,"[None, None, 1.3969700465844634e-06, 3.01035803560448e-07, 2.7016383282622463e-06, 0.00018582872325396415]",,,,,,,,
g20c_c100_d4_skip_static,1,ctx,1000,random,local,True,0.0258,0.0,"[15, 13, 10, 8, 3, 2, 12, 8, 9, 9, 13, 13, 4, 10, 5, 7, 9, 11, 9, 10, 18, 9, 10, 13, 12, 9, 9, 14, 9, 13, 13, 5, 14, 9, 11, 15, 7, 12, 10, 9, 10, 8, 8, 15, 11, 9, 9, 10, 11, 11, 6, 7, 9, 16, 9, 10, 9, 12, 12, 8, 7, 11, 6, 12, 8, 10, 11, 11, 6, 10, 8, 12, 7, 6, 13, 8, 9, 6, 9, 13, 13, 7, 6, 8, 11, 12, 10, 16, 7, 11, 14, 13, 14, 13, 9, 18, 7, 11, 5, 11]",585.1045014858246,,,,,"[nan, nan, nan, nan]",,"[7.114258827339226, 3.6862428844522457, 8.861971568846105, 5.511167774586881, 10.325694297516899]","(512, 256, 128, 128)",0.1,173856.3320313692,local,15625.0,"[0.632073625, 0.792057, 0.7283935, 0.865536]","[0.5052458388853073, 0.5202532041196823, 0.5445864094574452, 0.5072207921786904]",,0.0,"[0.632073625, 0.792057, 0.7283935, 0.865536]",,,,"[None, None, 1.5632556020318474e-06, 3.053339299917375e-07, 2.7192404245461756e-06, 0.0001776711144535129]",,,,,,,,
g20c_c100_d4_skip_static,2,ctx,1000,random,local,True,0.0189,0.0,"[10, 7, 9, 16, 10, 7, 11, 15, 16, 12, 6, 6, 12, 6, 11, 10, 13, 14, 12, 10, 4, 5, 8, 10, 9, 8, 9, 13, 9, 6, 3, 9, 18, 14, 14, 18, 6, 12, 14, 6, 18, 9, 8, 10, 7, 16, 6, 6, 9, 14, 9, 12, 16, 7, 13, 7, 7, 11, 11, 5, 4, 7, 11, 11, 6, 9, 9, 10, 4, 5, 4, 8, 12, 14, 9, 12, 17, 14, 7, 9, 9, 13, 10, 12, 8, 10, 10, 8, 14, 13, 16, 8, 8, 12, 13, 9, 15, 6, 7, 8]",433.4717254638672,,,,,"[nan, nan, nan, nan]",,"[7.114258827339226, 3.689342302739967, 11.87638450167167, 6.689062901622136, 9.121892059816524]","(512, 256, 128, 128)",0.1,173856.3320313692,local,15625.0,"[0.64069425, 0.80235575, 0.707989, 0.8779505]","[0.5049637282514572, 0.5320850016021729, 0.5373242738113403, 0.5069442676811218]",,0.0,"[0.64069425, 0.80235575, 0.707989, 0.8779505]",,,,"[None, None, 1.1637338058948343e-06, 2.707270101455911e-07, 2.372184594582936e-06, 0.00018194286808416514]",,,,,,,,
g20c_c100_d4_static,0,ctx,1000,random,local,True,0.013,0.0,"[17, 5, 15, 11, 7, 15, 12, 8, 16, 7, 12, 11, 14, 6, 7, 8, 7, 10, 11, 8, 8, 15, 7, 6, 8, 10, 11, 13, 5, 5, 7, 11, 15, 12, 10, 4, 13, 10, 6, 14, 8, 9, 12, 15, 9, 11, 9, 5, 13, 6, 14, 11, 11, 10, 8, 13, 12, 7, 6, 13, 7, 11, 10, 9, 12, 12, 11, 9, 11, 12, 10, 11, 6, 5, 11, 11, 5, 14, 8, 9, 10, 8, 16, 6, 15, 6, 13, 18, 10, 11, 9, 7, 11, 11, 11, 8, 8, 8, 11, 10]",484.650306224823,,,,,"[nan, nan, nan, nan]",,"[7.114258827339226, 2.059631014040071, 2.2341335819039965, 1.7248166476595574, 3.206121061731813]","(512, 256, 128, 128)",0.1,164000.3320313692,local,15625.0,"[0.586600625, 0.67394575, 0.84381, 0.8961745]","[0.5073233077497482, 0.5216462352046967, 0.5132760487661362, 0.5004037173566819]",,0.0,"[0.586600625, 0.67394575, 0.84381, 0.8961745]",,,,"[None, None, 3.39021144733689e-08, 9.86255001224562e-08, 3.962100987658441e-07, 0.00016555677297610082]",,,,,,,,
g20c_c100_d4_static,1,ctx,1000,random,local,True,0.0131,0.0,"[15, 13, 10, 8, 3, 2, 12, 8, 9, 9, 13, 13, 4, 10, 5, 7, 9, 11, 9, 10, 18, 9, 10, 13, 12, 9, 9, 14, 9, 13, 13, 5, 14, 9, 11, 15, 7, 12, 10, 9, 10, 8, 8, 15, 11, 9, 9, 10, 11, 11, 6, 7, 9, 16, 9, 10, 9, 12, 12, 8, 7, 11, 6, 12, 8, 10, 11, 11, 6, 10, 8, 12, 7, 6, 13, 8, 9, 6, 9, 13, 13, 7, 6, 8, 11, 12, 10, 16, 7, 11, 14, 13, 14, 13, 9, 18, 7, 11, 5, 11]",481.0734086036682,,,,,"[nan, nan, nan, nan]",,"[7.114258827339226, 1.6882491513513256, 1.6407874929891944, 2.908352900964776, 6.168215587831962]","(512, 256, 128, 128)",0.1,164000.3320313692,local,15625.0,"[0.579827875, 0.66940275, 0.842487, 0.8960215]","[0.5072942247676849, 0.5215320363855362, 0.5196503776321411, 0.5005977540516854]",,0.0,"[0.579827875, 0.66940275, 0.842487, 0.8960215]",,,,"[None, None, 2.5838801098335115e-08, 8.975949583711379e-08, 2.9872343193332795e-07, 0.00016871932623132901]",,,,,,,,
g20c_c100_d4_static,2,ctx,1000,random,local,True,0.0129,0.0,"[10, 7, 9, 16, 10, 7, 11, 15, 16, 12, 6, 6, 12, 6, 11, 10, 13, 14, 12, 10, 4, 5, 8, 10, 9, 8, 9, 13, 9, 6, 3, 9, 18, 14, 14, 18, 6, 12, 14, 6, 18, 9, 8, 10, 7, 16, 6, 6, 9, 14, 9, 12, 16, 7, 13, 7, 7, 11, 11, 5, 4, 7, 11, 11, 6, 9, 9, 10, 4, 5, 4, 8, 12, 14, 9, 12, 17, 14, 7, 9, 9, 13, 10, 12, 8, 10, 10, 8, 14, 13, 16, 8, 8, 12, 13, 9, 15, 6, 7, 8]",478.307030916214,,,,,"[nan, nan, nan, nan]",,"[7.114258827339226, 1.779438518405588, 1.40210883045047, 3.6407355177277476, 6.253899926527139]","(512, 256, 128, 128)",0.1,164000.3320313692,local,15625.0,"[0.59242775, 0.6975995, 0.8560025, 0.895267]","[0.5070709096851349, 0.523225795630455, 0.5074529613809585, 0.5007079833230972]",,0.0,"[0.59242775, 0.6975995, 0.8560025, 0.895267]",,,,"[None, None, 7.852255778719649e-08, 2.1486387127146585e-07, 5.366566919714272e-07, 0.00015808299716791422]",,,,,,,,
g20c_c100f_d4,0,ctx,1000,random,local,False,0.0157,0.1436666666666667,"[8, 14, 11, 5, 13, 9, 7, 11, 11, 7, 14, 13, 9, 6, 12, 12, 15, 9, 12, 8, 13, 10, 13, 10, 5, 13, 7, 9, 13, 6, 18, 17, 8, 12, 13, 9, 13, 9, 7, 6, 11, 8, 20, 7, 14, 10, 5, 5, 9, 7, 12, 10, 10, 8, 9, 10, 10, 11, 6, 13, 9, 13, 19, 5, 11, 6, 12, 9, 16, 4, 7, 13, 10, 9, 12, 11, 9, 10, 4, 10, 10, 8, 9, 10, 6, 8, 8, 8, 6, 9, 16, 8, 16, 7, 7, 10, 9, 10, 9, 15]",489.0121850967407,,,,,"[0.9531313833130732, 0.9699136543506293, 1.0, 1.0]",1.0,"[9.27809755419962, 4.490700705502327, 2.244556563794439, 2.537441911980469, 2.576221426672567]","(512, 256, 128, 128)",0.1,163998.0122680664,local,15650.0,"[0.654738044129393, 0.7324892671725239, 0.8502416134185303, 0.89046875]","[0.5037477380541948, 0.5281690669833972, 0.5521828226918896, 0.5048334679488367]",,0.0,"[0.654738044129393, 0.7324892671725239, 0.8502416134185303, 0.89046875]",,,,"[None, None, 2.900530890294733e-06, 5.418292238713492e-06, 1.705904988061071e-05, 0.00014193747352102333]",,,,,,,,
g20c_c100f_d4,1,ctx,1000,random,local,False,0.0234,0.11555555555555556,"[10, 15, 17, 13, 14, 10, 13, 8, 9, 10, 13, 10, 12, 6, 8, 8, 14, 7, 16, 10, 4, 14, 14, 8, 12, 11, 5, 9, 6, 12, 9, 7, 11, 9, 5, 5, 6, 13, 9, 13, 7, 10, 8, 12, 10, 13, 7, 14, 7, 14, 5, 9, 10, 12, 13, 5, 14, 10, 9, 13, 11, 9, 16, 14, 8, 19, 8, 7, 10, 8, 9, 11, 10, 12, 16, 4, 14, 8, 11, 10, 7, 11, 8, 15, 9, 7, 6, 6, 11, 9, 2, 9, 7, 8, 10, 12, 8, 13, 9, 11]",489.878160238266,,,,,"[0.9557421446644431, 0.9519408869248018, 0.9368711617600503, 0.9866666666666665]",1.0,"[9.27809755419962, 4.784733052334024, 2.509930166262064, 3.1555064226858813, 2.202515294969245]","(512, 256, 128, 128)",0.1,163999.21414651722,local,15650.0,"[0.634425044928115, 0.7065288039137381, 0.8421605431309904, 0.8906719249201278]","[0.5043453812908631, 0.5301390753372218, 0.5638992197016558, 0.5040076305331609]",,0.0,"[0.634425044928115, 0.7065288039137381, 0.8421605431309904, 0.8906719249201278]",,,,"[None, None, 1.9723631520145377e-06, 3.412866063866803e-06, 3.449636480104695e-06, 6.500214316542929e-05]",,,,,,,,
g20c_c100f_d4,2,ctx,1000,random,local,False,0.0185,0.0957777777777778,"[12, 13, 11, 11, 7, 8, 15, 8, 14, 9, 11, 5, 6, 10, 7, 7, 13, 12, 8, 6, 13, 9, 10, 13, 9, 11, 8, 13, 8, 11, 10, 6, 12, 13, 8, 12, 6, 11, 8, 13, 10, 11, 5, 13, 13, 9, 9, 5, 9, 12, 7, 10, 11, 12, 7, 8, 7, 13, 11, 7, 10, 5, 8, 10, 8, 12, 14, 8, 12, 10, 12, 11, 21, 12, 13, 10, 6, 5, 5, 13, 8, 12, 6, 8, 11, 13, 13, 10, 13, 18, 17, 6, 9, 7, 9, 7, 15, 13, 6, 8]",485.8506615161896,,,,,"[0.9629825185693807, 0.9431315827763561, 0.9866666666666668, 1.0]",1.0,"[9.27809755419962, 3.7981915532880155, 2.0420381393269182, 2.3226577337891454, 2.31707212409395]","(512, 256, 128, 128)",0.1,164000.37890625,local,15650.0,"[0.6650450529153354, 0.7626170626996805, 0.8578469448881789, 0.8837739616613418]","[0.5034648274812407, 0.5157058691828491, 0.5329362326739029, 0.5003450312198827]",,0.0,"[0.6650450529153354, 0.7626170626996805, 0.8578469448881789, 0.8837739616613418]",,,,"[None, None, 1.0598213357257793e-06, 2.8583146065932785e-06, 5.368187590498286e-06, 6.799118870997139e-05]",,,,,,,,
g20c_c100f_d4_skip,0,ctx,1000,random,local,False,0.0385,0.1722222222222222,"[8, 14, 11, 5, 13, 9, 7, 11, 11, 7, 14, 13, 9, 6, 12, 12, 15, 9, 12, 8, 13, 10, 13, 10, 5, 13, 7, 9, 13, 6, 18, 17, 8, 12, 13, 9, 13, 9, 7, 6, 11, 8, 20, 7, 14, 10, 5, 5, 9, 7, 12, 10, 10, 8, 9, 10, 10, 11, 6, 13, 9, 13, 19, 5, 11, 6, 12, 9, 16, 4, 7, 13, 10, 9, 12, 11, 9, 10, 4, 10, 10, 8, 9, 10, 6, 8, 8, 8, 6, 9, 16, 8, 16, 7, 7, 10, 9, 10, 9, 15]",597.8620853424072,,,,,"[0.938208482003412, 0.8856479689284997, 0.8389685310025129, 0.9348941798941798]",1.0,"[9.27809755419962, 8.940879506275358, 18.03638053260195, 10.922265902761158, 10.39061390787355]","(512, 256, 128, 128)",0.1,173856.37890625,local,15650.0,"[0.6365319239217252, 0.7612300319488818, 0.6424785343450479, 0.8467317292332268]","[0.5043561834811022, 0.5392302604586172, 0.5484414406458791, 0.5343095063518126]",,0.0,"[0.6365319239217252, 0.7612300319488818, 0.6424785343450479, 0.8467317292332268]",,,,"[None, None, 1.1103708345771846e-05, 1.7215132898505557e-06, 2.1597487254677497e-05, 6.557255174107159e-05]",,,,,,,,
g20c_c100f_d4_skip,1,ctx,1000,random,local,False,0.0351,0.1821111111111111,"[10, 15, 17, 13, 14, 10, 13, 8, 9, 10, 13, 10, 12, 6, 8, 8, 14, 7, 16, 10, 4, 14, 14, 8, 12, 11, 5, 9, 6, 12, 9, 7, 11, 9, 5, 5, 6, 13, 9, 13, 7, 10, 8, 12, 10, 13, 7, 14, 7, 14, 5, 9, 10, 12, 13, 5, 14, 10, 9, 13, 11, 9, 16, 14, 8, 19, 8, 7, 10, 8, 9, 11, 10, 12, 16, 4, 14, 8, 11, 10, 7, 11, 8, 15, 9, 7, 6, 6, 11, 9, 2, 9, 7, 8, 10, 12, 8, 13, 9, 11]",586.8632106781006,,,,,"[0.9424691391515193, 0.8947156714248281, 0.8310191518969449, 0.9790849673202615]",1.0,"[9.27809755419962, 11.514839322062889, 20.214653738747966, 16.73025031495611, 9.167851141717005]","(512, 256, 128, 128)",0.1,173856.37890625,local,15650.0,"[0.6320620756789137, 0.747968001198083, 0.6392981230031949, 0.8414237220447285]","[0.5046896782703103, 0.5375676202816895, 0.5595227150890393, 0.5388952997937417]",,0.0,"[0.6320620756789137, 0.747968001198083, 0.6392981230031949, 0.8414237220447285]",,,,"[None, None, 8.142610853405862e-06, 2.437335720148874e-06, 2.1884384897216806e-05, 9.67317381367997e-05]",,,,,,,,
g20c_c100f_d4_skip,2,ctx,1000,random,local,False,0.0393,0.1671111111111111,"[12, 13, 11, 11, 7, 8, 15, 8, 14, 9, 11, 5, 6, 10, 7, 7, 13, 12, 8, 6, 13, 9, 10, 13, 9, 11, 8, 13, 8, 11, 10, 6, 12, 13, 8, 12, 6, 11, 8, 13, 10, 11, 5, 13, 13, 9, 9, 5, 9, 12, 7, 10, 11, 12, 7, 8, 7, 13, 11, 7, 10, 5, 8, 10, 8, 12, 14, 8, 12, 10, 12, 11, 21, 12, 13, 10, 6, 5, 5, 13, 8, 12, 6, 8, 11, 13, 13, 10, 13, 18, 17, 6, 9, 7, 9, 7, 15, 13, 6, 8]",583.5414626598358,,,,,"[0.9270955542687659, 0.9048169000022861, 0.8746313595363525, 0.9279527100579732]",1.0,"[9.27809755419962, 12.421054534867677, 18.517337407653088, 24.80720779250415, 10.753586139185677]","(512, 256, 128, 128)",0.1,173856.37890625,local,15650.0,"[0.6324536990814696, 0.7461444189297125, 0.6333346645367413, 0.8423791932907349]","[0.5044830213834683, 0.5386820432629448, 0.5575956427936737, 0.5360370898134887]",,0.0,"[0.6324536990814696, 0.7461444189297125, 0.6333346645367413, 0.8423791932907349]",,,,"[None, None, 6.080084203948254e-06, 1.6239501360460708e-06, 1.768893275347439e-05, 9.500624771427989e-05]",,,,,,,,
g20c_c100f_d4_skip_static,0,ctx,1000,random,local,True,0.0272,0.0,"[17, 5, 15, 11, 7, 15, 12, 8, 16, 7, 12, 11, 14, 6, 7, 8, 7, 10, 11, 8, 8, 15, 7, 6, 8, 10, 11, 13, 5, 5, 7, 11, 15, 12, 10, 4, 13, 10, 6, 14, 8, 9, 12, 15, 9, 11, 9, 5, 13, 6, 14, 11, 11, 10, 8, 13, 12, 7, 6, 13, 7, 11, 10, 9, 12, 12, 11, 9, 11, 12, 10, 11, 6, 5, 11, 11, 5, 14, 8, 9, 10, 8, 16, 6, 15, 6, 13, 18, 10, 11, 9, 7, 11, 11, 11, 8, 8, 8, 11, 10]",588.7767193317413,,,,,"[nan, nan, nan, nan]",,"[9.27809755419962, 5.9747725870863135, 10.847430366992327, 11.987371636410233, 10.611754105285975]","(512, 256, 128, 128)",0.1,173856.37890625,local,15625.0,"[0.634477875, 0.79477175, 0.6803945, 0.8796355]","[0.5037621476002931, 0.5327069703636169, 0.5521599356377125, 0.5125924884843827]",,0.0,"[0.634477875, 0.79477175, 0.6803945, 0.8796355]",,,,"[None, None, 1.5138454860836956e-06, 3.599173810682754e-07, 3.809027856438948e-06, 0.00018144058845635252]",,,,,,,,
g20c_c100f_d4_skip_static,1,ctx,1000,random,local,True,0.0296,0.0,"[15, 13, 10, 8, 3, 2, 12, 8, 9, 9, 13, 13, 4, 10, 5, 7, 9, 11, 9, 10, 18, 9, 10, 13, 12, 9, 9, 14, 9, 13, 13, 5, 14, 9, 11, 15, 7, 12, 10, 9, 10, 8, 8, 15, 11, 9, 9, 10, 11, 11, 6, 7, 9, 16, 9, 10, 9, 12, 12, 8, 7, 11, 6, 12, 8, 10, 11, 11, 6, 10, 8, 12, 7, 6, 13, 8, 9, 6, 9, 13, 13, 7, 6, 8, 11, 12, 10, 16, 7, 11, 14, 13, 14, 13, 9, 18, 7, 11, 5, 11]",585.9604344367981,,,,,"[nan, nan, nan, nan]",,"[9.27809755419962, 7.85110497333386, 12.995675957240849, 14.508631679435691, 11.300426466335468]","(512, 256, 128, 128)",0.1,173856.37890625,local,15625.0,"[0.629476875, 0.80276825, 0.7306925, 0.8520025]","[0.5045255340766907, 0.5291264022827148, 0.5630969142398834, 0.5111482947235108]",,0.0,"[0.629476875, 0.80276825, 0.7306925, 0.8520025]",,,,"[None, None, 1.407832158898012e-06, 5.152841118735004e-07, 5.345548246303579e-06, 0.00015978784134471018]",,,,,,,,
g20c_c100f_d4_skip_static,2,ctx,1000,random,local,True,0.0331,0.0,"[10, 7, 9, 16, 10, 7, 11, 15, 16, 12, 6, 6, 12, 6, 11, 10, 13, 14, 12, 10, 4, 5, 8, 10, 9, 8, 9, 13, 9, 6, 3, 9, 18, 14, 14, 18, 6, 12, 14, 6, 18, 9, 8, 10, 7, 16, 6, 6, 9, 14, 9, 12, 16, 7, 13, 7, 7, 11, 11, 5, 4, 7, 11, 11, 6, 9, 9, 10, 4, 5, 4, 8, 12, 14, 9, 12, 17, 14, 7, 9, 9, 13, 10, 12, 8, 10, 10, 8, 14, 13, 16, 8, 8, 12, 13, 9, 15, 6, 7, 8]",434.4603147506714,,,,,"[nan, nan, nan, nan]",,"[9.27809755419962, 5.654856920862017, 11.983272712289883, 8.843284836562692, 9.417633904128293]","(512, 256, 128, 128)",0.1,173856.37890625,local,15625.0,"[0.631237375, 0.7987795, 0.7367255, 0.8685155]","[0.5049657107868195, 0.520821692647934, 0.5439073932500481, 0.5080677111807466]",,0.0,"[0.631237375, 0.7987795, 0.7367255, 0.8685155]",,,,"[None, None, 1.3448583204397603e-06, 3.412454279990049e-07, 3.597930914419397e-06, 0.00017161688561694103]",,,,,,,,
g20c_c100f_d4_static,0,ctx,1000,random,local,True,0.019,0.0,"[17, 5, 15, 11, 7, 15, 12, 8, 16, 7, 12, 11, 14, 6, 7, 8, 7, 10, 11, 8, 8, 15, 7, 6, 8, 10, 11, 13, 5, 5, 7, 11, 15, 12, 10, 4, 13, 10, 6, 14, 8, 9, 12, 15, 9, 11, 9, 5, 13, 6, 14, 11, 11, 10, 8, 13, 12, 7, 6, 13, 7, 11, 10, 9, 12, 12, 11, 9, 11, 12, 10, 11, 6, 5, 11, 11, 5, 14, 8, 9, 10, 8, 16, 6, 15, 6, 13, 18, 10, 11, 9, 7, 11, 11, 11, 8, 8, 8, 11, 10]",485.5300989151001,,,,,"[nan, nan, nan, nan]",,"[9.27809755419962, 5.078010722937135, 5.781567583719413, 5.131822994488071, 6.386890121831538]","(512, 256, 128, 128)",0.1,164000.37890625,local,15625.0,"[0.606372375, 0.69981375, 0.8495255, 0.8955095]","[0.5053803624629974, 0.5288957047519683, 0.5176898228015899, 0.5010935594797135]",,0.0,"[0.606372375, 0.69981375, 0.8495255, 0.8955095]",,,,"[None, None, 1.8028769604945263e-07, 3.3397711093431956e-07, 4.938629440313624e-07, 0.00016363414256446507]",,,,,,,,
g20c_c100f_d4_static,1,ctx,1000,random,local,True,0.0165,0.0,"[15, 13, 10, 8, 3, 2, 12, 8, 9, 9, 13, 13, 4, 10, 5, 7, 9, 11, 9, 10, 18, 9, 10, 13, 12, 9, 9, 14, 9, 13, 13, 5, 14, 9, 11, 15, 7, 12, 10, 9, 10, 8, 8, 15, 11, 9, 9, 10, 11, 11, 6, 7, 9, 16, 9, 10, 9, 12, 12, 8, 7, 11, 6, 12, 8, 10, 11, 11, 6, 10, 8, 12, 7, 6, 13, 8, 9, 6, 9, 13, 13, 7, 6, 8, 11, 12, 10, 16, 7, 11, 14, 13, 14, 13, 9, 18, 7, 11, 5, 11]",479.180602312088,,,,,"[nan, nan, nan, nan]",,"[9.27809755419962, 4.926718312995483, 2.341227891506898, 1.7169761520190325, 4.856520669458473]","(512, 256, 128, 128)",0.1,164000.37890625,local,15625.0,"[0.60656125, 0.66926775, 0.836536, 0.896016]","[0.5054398370370865, 0.5189750399198532, 0.5238942870550156, 0.5001923065376281]",,0.0,"[0.60656125, 0.66926775, 0.836536, 0.896016]",,,,"[None, None, 9.46133813518821e-08, 2.8232673575362414e-07, 5.312824646413115e-07, 0.0001705215777449839]",,,,,,,,
g20c_c100f_d4_static,2,ctx,1000,random,local,True,0.0123,0.0,"[10, 7, 9, 16, 10, 7, 11, 15, 16, 12, 6, 6, 12, 6, 11, 10, 13, 14, 12, 10, 4, 5, 8, 10, 9, 8, 9, 13, 9, 6, 3, 9, 18, 14, 14, 18, 6, 12, 14, 6, 18, 9, 8, 10, 7, 16, 6, 6, 9, 14, 9, 12, 16, 7, 13, 7, 7, 11, 11, 5, 4, 7, 11, 11, 6, 9, 9, 10, 4, 5, 4, 8, 12, 14, 9, 12, 17, 14, 7, 9, 9, 13, 10, 12, 8, 10, 10, 8, 14, 13, 16, 8, 8, 12, 13, 9, 15, 6, 7, 8]",480.86303663253784,,,,,"[nan, nan, nan, nan]",,"[9.27809755419962, 3.1217909076533483, 2.24035677261406, 2.5982259612070377, 4.003864071027653]","(512, 256, 128, 128)",0.1,164000.37890625,local,15625.0,"[0.60092825, 0.70716275, 0.855615, 0.895505]","[0.5057770507774353, 0.5264576929979324, 0.5074418771877289, 0.5002538986930847]",,0.0,"[0.60092825, 0.70716275, 0.855615, 0.895505]",,,,"[None, None, 8.511969390179746e-08, 1.8506236768907269e-07, 4.876888535141887e-07, 0.00016014910057744633]",,,,,,,,
g20c_c100f_k5000,0,ctx,5000,random,local,False,0.0641,0.2727777777777778,"[45, 60, 54, 53, 46, 44, 53, 53, 50, 60, 68, 51, 49, 49, 61, 56, 60, 49, 48, 38, 47, 57, 40, 40, 48, 47, 45, 50, 60, 43, 50, 47, 47, 46, 50, 49, 43, 52, 45, 54, 51, 45, 43, 61, 55, 36, 45, 45, 52, 60, 44, 52, 42, 42, 59, 52, 46, 51, 50, 57, 54, 47, 41, 45, 53, 42, 47, 45, 55, 55, 48, 44, 61, 53, 52, 47, 55, 48, 63, 54, 50, 38, 57, 71, 43, 50, 49, 49, 54, 39, 48, 58, 58, 51, 49, 50, 41, 46, 58, 37]",610.0330150127411,,,,,"[0.9191793964024245, 0.9837460317460317]",1.0,"[9.27809755419962, 10.631328530547759, 14.071217576414758]","(512, 256)",0.1,163802.83984375,local,15650.0,"[0.6322471545527156, 0.8400698881789137]","[0.5056928194035737, 0.5208940005775529]",,0.0,"[0.6322471545527156, 0.8400698881789137]",,,,"[None, None, 4.6046803221626526e-05, 8.906597696007045e-05]",,,,,,,,
g20c_c100f_k5000,1,ctx,5000,random,local,False,0.0438,0.2566666666666666,"[37, 49, 53, 45, 42, 50, 48, 47, 46, 46, 55, 40, 53, 48, 55, 57, 51, 66, 51, 37, 53, 50, 43, 52, 48, 63, 46, 47, 60, 50, 57, 47, 46, 42, 38, 50, 39, 50, 59, 53, 53, 42, 47, 46, 47, 47, 43, 36, 42, 43, 65, 61, 53, 51, 57, 61, 35, 51, 49, 38, 51, 57, 61, 49, 48, 54, 58, 40, 62, 57, 63, 48, 49, 52, 48, 66, 40, 61, 47, 52, 59, 51, 56, 48, 47, 53, 48, 49, 62, 50, 48, 54, 43, 33, 46, 61, 50, 48, 39, 56]",603.0369815826416,,,,,"[0.934586285198987, 0.9643260825017594]",1.0,"[9.27809755419962, 9.650147273289742, 11.169569083336373]","(512, 256)",0.1,163802.83984375,local,15650.0,"[0.6377750599041534, 0.8417554412939298]","[0.504984568031832, 0.5165572572468569]",,0.0,"[0.6377750599041534, 0.8417554412939298]",,,,"[None, None, 3.0231067742542416e-05, 9.880207828299914e-05]",,,,,,,,
g20c_c100f_k5000,2,ctx,5000,random,local,False,0.0592,0.29644444444444445,"[62, 50, 47, 48, 47, 58, 39, 33, 38, 55, 60, 40, 57, 52, 58, 38, 49, 53, 52, 56, 65, 48, 51, 50, 49, 51, 52, 51, 40, 48, 45, 40, 48, 44, 58, 46, 41, 60, 54, 54, 50, 44, 48, 54, 49, 47, 54, 29, 50, 43, 53, 61, 41, 49, 51, 52, 60, 47, 52, 47, 48, 45, 45, 51, 43, 51, 65, 54, 59, 42, 50, 50, 55, 49, 44, 56, 60, 43, 55, 45, 62, 57, 46, 62, 57, 42, 43, 46, 58, 50, 40, 33, 56, 57, 59, 51, 48, 52, 53, 50]",617.1346151828766,,,,,"[0.9181318306866936, 0.9847121432027095]",1.0,"[9.27809755419962, 22.24050368731254, 12.544553333131713]","(512, 256)",0.1,163802.83984375,local,15650.0,"[0.6312562400159745, 0.8447848442492013]","[0.506383644478104, 0.5261338786052439]",,0.0,"[0.6312562400159745, 0.8447848442492013]",,,,"[None, None, 5.9254350998586016e-05, 6.747976375152742e-05]",,,,,,,,
g20c_c100f_k5000_static,0,ctx,5000,random,local,True,0.0596,0.0,"[48, 62, 49, 55, 45, 58, 42, 45, 45, 56, 45, 56, 49, 47, 49, 55, 43, 61, 47, 48, 45, 64, 45, 42, 55, 46, 49, 40, 53, 60, 55, 54, 49, 53, 44, 56, 51, 49, 48, 51, 50, 47, 52, 53, 63, 52, 46, 51, 48, 48, 48, 59, 53, 61, 53, 59, 45, 48, 65, 53, 35, 40, 34, 59, 42, 58, 42, 46, 45, 47, 43, 45, 56, 46, 44, 56, 52, 42, 57, 61, 49, 41, 47, 47, 33, 52, 54, 52, 58, 49, 44, 45, 57, 49, 62, 50, 40, 67, 40, 46]",611.4509952068329,,,,,"[nan, nan]",,"[9.27809755419962, 17.920759923215385, 23.633287388161865]","(512, 256)",0.1,163802.83984375,local,15625.0,"[0.6133205, 0.87088125]","[0.5070182927932888, 0.5142600567036271]",,0.0,"[0.6133205, 0.87088125]",,,,"[None, None, 1.7219285916110522e-05, 8.854055123135504e-05]",,,,,,,,
g20c_c100f_k5000_static,1,ctx,5000,random,local,True,0.0662,0.0,"[48, 40, 54, 56, 54, 40, 50, 49, 51, 44, 59, 44, 45, 61, 45, 55, 50, 52, 42, 50, 56, 57, 46, 49, 40, 50, 47, 43, 46, 49, 44, 54, 54, 55, 51, 47, 50, 53, 49, 40, 54, 58, 57, 48, 57, 42, 42, 52, 47, 58, 46, 49, 37, 61, 49, 52, 55, 50, 50, 50, 57, 44, 54, 43, 49, 58, 47, 52, 47, 55, 52, 49, 47, 50, 47, 61, 35, 40, 56, 60, 49, 57, 58, 46, 55, 52, 41, 50, 45, 53, 46, 61, 51, 55, 54, 50, 60, 43, 42, 46]",601.7774350643158,,,,,"[nan, nan]",,"[9.27809755419962, 17.22732379300756, 19.36256354700228]","(512, 256)",0.1,163802.83984375,local,15625.0,"[0.607408625, 0.86583625]","[0.5072407042884827, 0.516299866727829]",,0.0,"[0.607408625, 0.86583625]",,,,"[None, None, 2.2795998162252706e-05, 8.003063966912221e-05]",,,,,,,,
g20c_c100f_k5000_static,2,ctx,5000,random,local,True,0.0671,0.0,"[47, 45, 48, 48, 49, 59, 52, 51, 46, 50, 41, 50, 57, 54, 46, 55, 56, 48, 47, 43, 49, 43, 51, 51, 58, 42, 60, 62, 49, 47, 56, 50, 61, 37, 58, 46, 50, 44, 46, 30, 54, 46, 48, 52, 45, 44, 58, 50, 45, 47, 43, 67, 48, 46, 56, 43, 44, 59, 43, 55, 57, 50, 47, 45, 46, 58, 55, 49, 54, 55, 54, 46, 54, 48, 52, 50, 53, 52, 53, 57, 48, 45, 59, 47, 44, 49, 45, 57, 55, 52, 42, 47, 49, 53, 57, 52, 53, 42, 40, 54]",583.2840685844421,,,,,"[nan, nan]",,"[9.27809755419962, 16.997507718192995, 20.60537036310837]","(512, 256)",0.1,163802.83984375,local,15625.0,"[0.61268125, 0.8699575]","[0.5068842860240936, 0.5134610329233408]",,0.0,"[0.61268125, 0.8699575]",,,,"[None, None, 1.4811638438916915e-05, 8.422517563350572e-05]",,,,,,,,
g20c_c100f_wide_k5000,0,ctx,5000,random,local,False,0.0584,0.22944444444444445,"[45, 60, 54, 53, 46, 44, 53, 53, 50, 60, 68, 51, 49, 49, 61, 56, 60, 49, 48, 38, 47, 57, 40, 40, 48, 47, 45, 50, 60, 43, 50, 47, 47, 46, 50, 49, 43, 52, 45, 54, 51, 45, 43, 61, 55, 36, 45, 45, 52, 60, 44, 52, 42, 42, 59, 52, 46, 51, 50, 57, 54, 47, 41, 45, 53, 42, 47, 45, 55, 55, 48, 44, 61, 53, 52, 47, 55, 48, 63, 54, 50, 38, 57, 71, 43, 50, 49, 49, 54, 39, 48, 58, 58, 51, 49, 50, 41, 46, 58, 37]",1164.8452608585358,,,,,"[0.9365296957536079, 0.9621544680531441]",1.0,"[9.27809755419962, 12.316496613263272, 14.113309134320232]","(1024, 512)",0.1,335340.16015625,local,15650.0,"[0.6263107153554313, 0.8231036591453674]","[0.5059359552004277, 0.5195603321002314]",,0.0,"[0.6263107153554313, 0.8231036591453674]",,,,"[None, None, 2.8921236035411383e-05, 8.301101315142859e-05]",,,,,,,,
g20c_c100f_wide_k5000,1,ctx,5000,random,local,False,0.057,0.2321111111111111,"[37, 49, 53, 45, 42, 50, 48, 47, 46, 46, 55, 40, 53, 48, 55, 57, 51, 66, 51, 37, 53, 50, 43, 52, 48, 63, 46, 47, 60, 50, 57, 47, 46, 42, 38, 50, 39, 50, 59, 53, 53, 42, 47, 46, 47, 47, 43, 36, 42, 43, 65, 61, 53, 51, 57, 61, 35, 51, 49, 38, 51, 57, 61, 49, 48, 54, 58, 40, 62, 57, 63, 48, 49, 52, 48, 66, 40, 61, 47, 52, 59, 51, 56, 48, 47, 53, 48, 49, 62, 50, 48, 54, 43, 33, 46, 61, 50, 48, 39, 56]",1168.7918727397919,,,,,"[0.9160012070418191, 0.9699478367694738]",1.0,"[9.27809755419962, 9.60796716908397, 12.194742442403639]","(1024, 512)",0.1,335340.16015625,local,15650.0,"[0.6261205820686901, 0.8224997503993611]","[0.5054243745618372, 0.5210095848313893]",,0.0,"[0.6261205820686901, 0.8224997503993611]",,,,"[None, None, 3.231668734341806e-05, 8.935665569651219e-05]",,,,,,,,
g20c_c100f_wide_k5000,2,ctx,5000,random,local,False,0.0481,0.24288888888888888,"[62, 50, 47, 48, 47, 58, 39, 33, 38, 55, 60, 40, 57, 52, 58, 38, 49, 53, 52, 56, 65, 48, 51, 50, 49, 51, 52, 51, 40, 48, 45, 40, 48, 44, 58, 46, 41, 60, 54, 54, 50, 44, 48, 54, 49, 47, 54, 29, 50, 43, 53, 61, 41, 49, 51, 52, 60, 47, 52, 47, 48, 45, 45, 51, 43, 51, 65, 54, 59, 42, 50, 50, 55, 49, 44, 56, 60, 43, 55, 45, 62, 57, 46, 62, 57, 42, 43, 46, 58, 50, 40, 33, 56, 57, 59, 51, 48, 52, 53, 50]",1044.0294313430786,,,,,"[0.9315576834881882, 0.9753816259572078]",1.0,"[9.27809755419962, 8.685918351755356, 13.45139761189931]","(1024, 512)",0.1,335340.16015625,local,15650.0,"[0.623878918730032, 0.8238986371805112]","[0.5060186627813386, 0.5180254653139046]",,0.0,"[0.623878918730032, 0.8238986371805112]",,,,"[None, None, 3.1305528257772804e-05, 9.017246545605825e-05]",,,,,,,,
g20c_c100f_wide_k5000_static,0,ctx,5000,random,local,True,0.0578,0.0,"[48, 62, 49, 55, 45, 58, 42, 45, 45, 56, 45, 56, 49, 47, 49, 55, 43, 61, 47, 48, 45, 64, 45, 42, 55, 46, 49, 40, 53, 60, 55, 54, 49, 53, 44, 56, 51, 49, 48, 51, 50, 47, 52, 53, 63, 52, 46, 51, 48, 48, 48, 59, 53, 61, 53, 59, 45, 48, 65, 53, 35, 40, 34, 59, 42, 58, 42, 46, 45, 47, 43, 45, 56, 46, 44, 56, 52, 42, 57, 61, 49, 41, 47, 47, 33, 52, 54, 52, 58, 49, 44, 45, 57, 49, 62, 50, 40, 67, 40, 46]",1129.1865470409393,,,,,"[nan, nan]",,"[9.27809755419962, 18.52936012579407, 24.54287360787354]","(1024, 512)",0.1,335340.16015625,local,15625.0,"[0.6103701875, 0.874866875]","[0.5063392923786119, 0.5211068875582516]",,0.0,"[0.6103701875, 0.874866875]",,,,"[None, None, 7.159404218086259e-06, 0.00015447842760382577]",,,,,,,,
g20c_c100f_wide_k5000_static,1,ctx,5000,random,local,True,0.0819,0.0,"[48, 40, 54, 56, 54, 40, 50, 49, 51, 44, 59, 44, 45, 61, 45, 55, 50, 52, 42, 50, 56, 57, 46, 49, 40, 50, 47, 43, 46, 49, 44, 54, 54, 55, 51, 47, 50, 53, 49, 40, 54, 58, 57, 48, 57, 42, 42, 52, 47, 58, 46, 49, 37, 61, 49, 52, 55, 50, 50, 50, 57, 44, 54, 43, 49, 58, 47, 52, 47, 55, 52, 49, 47, 50, 47, 61, 35, 40, 56, 60, 49, 57, 58, 46, 55, 52, 41, 50, 45, 53, 46, 61, 51, 55, 54, 50, 60, 43, 42, 46]",1114.0302603244781,,,,,"[nan, nan]",,"[9.27809755419962, 18.152232738848014, 24.652158271425726]","(1024, 512)",0.1,335340.16015625,local,15625.0,"[0.603433875, 0.858014375]","[0.5066973596339672, 0.5212212017729282]",,0.0,"[0.603433875, 0.858014375]",,,,"[None, None, 1.1954489717751962e-05, 0.00012177254965053921]",,,,,,,,
g20c_c100f_wide_k5000_static,2,ctx,5000,random,local,True,0.0754,0.0,"[47, 45, 48, 48, 49, 59, 52, 51, 46, 50, 41, 50, 57, 54, 46, 55, 56, 48, 47, 43, 49, 43, 51, 51, 58, 42, 60, 62, 49, 47, 56, 50, 61, 37, 58, 46, 50, 44, 46, 30, 54, 46, 48, 52, 45, 44, 58, 50, 45, 47, 43, 67, 48, 46, 56, 43, 44, 59, 43, 55, 57, 50, 47, 45, 46, 58, 55, 49, 54, 55, 54, 46, 54, 48, 52, 50, 53, 52, 53, 57, 48, 45, 59, 47, 44, 49, 45, 57, 55, 52, 42, 47, 49, 53, 57, 52, 53, 42, 40, 54]",1056.4652330875397,,,,,"[nan, nan]",,"[9.27809755419962, 19.311307873358675, 30.90178465198152]","(1024, 512)",0.1,335340.16015625,local,15625.0,"[0.6078376875, 0.873516625]","[0.5066469889621734, 0.522048238398552]",,0.0,"[0.6078376875, 0.873516625]",,,,"[None, None, 7.257714780976186e-06, 0.00014969367669948822]",,,,,,,,
g20c_c100f_wide,0,ctx,1000,random,local,False,0.0633,0.20600000000000002,"[8, 14, 11, 5, 13, 9, 7, 11, 11, 7, 14, 13, 9, 6, 12, 12, 15, 9, 12, 8, 13, 10, 13, 10, 5, 13, 7, 9, 13, 6, 18, 17, 8, 12, 13, 9, 13, 9, 7, 6, 11, 8, 20, 7, 14, 10, 5, 5, 9, 7, 12, 10, 10, 8, 9, 10, 10, 11, 6, 13, 9, 13, 19, 5, 11, 6, 12, 9, 16, 4, 7, 13, 10, 9, 12, 11, 9, 10, 4, 10, 10, 8, 9, 10, 6, 8, 8, 8, 6, 9, 16, 8, 16, 7, 7, 10, 9, 10, 9, 15]",1148.8580946922302,,,,,"[0.9229725455695207, 0.9586856474785124]",1.0,"[9.27809755419962, 13.53039794403124, 15.056152407086504]","(1024, 512)",0.1,335340.16015625,local,15650.0,"[0.6299925743809904, 0.8242264876198083]","[0.5049572140035538, 0.5336818867150587]",,0.0,"[0.6299925743809904, 0.8242264876198083]",,,,"[None, None, 3.405157500041227e-05, 7.585078310838601e-05]",,,,,,,,
g20c_c100f_wide,1,ctx,1000,random,local,False,0.0684,0.21611111111111114,"[10, 15, 17, 13, 14, 10, 13, 8, 9, 10, 13, 10, 12, 6, 8, 8, 14, 7, 16, 10, 4, 14, 14, 8, 12, 11, 5, 9, 6, 12, 9, 7, 11, 9, 5, 5, 6, 13, 9, 13, 7, 10, 8, 12, 10, 13, 7, 14, 7, 14, 5, 9, 10, 12, 13, 5, 14, 10, 9, 13, 11, 9, 16, 14, 8, 19, 8, 7, 10, 8, 9, 11, 10, 12, 16, 4, 14, 8, 11, 10, 7, 11, 8, 15, 9, 7, 6, 6, 11, 9, 2, 9, 7, 8, 10, 12, 8, 13, 9, 11]",1062.5974395275116,,,,,"[0.9353631627938723, 0.9777926478979113]",1.0,"[9.27809755419962, 15.186827910733498, 15.155333816098308]","(1024, 512)",0.1,335340.16015625,local,15650.0,"[0.6305580446285942, 0.8242031499600639]","[0.5048710400131963, 0.5373553123286429]",,0.0,"[0.6305580446285942, 0.8242031499600639]",,,,"[None, None, 3.5496028356073884e-05, 7.688234502118029e-05]",,,,,,,,
g20c_c100f_wide,2,ctx,1000,random,local,False,0.0683,0.19399999999999998,"[12, 13, 11, 11, 7, 8, 15, 8, 14, 9, 11, 5, 6, 10, 7, 7, 13, 12, 8, 6, 13, 9, 10, 13, 9, 11, 8, 13, 8, 11, 10, 6, 12, 13, 8, 12, 6, 11, 8, 13, 10, 11, 5, 13, 13, 9, 9, 5, 9, 12, 7, 10, 11, 12, 7, 8, 7, 13, 11, 7, 10, 5, 8, 10, 8, 12, 14, 8, 12, 10, 12, 11, 21, 12, 13, 10, 6, 5, 5, 13, 8, 12, 6, 8, 11, 13, 13, 10, 13, 18, 17, 6, 9, 7, 9, 7, 15, 13, 6, 8]",513.7877230644226,,,,,"[0.9391918639911813, 0.9590176978302829]",1.0,"[9.27809755419962, 15.586039352010095, 21.878118940402075]","(1024, 512)",0.1,335340.16015625,local,15650.0,"[0.6304663787939297, 0.8219621106230032]","[0.504817178584189, 0.5379968456072977]",,0.0,"[0.6304663787939297, 0.8219621106230032]",,,,"[None, None, 3.6006037445315194e-05, 8.266888139364354e-05]",,,,,,,,
g20c_c100f_wide_static,0,ctx,1000,random,local,True,0.0751,0.0,"[17, 5, 15, 11, 7, 15, 12, 8, 16, 7, 12, 11, 14, 6, 7, 8, 7, 10, 11, 8, 8, 15, 7, 6, 8, 10, 11, 13, 5, 5, 7, 11, 15, 12, 10, 4, 13, 10, 6, 14, 8, 9, 12, 15, 9, 11, 9, 5, 13, 6, 14, 11, 11, 10, 8, 13, 12, 7, 6, 13, 7, 11, 10, 9, 12, 12, 11, 9, 11, 12, 10, 11, 6, 5, 11, 11, 5, 14, 8, 9, 10, 8, 16, 6, 15, 6, 13, 18, 10, 11, 9, 7, 11, 11, 11, 8, 8, 8, 11, 10]",1134.1869931221008,,,,,"[nan, nan]",,"[9.27809755419962, 20.066978752696496, 25.017892635348684]","(1024, 512)",0.1,335340.16015625,local,15625.0,"[0.611367375, 0.867277625]","[0.504808706704326, 0.546501340931207]",,0.0,"[0.611367375, 0.867277625]",,,,"[None, None, 2.0194985136893553e-05, 0.00012793300809091273]",,,,,,,,
g20c_c100f_wide_static,1,ctx,1000,random,local,True,0.0774,0.0,"[15, 13, 10, 8, 3, 2, 12, 8, 9, 9, 13, 13, 4, 10, 5, 7, 9, 11, 9, 10, 18, 9, 10, 13, 12, 9, 9, 14, 9, 13, 13, 5, 14, 9, 11, 15, 7, 12, 10, 9, 10, 8, 8, 15, 11, 9, 9, 10, 11, 11, 6, 7, 9, 16, 9, 10, 9, 12, 12, 8, 7, 11, 6, 12, 8, 10, 11, 11, 6, 10, 8, 12, 7, 6, 13, 8, 9, 6, 9, 13, 13, 7, 6, 8, 11, 12, 10, 16, 7, 11, 14, 13, 14, 13, 9, 18, 7, 11, 5, 11]",496.0689146518707,,,,,"[nan, nan]",,"[9.27809755419962, 26.644645584456903, 29.77424618036431]","(1024, 512)",0.1,335340.16015625,local,15625.0,"[0.61088275, 0.8468775]","[0.5049262393737286, 0.5414285218374729]",,0.0,"[0.61088275, 0.8468775]",,,,"[None, None, 2.502741989219916e-05, 9.177932350914373e-05]",,,,,,,,
g20c_c100f_wide_static,2,ctx,1000,random,local,True,0.0735,0.0,"[10, 7, 9, 16, 10, 7, 11, 15, 16, 12, 6, 6, 12, 6, 11, 10, 13, 14, 12, 10, 4, 5, 8, 10, 9, 8, 9, 13, 9, 6, 3, 9, 18, 14, 14, 18, 6, 12, 14, 6, 18, 9, 8, 10, 7, 16, 6, 6, 9, 14, 9, 12, 16, 7, 13, 7, 7, 11, 11, 5, 4, 7, 11, 11, 6, 9, 9, 10, 4, 5, 4, 8, 12, 14, 9, 12, 17, 14, 7, 9, 9, 13, 10, 12, 8, 10, 10, 8, 14, 13, 16, 8, 8, 12, 13, 9, 15, 6, 7, 8]",498.49904918670654,,,,,"[nan, nan]",,"[9.27809755419962, 27.32830174977448, 31.125566476603137]","(1024, 512)",0.1,335340.16015625,local,15625.0,"[0.603719, 0.8665795]","[0.5054815815410614, 0.5585012097196579]",,0.0,"[0.603719, 0.8665795]",,,,"[None, None, 2.3469170778755966e-05, 0.00010996579553923558]",,,,,,,,
g21_diag_adam5,0,ctx,1000,random,local,False,0.9078,0.07601959118365187,"[110, 110, 96, 111, 95, 83, 105, 105, 100, 85]",1035.5417087078094,,,,,"[0.7751778100552266, 0.6013030366435912]",0.79223686439895,"[62.34277391311201, 20.693640933112153, 12.982912564924412]","(512, 256)",0.05,112257.65270996094,local,18760.0,"[0.8604358925239872, 0.8950313999200427]","[0.5221729379083747, 0.5424005227393782]",,0.0,"[0.8604358925239872, 0.8950313999200427]",,,"{'epochs_per_task': 5, 'batch': 256, 'nrem_batches': 20, 'nrem_gain': 3.0, 'val': False}",,"[0.013850769286644884, 0.0011196250890268447, 0.010055589400279497, 0.00013832055263842807, 0.00041119321145172887]",0.08430410072207449,18760.0,,,,,
g21_diag_free,0,ctx,1000,random,local,False,0.9197,0.05462743749238072,"[110, 110, 96, 111, 95, 83, 105, 105, 100, 85]",773.3679327964783,,,,,"[0.9072941216615487, 0.733767477349184]",0.79223686439895,"[62.34277391311201, 10.95849750362408, 8.823549096771867]","(512, 256)",0.1,114307.67224121094,local,18760.0,"[0.6851830065631663, 0.8374050506396589]","[0.5057945707939994, 0.537837897411494]",,0.0,"[0.6851830065631663, 0.8374050506396589]",,,"{'epochs_per_task': 5, 'batch': 256, 'nrem_batches': 20, 'nrem_gain': 3.0, 'val': False}",,"[0.01816144384011112, 0.0027377990997835265, 0.0036313965884861407, 2.8717886782618663e-05, 0.000189543076391731]",0.10864171721041202,18760.0,,,,,
g21_diag_isolated,0,ctx,1000,random,local,False,0.92,0.06561389075823179,"[110, 110, 96, 111, 95, 83, 105, 105, 100, 85]",732.6478228569031,,,,,"[0.9165650986564614, 0.7353690083082226]",0.79223686439895,"[62.34277391311201, 10.160975119950708, 9.065527095725576]","(512, 256)",0.1,114307.67224121094,local,18760.0,"[0.6857515575026653, 0.8429777035581023]","[0.5049904611529604, 0.5212000494382021]",,0.0,"[0.6857515575026653, 0.8429777035581023]",,,"{'epochs_per_task': 5, 'batch': 256, 'nrem_batches': 20, 'nrem_gain': 3.0, 'val': False}",,"[0.0009518264733286682, 6.663113006396588e-06, 0.0021321961620469083, 2.4871321021219782e-05, 8.935782959613242e-05]",0.0466869049891826,18760.0,,,,,
g22_sgd0_e02,0,ctx,1000,random,local,False,0.098,0.0,"[110, 110, 96, 111, 95, 83, 105, 105, 100, 85]",360.8551800251007,,,,,"[0.0, 0.0]",0.79223686439895,"[62.34277391311183, 0.0, 0.0]","(512, 256)",0.1,110130.83239746094,local,18760.0,"[0.9331488830956823, 0.9630259694829424]","[0.07510835626549812, 0.07682636884896994]",,0.0,"[0.9331488830956823, 0.9630259694829424]",,,"{'epochs_per_task': 5, 'batch': 256, 'nrem_batches': 20, 'nrem_gain': 3.0, 'val': False}",,,,0.0,4,,,,
g22_sgd0_e05_static,0,ctx,1000,random,local,True,0.098,0.0,"[90, 98, 111, 100, 98, 97, 113, 109, 91, 93]",365.2911982536316,,,,,"[nan, nan]",,"[62.34277391311183, 0.0, 0.0]","(512, 256)",0.1,110130.83239746094,local,18750.0,"[0.7578120833333334, 0.8988022916666667]","[0.2660378047736486, 0.30396730979363124]",,0.0,"[0.7578120833333334, 0.8988022916666667]",,,"{'epochs_per_task': 5, 'batch': 256, 'nrem_batches': 20, 'nrem_gain': 3.0, 'val': False}",,,,0.0,4,,,,
g22_sgd0_e2,0,ctx,1000,random,local,False,0.1135,0.0,"[110, 110, 96, 111, 95, 83, 105, 105, 100, 85]",355.815589427948,,,,,"[0.0, 0.0]",0.79223686439895,"[62.34277391311183, 0.0, 0.0]","(512, 256)",0.1,110130.83239746094,local,18760.0,"[0.9824482151186034, 0.9931688516124734]","[0.020076951251895445, 0.02056340853622092]",,0.0,"[0.9824482151186034, 0.9931688516124734]",,,"{'epochs_per_task': 5, 'batch': 256, 'nrem_batches': 20, 'nrem_gain': 3.0, 'val': False}",,,,0.0,4,,,,
g22_sgd0_e4,0,ctx,1000,random,local,False,0.098,0.0,"[110, 110, 96, 111, 95, 83, 105, 105, 100, 85]",357.0728163719177,,,,,"[0.0, 0.0]",0.79223686439895,"[62.34277391311183, 0.0, 0.0]","(512, 256)",0.1,110130.83239746094,local,18760.0,"[0.9996861049107143, 0.9997830323827293]","[0.000345031629556786, 0.0003853573791507973]",,0.0,"[0.9996861049107143, 0.9997830323827293]",,,"{'epochs_per_task': 5, 'batch': 256, 'nrem_batches': 20, 'nrem_gain': 3.0, 'val': False}",,,,0.0,4,,,,
g22b_sgd0_e1_g01,0,ctx,1000,random,local,False,0.4062,0.273984454701085,"[110, 110, 96, 111, 95, 83, 105, 105, 100, 85]",388.5170180797577,,,,,"[0.6008514989026997, 0.9453658536585365]",0.79223686439895,"[62.34277391311183, 6.536012184108019, 2.4480771752973824]","(512, 256)",0.1,114307.67224121094,local,18760.0,"[0.5330194729477612, 0.8711533015724947]","[0.5172766905818095, 0.5007897493987481]",,0.0,"[0.5330194729477612, 0.8711533015724947]",,,"{'epochs_per_task': 5, 'batch': 256, 'nrem_batches': 20, 'nrem_gain': 3.0, 'val': False}",,,,0.0,4,,,,
g22b_sgd0_e1_g01,1,ctx,1000,random,local,False,0.381,0.2811834954083482,"[98, 104, 90, 109, 99, 79, 109, 124, 95, 93]",372.94456028938293,,,,,"[0.5805682182588656, 0.9400000000000001]",0.79223686439895,"[62.34277391311183, 6.351260472375541, 2.314733794588836]","(512, 256)",0.1,114307.67224121094,local,18760.0,"[0.5345314790445096, 0.8728698860607675]","[0.5185810725246348, 0.500998474952322]",,0.0,"[0.5345314790445096, 0.8728698860607675]",,,"{'epochs_per_task': 5, 'batch': 256, 'nrem_batches': 20, 'nrem_gain': 3.0, 'val': False}",,,,0.0,4,,,,
g22b_sgd0_e1_g01,2,ctx,1000,random,local,False,0.3279,0.4008662836858148,"[100, 128, 99, 103, 109, 100, 85, 93, 92, 91]",377.8193919658661,,,,,"[0.5930279031733205, 0.9435215946843852]",0.79223686439895,"[62.34277391311183, 5.761142266225213, 1.9343315286132672]","(512, 256)",0.1,114307.67224121094,local,18760.0,"[0.535981018456823, 0.8714015025319829]","[0.5174212882131302, 0.5008900174238622]",,0.0,"[0.535981018456823, 0.8714015025319829]",,,"{'epochs_per_task': 5, 'batch': 256, 'nrem_batches': 20, 'nrem_gain': 3.0, 'val': False}",,,,0.0,4,,,,
g22b_sgd0_e1_g01_static,0,ctx,1000,random,local,True,0.162,0.0,"[90, 98, 111, 100, 98, 97, 113, 109, 91, 93]",378.82817029953003,,,,,"[nan, nan]",,"[62.34277391311183, 9.773439522649022, 1.0099682102328005]","(512, 256)",0.1,114307.67224121094,local,18750.0,"[0.5171615625, 0.8704885416666667]","[0.5105449667072296, 0.5021183645693461]",,0.0,"[0.5171615625, 0.8704885416666667]",,,"{'epochs_per_task': 5, 'batch': 256, 'nrem_batches': 20, 'nrem_gain': 3.0, 'val': False}",,,,0.0,4,,,,
g22b_sgd0_e1_g01_static,1,ctx,1000,random,local,True,0.1862,0.0,"[100, 108, 109, 93, 95, 95, 78, 94, 114, 114]",378.72164487838745,,,,,"[nan, nan]",,"[62.34277391311183, 4.167708089485986, 1.0084834811400187]","(512, 256)",0.1,114307.67224121094,local,18750.0,"[0.5181791666666666, 0.8581997916666667]","[0.5105690195846557, 0.502208512489001]",,0.0,"[0.5181791666666666, 0.8581997916666667]",,,"{'epochs_per_task': 5, 'batch': 256, 'nrem_batches': 20, 'nrem_gain': 3.0, 'val': False}",,,,0.0,4,,,,
g22b_sgd0_e1_g01_static,2,ctx,1000,random,local,True,0.157,0.0,"[114, 96, 93, 106, 84, 104, 106, 104, 89, 104]",357.0691509246826,,,,,"[nan, nan]",,"[62.34277391311183, 5.809166222790642, 1.0021855597793103]","(512, 256)",0.1,114307.67224121094,local,18750.0,"[0.5189075, 0.8609354166666666]","[0.5113196448197465, 0.5025990951697031]",,0.0,"[0.5189075, 0.8609354166666666]",,,"{'epochs_per_task': 5, 'batch': 256, 'nrem_batches': 20, 'nrem_gain': 3.0, 'val': False}",,,,0.0,4,,,,
g22b_sgd0_e1_g03,0,ctx,1000,random,local,False,0.8087,-0.026138772456367004,"[110, 110, 96, 111, 95, 83, 105, 105, 100, 85]",414.85431265830994,,,,,"[0.581985738017991, 0.9584670231729054]",0.79223686439895,"[62.34277391311183, 9.107669335605086, 5.657459989580161]","(512, 256)",0.1,114307.67224121094,local,18760.0,"[0.5368435792577292, 0.8776394256396588]","[0.5178185582669305, 0.5004783842087126]",,0.0,"[0.5368435792577292, 0.8776394256396588]",,,"{'epochs_per_task': 5, 'batch': 256, 'nrem_batches': 20, 'nrem_gain': 3.0, 'val': False}",,,,0.0,4,,,,
g22b_sgd0_e1_g03,1,ctx,1000,random,local,False,0.8343,0.0031909959145325906,"[98, 104, 90, 109, 99, 79, 109, 124, 95, 93]",366.7963602542877,,,,,"[0.5967230044061049, 0.9250631313131313]",0.79223686439895,"[62.34277391311183, 9.577716336085768, 5.939618602124089]","(512, 256)",0.1,114307.67224121094,local,18760.0,"[0.5387550598014392, 0.8788394106476546]","[0.5195183526613374, 0.5012409283092488]",,0.0,"[0.5387550598014392, 0.8788394106476546]",,,"{'epochs_per_task': 5, 'batch': 256, 'nrem_batches': 20, 'nrem_gain': 3.0, 'val': False}",,,,0.0,4,,,,
g22b_sgd0_e1_g03,2,ctx,1000,random,local,False,0.8268,-0.02175036563322791,"[100, 128, 99, 103, 109, 100, 85, 93, 92, 91]",373.81762504577637,,,,,"[0.5939829761920329, 0.8023060258465238]",0.79223686439895,"[62.34277391311183, 9.669247913983202, 5.789153031693343]","(512, 256)",0.1,114307.67224121094,local,18760.0,"[0.5403679495935501, 0.8788762659914712]","[0.5177440640680281, 0.5008960612021934]",,0.0,"[0.5403679495935501, 0.8788762659914712]",,,"{'epochs_per_task': 5, 'batch': 256, 'nrem_batches': 20, 'nrem_gain': 3.0, 'val': False}",,,,0.0,4,,,,
g22b_sgd0_e1_g03_static,0,ctx,1000,random,local,True,0.8653,0.0,"[90, 98, 111, 100, 98, 97, 113, 109, 91, 93]",381.064653635025,,,,,"[nan, nan]",,"[62.34277391311183, 11.270601614347983, 7.5722078761275835]","(512, 256)",0.1,114307.67224121094,local,18750.0,"[0.5240840625, 0.8411504166666667]","[0.511323428662618, 0.5019498825112979]",,0.0,"[0.5240840625, 0.8411504166666667]",,,"{'epochs_per_task': 5, 'batch': 256, 'nrem_batches': 20, 'nrem_gain': 3.0, 'val': False}",,,,0.0,4,,,,
g22b_sgd0_e1_g03_static,1,ctx,1000,random,local,True,0.7769,0.0,"[100, 108, 109, 93, 95, 95, 78, 94, 114, 114]",365.98279571533203,,,,,"[nan, nan]",,"[62.34277391311183, 9.301482427347054, 5.557364533620721]","(512, 256)",0.1,114307.67224121094,local,18750.0,"[0.5241582291666667, 0.843668125]","[0.5114901216300328, 0.5017696698967615]",,0.0,"[0.5241582291666667, 0.843668125]",,,"{'epochs_per_task': 5, 'batch': 256, 'nrem_batches': 20, 'nrem_gain': 3.0, 'val': False}",,,,0.0,4,,,,
g22b_sgd0_e1_g03_static,2,ctx,1000,random,local,True,0.7974,0.0,"[114, 96, 93, 106, 84, 104, 106, 104, 89, 104]",367.4441041946411,,,,,"[nan, nan]",,"[62.34277391311183, 10.68988248202862, 6.874391882977406]","(512, 256)",0.1,114307.67224121094,local,18750.0,"[0.5248420833333334, 0.8457502083333334]","[0.5121198725682994, 0.5019953015851975]",,0.0,"[0.5248420833333334, 0.8457502083333334]",,,"{'epochs_per_task': 5, 'batch': 256, 'nrem_batches': 20, 'nrem_gain': 3.0, 'val': False}",,,,0.0,4,,,,
g22b_sgd0_e1_g1,0,ctx,1000,random,local,False,0.098,0.0,"[110, 110, 96, 111, 95, 83, 105, 105, 100, 85]",363.1446108818054,,,,,"[0.0, 0.0]",0.79223686439895,"[62.34277391311183, 0.0, 0.0]","(512, 256)",0.1,110130.83239746094,local,18760.0,"[0.9232897662913113, 0.9638653134994669]","[0.08680472987165837, 0.08897655108558343]",,0.0,"[0.9232897662913113, 0.9638653134994669]",,,"{'epochs_per_task': 5, 'batch': 256, 'nrem_batches': 20, 'nrem_gain': 3.0, 'val': False}",,,,0.0,4,,,,
g22b_sgd0_e1_g1,1,ctx,1000,random,local,False,0.098,0.0,"[98, 104, 90, 109, 99, 79, 109, 124, 95, 93]",366.1295745372772,,,,,"[0.0, 0.0]",0.79223686439895,"[62.34277391311183, 0.0, 0.0]","(512, 256)",0.1,110130.83239746094,local,18760.0,"[0.8653090226878998, 0.9333684534914712]","[0.1547476831132542, 0.16615222069436808]",,0.0,"[0.8653090226878998, 0.9333684534914712]",,,"{'epochs_per_task': 5, 'batch': 256, 'nrem_batches': 20, 'nrem_gain': 3.0, 'val': False}",,,,0.0,4,,,,
g22b_sgd0_e1_g1,2,ctx,1000,random,local,False,0.1135,-0.13416075650118203,"[100, 128, 99, 103, 109, 100, 85, 93, 92, 91]",360.08343863487244,,,,,"[0.0, 0.0]",0.79223686439895,"[62.34277391311183, 0.0, 0.0]","(512, 256)",0.1,110130.83239746094,local,18760.0,"[0.899542015091951, 0.9525459338352879]","[0.11484298609297172, 0.12398779211230258]",,0.0,"[0.899542015091951, 0.9525459338352879]",,,"{'epochs_per_task': 5, 'batch': 256, 'nrem_batches': 20, 'nrem_gain': 3.0, 'val': False}",,,,0.0,4,,,,
g22b_sgd0_e1_g1_static,0,ctx,1000,random,local,True,0.9078,0.0,"[90, 98, 111, 100, 98, 97, 113, 109, 91, 93]",421.00137305259705,,,,,"[nan, nan]",,"[62.34277391311183, 12.45337944281051, 8.702286378604455]","(512, 256)",0.1,114307.67224121094,local,18750.0,"[0.5415347916666666, 0.8259622916666667]","[0.5122305485137304, 0.5020655118934313]",,0.0,"[0.5415347916666666, 0.8259622916666667]",,,"{'epochs_per_task': 5, 'batch': 256, 'nrem_batches': 20, 'nrem_gain': 3.0, 'val': False}",,,,0.0,4,,,,
g22b_sgd0_e1_g1_static,1,ctx,1000,random,local,True,0.9042,0.0,"[100, 108, 109, 93, 95, 95, 78, 94, 114, 114]",372.20339703559875,,,,,"[nan, nan]",,"[62.34277391311183, 13.7014111633905, 9.521208219690001]","(512, 256)",0.1,114307.67224121094,local,18750.0,"[0.5353984375, 0.850800625]","[0.5119323246590296, 0.5009714377832413]",,0.0,"[0.5353984375, 0.850800625]",,,"{'epochs_per_task': 5, 'batch': 256, 'nrem_batches': 20, 'nrem_gain': 3.0, 'val': False}",,,,0.0,4,,,,
g22b_sgd0_e1_g1_static,2,ctx,1000,random,local,True,0.9093,0.0,"[114, 96, 93, 106, 84, 104, 106, 104, 89, 104]",379.14775562286377,,,,,"[nan, nan]",,"[62.34277391311183, 14.487510915883844, 8.796821197152896]","(512, 256)",0.1,114307.67224121094,local,18750.0,"[0.53868875, 0.8374745833333334]","[0.5134258712592225, 0.5019674582656225]",,0.0,"[0.53868875, 0.8374745833333334]",,,"{'epochs_per_task': 5, 'batch': 256, 'nrem_batches': 20, 'nrem_gain': 3.0, 'val': False}",,,,0.0,4,,,,
g22b_sgd0_e2_g01,0,ctx,1000,random,local,False,0.7985,0.16873654697938645,"[110, 110, 96, 111, 95, 83, 105, 105, 100, 85]",383.89569330215454,,,,,"[0.5751328655640118, 0.9120879120879121]",0.79223686439895,"[62.34277391311183, 10.30963826687066, 6.236976224953093]","(512, 256)",0.1,114307.67224121094,local,18760.0,"[0.5392499000533049, 0.842733667044243]","[0.5175792725697191, 0.5062422964062645]",,0.0,"[0.5392499000533049, 0.842733667044243]",,,"{'epochs_per_task': 5, 'batch': 256, 'nrem_batches': 20, 'nrem_gain': 3.0, 'val': False}",,,,0.0,4,,,,
g22b_sgd0_e2_g01,1,ctx,1000,random,local,False,0.8379,0.10045736314694029,"[98, 104, 90, 109, 99, 79, 109, 124, 95, 93]",368.5785779953003,,,,,"[0.5579054775458456, 0.9325995807127881]",0.79223686439895,"[62.34277391311183, 9.609855094829856, 6.037668786145916]","(512, 256)",0.1,114307.67224121094,local,18760.0,"[0.5399547324760128, 0.8459865155250533]","[0.5188820455024745, 0.5064120766968885]",,0.0,"[0.5399547324760128, 0.8459865155250533]",,,"{'epochs_per_task': 5, 'batch': 256, 'nrem_batches': 20, 'nrem_gain': 3.0, 'val': False}",,,,0.0,4,,,,
g22b_sgd0_e2_g01,2,ctx,1000,random,local,False,0.8733,0.06463339481093547,"[100, 128, 99, 103, 109, 100, 85, 93, 92, 91]",369.3918285369873,,,,,"[0.5947141073571462, 0.8966865375062097]",0.79223686439895,"[62.34277391311183, 9.966214287515497, 5.95500397428432]","(512, 256)",0.1,114307.67224121094,local,18760.0,"[0.5419163945895522, 0.8465168576759062]","[0.517578492566895, 0.5036458112463268]",,0.0,"[0.5419163945895522, 0.8465168576759062]",,,"{'epochs_per_task': 5, 'batch': 256, 'nrem_batches': 20, 'nrem_gain': 3.0, 'val': False}",,,,0.0,4,,,,
g22b_sgd0_e2_g01_static,0,ctx,1000,random,local,True,0.7666,0.0,"[90, 98, 111, 100, 98, 97, 113, 109, 91, 93]",372.87533378601074,,,,,"[nan, nan]",,"[62.34277391311183, 7.591238109565611, 6.145845482591837]","(512, 256)",0.1,114307.67224121094,local,18750.0,"[0.52186125, 0.843298125]","[0.5112310187609991, 0.5014545769413312]",,0.0,"[0.52186125, 0.843298125]",,,"{'epochs_per_task': 5, 'batch': 256, 'nrem_batches': 20, 'nrem_gain': 3.0, 'val': False}",,,,0.0,4,,,,
g22b_sgd0_e2_g01_static,1,ctx,1000,random,local,True,0.7592,0.0,"[100, 108, 109, 93, 95, 95, 78, 94, 114, 114]",375.58062624931335,,,,,"[nan, nan]",,"[62.34277391311183, 7.622104489107432, 6.096719799341146]","(512, 256)",0.1,114307.67224121094,local,18750.0,"[0.5231257291666667, 0.8363477083333334]","[0.5111860198545456, 0.5017209429041545]",,0.0,"[0.5231257291666667, 0.8363477083333334]",,,"{'epochs_per_task': 5, 'batch': 256, 'nrem_batches': 20, 'nrem_gain': 3.0, 'val': False}",,,,0.0,4,,,,
g22b_sgd0_e2_g01_static,2,ctx,1000,random,local,True,0.7323,0.0,"[114, 96, 93, 106, 84, 104, 106, 104, 89, 104]",365.9605612754822,,,,,"[nan, nan]",,"[62.34277391311183, 7.619535431886355, 6.128134098426028]","(512, 256)",0.1,114307.67224121094,local,18750.0,"[0.5236002083333333, 0.8440960416666666]","[0.5119603444225093, 0.5018692629257838]",,0.0,"[0.5236002083333333, 0.8440960416666666]",,,"{'epochs_per_task': 5, 'batch': 256, 'nrem_batches': 20, 'nrem_gain': 3.0, 'val': False}",,,,0.0,4,,,,
g22b_sgd0_e2_g03_kad,0,ctx,1000,random,local,False,0.918,0.03603224690976911,"[110, 110, 96, 111, 95, 83, 105, 105, 100, 85]",380.3916642665863,,,,,"[0.6228305587932258, 0.8400597784031085]",0.79223686439895,"[62.34277391311183, 19.372491277698607, 8.58575030999829]","(512, 256)",0.1,114307.67224121094,local,18760.0,"[0.5418130122268123, 0.7561248584088486]","[0.5186932460418833, 0.5162100861019798]",,0.0,"[0.5418130122268123, 0.7561248584088486]",,,"{'epochs_per_task': 5, 'batch': 256, 'nrem_batches': 20, 'nrem_gain': 3.0, 'val': False}","[None, None, 0.00010876943259458913, 0.000728678254315429]",,,0.0,4,,,,
g22b_sgd0_e2_g03_kad,1,ctx,1000,random,local,False,0.9145,0.03442237108517193,"[98, 104, 90, 109, 99, 79, 109, 124, 95, 93]",384.5523331165314,,,,,"[0.5911132855816954, 0.7932684817202658]",0.79223686439895,"[62.34277391311183, 22.04652157106682, 8.626300307603335]","(512, 256)",0.1,114307.67224121094,local,18760.0,"[0.5412421708422175, 0.7416929720815565]","[0.5196648844412523, 0.5238139908649584]",,0.0,"[0.5412421708422175, 0.7416929720815565]",,,"{'epochs_per_task': 5, 'batch': 256, 'nrem_batches': 20, 'nrem_gain': 3.0, 'val': False}","[None, None, 5.0168747660817993e-05, 0.000622296006373271]",,,0.0,4,,,,
g22b_sgd0_e2_g03_kad,2,ctx,1000,random,local,False,0.9191,0.036144832689154166,"[100, 128, 99, 103, 109, 100, 85, 93, 92, 91]",365.81052803993225,,,,,"[0.6195058071835102, 0.8398574912336849]",0.79223686439895,"[62.34277391311183, 20.631016808671042, 8.873215225465866]","(512, 256)",0.1,114307.67224121094,local,18760.0,"[0.5465544417977078, 0.7486788296242004]","[0.5189653562591238, 0.5200386889677034]",,0.0,"[0.5465544417977078, 0.7486788296242004]",,,"{'epochs_per_task': 5, 'batch': 256, 'nrem_batches': 20, 'nrem_gain': 3.0, 'val': False}","[None, None, 8.158129025594373e-05, 0.0008200395203585647]",,,0.0,4,,,,
g22b_sgd0_e2_g03_kad_static,0,ctx,1000,random,local,True,0.9137,0.0,"[90, 98, 111, 100, 98, 97, 113, 109, 91, 93]",423.3160891532898,,,,,"[nan, nan]",,"[62.34277391311183, 15.037597908558046, 8.922358972381389]","(512, 256)",0.1,114307.67224121094,local,18750.0,"[0.537590625, 0.6936397916666667]","[0.5119233937374751, 0.5087709173591932]",,0.0,"[0.537590625, 0.6936397916666667]",,,"{'epochs_per_task': 5, 'batch': 256, 'nrem_batches': 20, 'nrem_gain': 3.0, 'val': False}","[None, None, 0.0001402865600336032, 0.0022979574802965163]",,,0.0,4,,,,
g22b_sgd0_e2_g03_kad_static,1,ctx,1000,random,local,True,0.914,0.0,"[100, 108, 109, 93, 95, 95, 78, 94, 114, 114]",372.73837447166443,,,,,"[nan, nan]",,"[62.34277391311183, 14.323178688707943, 9.08342224812215]","(512, 256)",0.1,114307.67224121094,local,18750.0,"[0.5369905208333333, 0.684326875]","[0.5118865792751313, 0.5105040692488353]",,0.0,"[0.5369905208333333, 0.684326875]",,,"{'epochs_per_task': 5, 'batch': 256, 'nrem_batches': 20, 'nrem_gain': 3.0, 'val': False}","[None, None, 0.0002053663829366872, 0.0016067498788826004]",,,0.0,4,,,,
g22b_sgd0_e2_g03_kad_static,2,ctx,1000,random,local,True,0.9142,0.0,"[114, 96, 93, 106, 84, 104, 106, 104, 89, 104]",379.6858353614807,,,,,"[nan, nan]",,"[62.34277391311183, 13.873437841758196, 8.87644718577228]","(512, 256)",0.1,114307.67224121094,local,18750.0,"[0.5380271875, 0.6768916666666667]","[0.5130404183020691, 0.5136551520697276]",,0.0,"[0.5380271875, 0.6768916666666667]",,,"{'epochs_per_task': 5, 'batch': 256, 'nrem_batches': 20, 'nrem_gain': 3.0, 'val': False}","[None, None, 8.731680352960042e-05, 0.003058765312284344]",,,0.0,4,,,,
g22b_sgd0_e2_g03,0,ctx,1000,random,local,False,0.8967,0.051782209536534535,"[110, 110, 96, 111, 95, 83, 105, 105, 100, 85]",415.5669057369232,,,,,"[0.6139220622109784, 0.9217864923747277]",0.79223686439895,"[62.34277391311183, 12.036435622041655, 7.120716061890405]","(512, 256)",0.1,114307.67224121094,local,18760.0,"[0.5445387460021321, 0.8666203025053305]","[0.5182214609182465, 0.5025898357365789]",,0.0,"[0.5445387460021321, 0.8666203025053305]",,,"{'epochs_per_task': 5, 'batch': 256, 'nrem_batches': 20, 'nrem_gain': 3.0, 'val': False}",,,,0.0,4,,,,
g22b_sgd0_e2_g03,1,ctx,1000,random,local,False,0.8967,0.043744594242336315,"[98, 104, 90, 109, 99, 79, 109, 124, 95, 93]",370.47829270362854,,,,,"[0.6126676307874829, 0.9514074074074074]",0.79223686439895,"[62.34277391311183, 12.519262988001168, 7.593725238800637]","(512, 256)",0.1,114307.67224121094,local,18760.0,"[0.5432646338619403, 0.8694429637526653]","[0.5193119391910176, 0.5037269436891304]",,0.0,"[0.5432646338619403, 0.8694429637526653]",,,"{'epochs_per_task': 5, 'batch': 256, 'nrem_batches': 20, 'nrem_gain': 3.0, 'val': False}",,,,0.0,4,,,,
g22b_sgd0_e2_g03,2,ctx,1000,random,local,False,0.9027,0.039834903940946714,"[100, 128, 99, 103, 109, 100, 85, 93, 92, 91]",376.74495553970337,,,,,"[0.6233307352085443, 0.8824801479056799]",0.79223686439895,"[62.34277391311183, 12.90387717997124, 7.613468864705718]","(512, 256)",0.1,114307.67224121094,local,18760.0,"[0.5472334546575159, 0.8630461670442431]","[0.5175084471415509, 0.5029728279412309]",,0.0,"[0.5472334546575159, 0.8630461670442431]",,,"{'epochs_per_task': 5, 'batch': 256, 'nrem_batches': 20, 'nrem_gain': 3.0, 'val': False}",,,,0.0,4,,,,
g22b_sgd0_e2_g03_static,0,ctx,1000,random,local,True,0.9035,0.0,"[90, 98, 111, 100, 98, 97, 113, 109, 91, 93]",385.3549873828888,,,,,"[nan, nan]",,"[62.34277391311183, 11.418917970050915, 8.734818123456678]","(512, 256)",0.1,114307.67224121094,local,18750.0,"[0.5339485416666667, 0.816633125]","[0.5119674767955145, 0.5030680753350257]",,0.0,"[0.5339485416666667, 0.816633125]",,,"{'epochs_per_task': 5, 'batch': 256, 'nrem_batches': 20, 'nrem_gain': 3.0, 'val': False}",,,,0.0,4,,,,
g22b_sgd0_e2_g03_static,1,ctx,1000,random,local,True,0.9003,0.0,"[100, 108, 109, 93, 95, 95, 78, 94, 114, 114]",370.43286299705505,,,,,"[nan, nan]",,"[62.34277391311183, 10.754892098390666, 8.95124044195421]","(512, 256)",0.1,114307.67224121094,local,18750.0,"[0.5346105208333334, 0.8149529166666667]","[0.5120172926791509, 0.502452227268219]",,0.0,"[0.5346105208333334, 0.8149529166666667]",,,"{'epochs_per_task': 5, 'batch': 256, 'nrem_batches': 20, 'nrem_gain': 3.0, 'val': False}",,,,0.0,4,,,,
g22b_sgd0_e2_g03_static,2,ctx,1000,random,local,True,0.9004,0.0,"[114, 96, 93, 106, 84, 104, 106, 104, 89, 104]",371.02592396736145,,,,,"[nan, nan]",,"[62.34277391311183, 11.391779908348814, 8.932949290676264]","(512, 256)",0.1,114307.67224121094,local,18750.0,"[0.5372628125, 0.8224139583333333]","[0.5130216777275503, 0.5025410740756988]",,0.0,"[0.5372628125, 0.8224139583333333]",,,"{'epochs_per_task': 5, 'batch': 256, 'nrem_batches': 20, 'nrem_gain': 3.0, 'val': False}",,,,0.0,4,,,,
g8_w1024s2_loc_none,0,ctx,1000,random,local,False,0.8716,0.12199503742359957,"[109, 121, 107, 104, 82, 85, 105, 94, 107, 86]",2139.1014144420624,,,,,"[0.8145251559885478, 0.758939393939394]",,,"(1024, 512)",0.02,,local,18760.0,"[1.0, 1.0]","[1.0, 1.0]",,,,,,,,,,,,,,,
g8_w1024s2_loc_none,1,ctx,1000,random,local,False,0.8854,0.10856397795263062,"[100, 114, 92, 115, 77, 89, 93, 118, 109, 93]",2135.5932247638702,,,,,"[0.8506926834007855, 0.6259927224478309]",,,"(1024, 512)",0.02,,local,18760.0,"[1.0, 1.0]","[1.0, 1.0]",,,,,,,,,,,,,,,
g8_w1024s2_loc_none,2,ctx,1000,random,local,False,0.8635,0.13908990583155523,"[82, 142, 85, 100, 96, 99, 80, 100, 100, 116]",2144.344095468521,,,,,"[0.8673383011883888, 0.6088026040455708]",,,"(1024, 512)",0.02,,local,18760.0,"[1.0, 1.0]","[1.0, 1.0]",,,,,,,,,,,,,,,
g8_w1024s2_loc_silent,0,ctx,1000,random,local,False,0.8842,0.11415410932887593,"[109, 121, 107, 104, 82, 85, 105, 94, 107, 86]",2308.3108086586,,,,,"[0.7442946413249748, 0.5448835323603125]",,,"(1024, 512)",0.02,,local,18760.0,"[0.9098238231276653, 0.9252164470615671]","[0.22322883711599592, 0.41819912897947153]",,,,,,,,,,,,,,,
g8_w1024s2_loc_silent,1,ctx,1000,random,local,False,0.8693,0.13565029945653453,"[100, 114, 92, 115, 77, 89, 93, 118, 109, 93]",2379.7394881248474,,,,,"[0.7532956598547409, 0.6137415250391509]",,,"(1024, 512)",0.02,,local,18760.0,"[0.9133299740138593, 0.9304368919909382]","[0.21291714229180153, 0.38945666000665]",,,,,,,,,,,,,,,
g8_w1024s2_loc_silent,2,ctx,1000,random,local,False,0.8861,0.10799376666997687,"[82, 142, 85, 100, 96, 99, 80, 100, 100, 116]",2349.9524903297424,,,,,"[0.7066302691177053, 0.5940612892028574]",,,"(1024, 512)",0.02,,local,18760.0,"[0.9119296271155384, 0.9263106551505863]","[0.2387724230264518, 0.35042380758264324]",,,,,,,,,,,,,,,
g8_w1024s2_night,0,ctx,1000,random,nrem,False,0.8378,0.16828064334448137,"[96, 120, 99, 105, 84, 92, 107, 109, 99, 89]",140.1678717136383,,,,,"[0.5985759921515237, 0.7660857528046608]",,,"(1024, 512)",0.02,,,,,,,,,,,,,,,,,,,,
g8_w1024s2_night,1,ctx,1000,random,nrem,False,0.8988,0.0660123559311162,"[115, 122, 95, 107, 94, 82, 92, 99, 103, 91]",134.8862202167511,,,,,"[0.5819422182277499, 0.6195168079340367]",,,"(1024, 512)",0.02,,,,,,,,,,,,,,,,,,,,
g8_w1024s2_night,2,ctx,1000,random,nrem,False,0.8281,0.1776180631427079,"[100, 100, 82, 96, 77, 103, 109, 114, 97, 122]",136.40750312805176,,,,,"[0.5420732830030003, 0.7601016403644784]",,,"(1024, 512)",0.02,,,,,,,,,,,,,,,,,,,,
g8_w256s10_combo,0,ctx,1000,random,local,False,0.9075,0.06974437334300221,"[104, 104, 92, 93, 106, 95, 114, 104, 94, 94]",412.61947107315063,,,,,"[0.7714114506827061, 0.664922211934407]",,,"(256, 128)",0.1,,local,19260.0,"[0.6070222964418976, 0.7144468783315565]","[0.20377172647472988, 0.2829073084383778]",,,,,,,,,,,,,,,
g8_w256s10_combo,1,ctx,1000,random,local,False,0.9001,0.058962951760383575,"[105, 120, 90, 107, 112, 75, 99, 112, 91, 89]",401.5166928768158,,,,,"[0.795215150457207, 0.676882468491941]",,,"(256, 128)",0.1,,local,19260.0,"[0.5996339452292111, 0.7093050373134329]","[0.19001929085088104, 0.2824102583711645]",,,,,,,,,,,,,,,
g8_w256s10_combo,2,ctx,1000,random,local,False,0.9101,0.07076662839275388,"[102, 95, 111, 111, 84, 79, 106, 110, 97, 105]",407.5573539733887,,,,,"[0.7914305572292055, 0.7066424467832058]",,,"(256, 128)",0.1,,local,19260.0,"[0.5945456173374201, 0.7272862806503199]","[0.20548596303624067, 0.26807502306966]",,,,,,,,,,,,,,,
g8_w256s10_loc_none,0,ctx,1000,random,local,False,0.8756,0.13105810714757563,"[109, 121, 107, 104, 82, 85, 105, 94, 107, 86]",676.8005759716034,,,,,"[0.8927044025157231, 0.7376059815421769]",,,"(256, 128)",0.1,,local,18760.0,"[1.0, 1.0]","[1.0, 1.0]",,,,,,,,,,,,,,,
g8_w256s10_loc_none,1,ctx,1000,random,local,False,0.8726,0.13654120475901116,"[100, 114, 92, 115, 77, 89, 93, 118, 109, 93]",668.3343451023102,,,,,"[0.9116742908689262, 0.681456000895656]",,,"(256, 128)",0.1,,local,18760.0,"[1.0, 1.0]","[1.0, 1.0]",,,,,,,,,,,,,,,
g8_w256s10_loc_none,2,ctx,1000,random,local,False,0.8573,0.15609402534778088,"[82, 142, 85, 100, 96, 99, 80, 100, 100, 116]",668.3201067447662,,,,,"[0.9386293026546493, 0.6855162808206285]",,,"(256, 128)",0.1,,local,18760.0,"[1.0, 1.0]","[1.0, 1.0]",,,,,,,,,,,,,,,
g8_w256s10_loc_refr,0,ctx,1000,random,local,False,0.9037,0.07560566716623554,"[109, 121, 107, 104, 82, 85, 105, 94, 107, 86]",406.7011318206787,,,,,"[0.8431889136842233, 0.679725407926629]",,,"(256, 128)",0.1,,local,18760.0,"[0.7560211637126866, 0.8216805203891258]","[0.5101810251646586, 0.5433575414474616]",,,,,,,,,,,,,,,
g8_w256s10_loc_refr,1,ctx,1000,random,local,False,0.9046,0.07881830944449442,"[100, 114, 92, 115, 77, 89, 93, 118, 109, 93]",405.4496970176697,,,,,"[0.8426713769827441, 0.653107333842628]",,,"(256, 128)",0.1,,local,18760.0,"[0.7515420942164179, 0.7969857742537313]","[0.5263717134314368, 0.5503095008794274]",,,,,,,,,,,,,,,
g8_w256s10_loc_refr,2,ctx,1000,random,local,False,0.8943,0.08461496810261002,"[82, 142, 85, 100, 96, 99, 80, 100, 100, 116]",406.5558931827545,,,,,"[0.8230889274369279, 0.6481339808650732]",,,"(256, 128)",0.1,,local,18760.0,"[0.7497597114872068, 0.8063437000266525]","[0.5248072243983677, 0.5487059939904874]",,,,,,,,,,,,,,,
g8_w256s10_loc_silent,0,ctx,1000,random,local,False,0.8693,0.13640401119901133,"[109, 121, 107, 104, 82, 85, 105, 94, 107, 86]",643.4106869697571,,,,,"[0.7420280751649158, 0.659535734827726]",,,"(256, 128)",0.1,,local,18760.0,"[0.6116839768789979, 0.7237444196428572]","[0.1823546549152416, 0.31394384827952326]",,,,,,,,,,,,,,,
g8_w256s10_loc_silent,1,ctx,1000,random,local,False,0.8765,0.1289220332487795,"[100, 114, 92, 115, 77, 89, 93, 118, 109, 93]",637.0478849411011,,,,,"[0.7330386384072821, 0.6013223391958535]",,,"(256, 128)",0.1,,local,18760.0,"[0.6088937983075693, 0.7053546441897655]","[0.18889109429978787, 0.29742188697362115]",,,,,,,,,,,,,,,
g8_w256s10_loc_silent,2,ctx,1000,random,local,False,0.8877,0.11376937100111686,"[82, 142, 85, 100, 96, 99, 80, 100, 100, 116]",638.3552677631378,,,,,"[0.76578165474634, 0.599681773538481]",,,"(256, 128)",0.1,,local,18760.0,"[0.5928902501998934, 0.7163108841950959]","[0.1872318087791059, 0.3039775700294482]",,,,,,,,,,,,,,,
g8_w256s10_night,0,ctx,1000,random,nrem,False,0.9145,0.04766325968504434,"[96, 120, 99, 105, 84, 92, 107, 109, 99, 89]",42.77036094665527,,,,,"[0.7787285587716513, 0.7309765452412511]",0.79223686439895,"[62.34277391311193, 14.867334332730072, 8.146835820350827]","(256, 128)",0.1,56193.77557373047,,,,,,,,,,,,,,,,,,,
g8_w256s10_night,1,ctx,1000,random,nrem,False,0.8515,0.142824398521636,"[115, 122, 95, 107, 94, 82, 92, 99, 103, 91]",51.75079083442688,,,,,"[0.7842431592403951, 0.6917392507618959]",0.79223686439895,"[62.34277391311193, 14.713369222695425, 7.578380332541131]","(256, 128)",0.1,56193.77557373047,,,,,,,,,,,,,,,,,,,
g8_w256s10_night,2,ctx,1000,random,nrem,False,0.8282,0.16966553387845634,"[100, 100, 82, 96, 77, 103, 109, 114, 97, 122]",51.54835557937622,,,,,"[0.8064258759806942, 0.7310077344054882]",0.79223686439895,"[62.34277391311193, 13.407404477660863, 7.5075091278265305]","(256, 128)",0.1,56193.77557373047,,,,,,,,,,,,,,,,,,,
g8_w512s5_combo,0,ctx,1000,random,local,False,0.9101,0.06470669313160596,"[104, 104, 92, 93, 106, 95, 114, 104, 94, 94]",656.2649483680725,,,,,"[0.7831122699348124, 0.6119789985469428]",,,"(512, 256)",0.05,,local,19260.0,"[0.780858646222015, 0.8377067647254798]","[0.228242759699268, 0.3089367127005281]",,,,,,,,,,,,,,,
g8_w512s5_combo,1,ctx,1000,random,local,False,0.9164,0.05028831448179599,"[105, 120, 90, 107, 112, 75, 99, 112, 91, 89]",657.2453184127808,,,,,"[0.7508863200898249, 0.639077698469459]",,,"(512, 256)",0.05,,local,19260.0,"[0.7796162879797441, 0.8381683935234542]","[0.2450066671883469, 0.31362194516705966]",,,,,,,,,,,,,,,
g8_w512s5_combo,2,ctx,1000,random,local,False,0.9143,0.05362688090392914,"[102, 95, 111, 111, 84, 79, 106, 110, 97, 105]",658.9616858959198,,,,,"[0.7535968923247435, 0.6033612746811504]",,,"(512, 256)",0.05,,local,19260.0,"[0.7832594491271322, 0.8424273720682303]","[0.22626499374117107, 0.32336498749678705]",,,,,,,,,,,,,,,
g8_w512s5_loc_none,0,ctx,1000,random,local,False,0.8632,0.14435536599130475,"[109, 121, 107, 104, 82, 85, 105, 94, 107, 86]",1045.6060223579407,,,,,"[0.906438056657273, 0.7627450980392156]",,,"(512, 256)",0.05,,local,18760.0,"[1.0, 1.0]","[1.0, 1.0]",,,,,,,,,,,,,,,
g8_w512s5_loc_none,1,ctx,1000,random,local,False,0.8556,0.16448160938317097,"[100, 114, 92, 115, 77, 89, 93, 118, 109, 93]",1034.0914075374603,,,,,"[0.8512444389086369, 0.7246526225473594]",,,"(512, 256)",0.05,,local,18760.0,"[1.0, 1.0]","[1.0, 1.0]",,,,,,,,,,,,,,,
g8_w512s5_loc_none,2,ctx,1000,random,local,False,0.8628,0.15379302298087172,"[82, 142, 85, 100, 96, 99, 80, 100, 100, 116]",1033.4910304546356,,,,,"[0.7948486091887667, 0.7211225543703079]",,,"(512, 256)",0.05,,local,18760.0,"[1.0, 1.0]","[1.0, 1.0]",,,,,,,,,,,,,,,
g8_w512s5_loc_refr,0,ctx,1000,random,local,False,0.9044,0.07773085230201865,"[109, 121, 107, 104, 82, 85, 105, 94, 107, 86]",651.6642467975616,,,,,"[0.7988859825659559, 0.6532241422332621]",,,"(512, 256)",0.05,,local,18760.0,"[0.8594206006796375, 0.8953516457889126]","[0.5386301386076758, 0.5603616517072897]",,,,,,,,,,,,,,,
g8_w512s5_loc_refr,1,ctx,1000,random,local,False,0.9011,0.09074024657307597,"[100, 114, 92, 115, 77, 89, 93, 118, 109, 93]",648.7554528713226,,,,,"[0.8096959497478794, 0.6330342007275311]",,,"(512, 256)",0.05,,local,18760.0,"[0.8618445162579957, 0.894024020522388]","[0.542003965506485, 0.559621115841035]",,,,,,,,,,,,,,,
g8_w512s5_loc_refr,2,ctx,1000,random,local,False,0.9058,0.07845111155173737,"[82, 142, 85, 100, 96, 99, 80, 100, 100, 116]",652.6007707118988,,,,,"[0.7833117648065551, 0.5362859262166148]",,,"(512, 256)",0.05,,local,18760.0,"[0.863835017157516, 0.8937699893390192]","[0.5362931006141245, 0.5641139938112801]",,,,,,,,,,,,,,,
g8_w512s5_loc_silent,0,ctx,1000,random,local,False,0.8771,0.1249354782534389,"[109, 121, 107, 104, 82, 85, 105, 94, 107, 86]",1054.8482689857483,,,,,"[0.7568779383644884, 0.6057009997137917]",,,"(512, 256)",0.05,,local,18760.0,"[0.7824644564565565, 0.8437366737739872]","[0.20008700374644925, 0.33272315512037975]",,,,,,,,,,,,,,,
g8_w512s5_loc_silent,1,ctx,1000,random,local,False,0.8926,0.1069623186470198,"[100, 114, 92, 115, 77, 89, 93, 118, 109, 93]",1054.540995836258,,,,,"[0.7637910545249846, 0.6764139070235503]",,,"(512, 256)",0.05,,local,18760.0,"[0.7873609075159915, 0.83641141391258]","[0.207084972271795, 0.3351766773431536]",,,,,,,,,,,,,,,
g8_w512s5_loc_silent,2,ctx,1000,random,local,False,0.893,0.10346315238908,"[82, 142, 85, 100, 96, 99, 80, 100, 100, 116]",1058.2648708820343,,,,,"[0.7477159991663239, 0.641370874099198]",,,"(512, 256)",0.05,,local,18760.0,"[0.7885915011993604, 0.848919742803838]","[0.21933971033461375, 0.30248842425619576]",,,,,,,,,,,,,,,
g8_w512s5_night,0,ctx,1000,random,nrem,False,0.8749,0.10371643448358897,"[96, 120, 99, 105, 84, 92, 107, 109, 99, 89]",67.6815812587738,,,,,"[0.7161728230000465, 0.7456939405623616]",0.79223686439895,"[62.34277391311193, 15.416281948757042, 7.553465342327109]","(512, 256)",0.05,112257.65270996094,,,,,,,,,,,,,,,,,,,
g8_w512s5_night,1,ctx,1000,random,nrem,False,0.8284,0.17748673241934443,"[115, 122, 95, 107, 94, 82, 92, 99, 103, 91]",86.25330686569214,,,,,"[0.6791714973808792, 0.7345194213792596]",0.79223686439895,"[62.34277391311193, 15.5615723313114, 7.70759919717656]","(512, 256)",0.05,112257.65270996094,,,,,,,,,,,,,,,,,,,
g8_w512s5_night,2,ctx,1000,random,nrem,False,0.8317,0.17393483234454232,"[100, 100, 82, 96, 77, 103, 109, 114, 97, 122]",67.47327423095703,,,,,"[0.7309756411169879, 0.7269016593858176]",0.79223686439895,"[62.34277391311193, 13.267635387665162, 6.718466479107064]","(512, 256)",0.05,112257.65270996094,,,,,,,,,,,,,,,,,,,
g9_dg32_w256s10_night,0,ctx,1000,random,nrem,False,0.8113,0.13389218710303283,"[96, 120, 99, 105, 84, 92, 107, 109, 99, 89]",119.58614325523376,,,,,"[0.6471141935046439, 0.6640215357309335]",0.1538781033716626,"[116.49263992002427, 19.540129302209824, 9.167611706611995]","(256, 128)",0.1,64816.229713822424,,,,,,,,,,,,,,,,,,,
g9_dg32_w256s10_night,1,ctx,1000,random,nrem,False,0.8151,0.12524877228990505,"[115, 122, 95, 107, 94, 82, 92, 99, 103, 91]",110.07981610298157,,,,,"[0.6337258576364023, 0.7423501258469413]",0.15209839415000956,"[122.22120762579455, 17.80321272075915, 7.602929188402841]","(256, 128)",0.1,64798.69377562561,,,,,,,,,,,,,,,,,,,
g9_dg32_w256s10_night,2,ctx,1000,random,nrem,False,0.7702,0.20512747673488704,"[100, 100, 82, 96, 77, 103, 109, 114, 97, 122]",130.71902632713318,,,,,"[0.6750809097278234, 0.737147478295366]",0.15968102827118077,"[121.7329677482688, 19.564761455588766, 8.365870635236856]","(256, 128)",0.1,64817.84250685526,,,,,,,,,,,,,,,,,,,
g9_dg32_w512s5_night,0,ctx,1000,random,nrem,False,0.826,0.08800945120169149,"[96, 120, 99, 105, 84, 92, 107, 109, 99, 89]",158.75583791732788,,,,,"[0.4685211190980129, 0.6285941751199641]",0.1538781033716626,"[116.49263992002427, 22.234459336284612, 8.711686573815]","(512, 256)",0.05,70240.31631546223,,,,,,,,,,,,,,,,,,,
g9_dg32_w512s5_night,1,ctx,1000,random,nrem,False,0.8306,0.10172134226792148,"[115, 122, 95, 107, 94, 82, 92, 99, 103, 91]",156.45132875442505,,,,,"[0.4582756669099702, 0.6191226121588973]",0.15209839415000956,"[122.22120762579455, 19.355720914807247, 8.444692958157534]","(512, 256)",0.05,70205.2444390686,,,,,,,,,,,,,,,,,,,
g9_dg32_w512s5_night,2,ctx,1000,random,nrem,False,0.8402,0.10029886503584076,"[100, 100, 82, 96, 77, 103, 109, 114, 97, 122]",221.79461526870728,,,,,"[0.49148984282833885, 0.6198764425610832]",0.15968102827118077,"[121.7329677482688, 19.98321572485126, 8.998491696267658]","(512, 256)",0.05,70243.5419015279,,,,,,,,,,,,,,,,,,,
g9_dg8_w256s10_night,0,ctx,1000,random,nrem,False,0.8483,0.09784214334046659,"[96, 120, 99, 105, 84, 92, 107, 109, 99, 89]",77.93204474449158,,,,,"[0.6708026315381889, 0.6894686724635049]",0.18109639938626662,"[139.12754111928763, 14.778617634042202, 7.454539903018086]","(256, 128)",0.1,20624.47121794027,,,,,,,,,,,,,,,,,,,
g9_dg8_w256s10_night,1,ctx,1000,random,nrem,False,0.7781,0.19824987613629722,"[115, 122, 95, 107, 94, 82, 92, 99, 103, 91]",110.72887516021729,,,,,"[0.6484587577348436, 0.6813581183889713]",0.17268598272993863,"[139.20131839478623, 14.347068960538117, 7.007466646861548]","(256, 128)",0.1,20624.85500701802,,,,,,,,,,,,,,,,,,,
g9_dg8_w256s10_night,2,ctx,1000,random,nrem,False,0.8464,0.11414358079283252,"[100, 100, 82, 96, 77, 103, 109, 114, 97, 122]",138.99089670181274,,,,,"[0.6796179857211502, 0.6510636142568915]",0.1854303693006964,"[130.30556194554947, 11.915584030338202, 6.531269309757825]","(256, 128)",0.1,20624.98303436686,,,,,,,,,,,,,,,,,,,
g9_dg8_w256s10_refr,0,ctx,1000,random,local,False,0.7943,0.1777020964176711,"[109, 121, 107, 104, 82, 85, 105, 94, 107, 86]",1741.0288169384003,,,,,"[0.7747864249044782, 0.678016275608398]",0.18109639938626662,"[139.12754111928763, 4.368417935353092, 3.148281239273449]","(256, 128)",0.1,20624.47121794027,local,18760.0,"[0.7691868503464819, 0.8156745569029851]","[0.5225959263665022, 0.5578325702891703]",,,,,,,,,,,,,,,
g9_dg8_w512s5_combo,0,ctx,1000,random,local,False,0.7938,0.1945564494049304,"[104, 104, 92, 93, 106, 95, 114, 104, 94, 94]",2578.389602661133,,,,,"[0.6669132327055708, 0.5509966584333814]",0.18109639938626662,"[139.12754111928763, 6.417715156586963, 6.578213811277778]","(512, 256)",0.05,26303.482829709887,local,19260.0,"[0.7748696528518124, 0.8113501965618337]","[0.35860245787319656, 0.3783530967442124]",,,,,,,,,,,,,,,
g9_dg8_w512s5_night,0,ctx,1000,random,nrem,False,0.8446,0.10437113197390921,"[96, 120, 99, 105, 84, 92, 107, 109, 99, 89]",160.36533641815186,,,,,"[0.5414169772312077, 0.5399232767350004]",0.18109639938626662,"[139.12754111928763, 14.439603550521259, 8.396783823008416]","(512, 256)",0.05,26303.482829709887,,,,,,,,,,,,,,,,,,,
g9_dg8_w512s5_night,1,ctx,1000,random,nrem,False,0.8424,0.10949576813279113,"[115, 122, 95, 107, 94, 82, 92, 99, 103, 91]",157.2994658946991,,,,,"[0.5187554805479462, 0.6579590204108853]",0.17268598272993863,"[139.20131839478623, 17.863117272208385, 7.8486017803255885]","(512, 256)",0.05,26304.250407865387,,,,,,,,,,,,,,,,,,,
g9_dg8_w512s5_night,2,ctx,1000,random,nrem,False,0.8199,0.15475939345232623,"[100, 100, 82, 96, 77, 103, 109, 114, 97, 122]",229.89467072486877,,,,,"[0.5548237473228929, 0.6598248728313207]",0.1854303693006964,"[130.30556194554947, 18.217030779028327, 7.397328677341985]","(512, 256)",0.05,26304.506462563062,,,,,,,,,,,,,,,,,,,
g9_dg8_w512s5_refr,0,ctx,1000,random,local,False,0.7897,0.20117038329495793,"[109, 121, 107, 104, 82, 85, 105, 94, 107, 86]",2970.893152952194,,,,,"[0.7757460055591711, 0.5928660557650517]",0.18109639938626662,"[139.12754111928763, 4.238313714581128, 2.388282181212275]","(512, 256)",0.05,26303.508464736282,local,18760.0,"[0.8725402701892324, 0.8899961687100213]","[0.5512914187935883, 0.5732312246514703]",,,,,,,,,,,,,,,
g9_dg8f10_w256s10_night,0,ctx,1000,random,nrem,False,0.8767,0.08961603588474401,"[96, 120, 99, 105, 84, 92, 107, 109, 99, 89]",132.00241899490356,,,,,"[0.6801337429007328, 0.6942208462983208]",0.5820217781736142,"[81.06552982174374, 10.245375825382405, 6.770251427039635]","(256, 128)",0.1,31059.466847433476,,,,,,,,,,,,,,,,,,,
g9_dg8f10_w512s5_refr,0,ctx,1000,random,local,False,0.8723,0.11901950762672345,"[109, 121, 107, 104, 82, 85, 105, 94, 107, 86]",4070.253429412842,,,,,"[0.7912384253297986, 0.716101261980418]",0.5820217781736142,"[81.06552982174382, 3.9080915890858283, 3.693703604415553]","(512, 256)",0.05,47173.4740886963,local,18760.0,"[0.8799383037380064, 0.9049713069696163]","[0.5420459972356937, 0.5549137198562816]",,0.0,,,,,,,,,,,,,
g9_dg8r_w256s10_night,0,ctx,1000,random,nrem,False,0.8124,0.13570068265774,"[96, 120, 99, 105, 84, 92, 107, 109, 99, 89]",113.60381555557251,,,,,"[0.7335310438167048, 0.6813314190461854]",0.13885803536323768,"[235.11899442938642, 19.430971317602147, 7.750935041514641]","(256, 128)",0.1,20628.285671216843,,,,,,,,,,,,,,,,,,,
g9_dg8r_w256s10_night,1,ctx,1000,random,nrem,False,0.7683,0.21141723986431932,"[115, 122, 95, 107, 94, 82, 92, 99, 103, 91]",110.54621171951294,,,,,"[0.6837609436589432, 0.699684453452351]",0.1420265311035856,"[228.5528613645626, 17.049726212576232, 8.029673653414344]","(256, 128)",0.1,20628.10637433472,,,,,,,,,,,,,,,,,,,
g9_dg8r_w256s10_night,2,ctx,1000,random,nrem,False,0.8359,0.12553537969554485,"[100, 100, 82, 96, 77, 103, 109, 114, 97, 122]",151.6374213695526,,,,,"[0.7555436845386899, 0.7428161051821363]",0.13470559966785192,"[227.58330865107382, 15.979027547478832, 8.596159240791883]","(256, 128)",0.1,20628.13186261698,,,,,,,,,,,,,,,,,,,
g9_dg8r_w256s10_refr,0,ctx,1000,random,local,False,0.749,0.22177656030011833,"[109, 121, 107, 104, 82, 85, 105, 94, 107, 86]",1728.4059009552002,,,,,"[0.8512007925314975, 0.6899365637978215]",0.13885803536323768,"[235.11899442938642, 8.25401920243958, 3.991273086672901]","(256, 128)",0.1,20628.285671216843,local,18760.0,"[0.785040061966951, 0.8218633395522388]","[0.5196152393421186, 0.556003497601318]",,,,,,,,,,,,,,,
g9_dg8r_w512s5_night,0,ctx,1000,random,nrem,False,0.8283,0.11768893534716066,"[96, 120, 99, 105, 84, 92, 107, 109, 99, 89]",147.02975273132324,,,,,"[0.561542484143496, 0.6473755980992454]",0.13885803536323768,"[235.11899442938642, 18.419310117819492, 8.421315415865124]","(512, 256)",0.05,26311.111736263032,,,,,,,,,,,,,,,,,,,
g9_dg8r_w512s5_night,1,ctx,1000,random,nrem,False,0.7896,0.1897719229221807,"[115, 122, 95, 107, 94, 82, 92, 99, 103, 91]",179.5776937007904,,,,,"[0.5505483813585755, 0.5753420697799625]",0.1420265311035856,"[228.5528613645626, 19.556122152979036, 8.49023041352545]","(512, 256)",0.05,26310.753142498783,,,,,,,,,,,,,,,,,,,
g9_dgdense_w256s10_night,0,ctx,1000,random,nrem,False,0.5698,0.327975856739093,"[96, 120, 99, 105, 84, 92, 107, 109, 99, 89]",126.10310101509094,,,,,"[0.6315019400894619, 0.7236254666906572]",0.06075477322441678,"[337.6365077677314, 15.950703296926104, 6.8997098432824435]","(256, 128)",0.1,1455256.0554098277,,,,,,,,,,,,,,,,,,,
g9_dgdense_w256s10_night,1,ctx,1000,random,nrem,False,0.5567,0.34666821365099343,"[115, 122, 95, 107, 94, 82, 92, 99, 103, 91]",107.52378368377686,,,,,"[0.6607498210156247, 0.7324469950336895]",0.05618007079858926,"[333.24964798092395, 14.2127706888359, 7.49522493188766]","(256, 128)",0.1,1455253.4235249227,,,,,,,,,,,,,,,,,,,
g9_dgdense_w256s10_night,2,ctx,1000,random,nrem,False,0.5529,0.354816172541744,"[100, 100, 82, 96, 77, 103, 109, 114, 97, 122]",148.7711160182953,,,,,"[0.6334020345071468, 0.7295303168585103]",0.06136141934269381,"[346.86095568209595, 15.550262870532848, 7.7838311684699235]","(256, 128)",0.1,1455250.6842670012,,,,,,,,,,,,,,,,,,,
g9_dgdense_w512s5_night,0,ctx,1000,random,nrem,False,0.5615,0.33795816370734055,"[96, 120, 99, 105, 84, 92, 107, 109, 99, 89]",155.07444763183594,,,,,"[0.5058122763051407, 0.6269007756426154]",0.06075477322441678,"[337.6365077677314, 18.461193324053266, 7.128924402020031]","(512, 256)",0.05,1458458.087626296,,,,,,,,,,,,,,,,,,,
g9_dgdense_w512s5_night,1,ctx,1000,random,nrem,False,0.5404,0.36818966117802765,"[115, 122, 95, 107, 94, 82, 92, 99, 103, 91]",134.7589054107666,,,,,"[0.5362739195395327, 0.6607557137769987]",0.05618007079858926,"[333.24964798092395, 17.74413597337087, 7.90480043070945]","(512, 256)",0.05,1458451.9486123454,,,,,,,,,,,,,,,,,,,
g9a_w256s10_br16,0,ctx,1000,random,local,False,0.9069,0.05669280926741366,"[110, 110, 96, 111, 95, 83, 105, 105, 100, 85]",489.58265376091003,,,,,"[0.8708092094485046, 0.6656882939697654]",0.79223686439895,"[62.34277391311201, 11.518349306098385, 7.1229706512080515]","(256, 128)",0.1,56193.77557373047,local,18760.0,"[0.7550581356609808, 0.8083605410447762]","[0.505396365408879, 0.5285182477434728]",,0.0,,,,,,,,,,,,,
g9a_w256s10_br16,1,ctx,1000,random,local,False,0.9091,0.06091501673918387,"[98, 104, 90, 109, 99, 79, 109, 124, 95, 93]",412.8798391819,,,,,"[0.7997633706602238, 0.6636238974757642]",0.79223686439895,"[62.34277391311201, 11.057034154309349, 7.810166118678459]","(256, 128)",0.1,56193.77557373047,local,18760.0,"[0.7536574243736673, 0.813846365271855]","[0.5067994421236773, 0.5299854296297312]",,0.0,,,,,,,,,,,,,
g9a_w256s10_br16,2,ctx,1000,random,local,False,0.9111,0.0673168209845752,"[100, 128, 99, 103, 109, 100, 85, 93, 92, 91]",408.4639000892639,,,,,"[0.78917040791304, 0.5817982323215302]",0.79223686439895,"[62.34277391311201, 11.098360098669659, 5.9897037363074865]","(256, 128)",0.1,56193.77557373047,local,18760.0,"[0.7460404450959488, 0.7916998434168443]","[0.5121327715597228, 0.5316185496731608]",,0.0,,,,,,,,,,,,,
g9a_w256s10_br8,0,ctx,1000,random,local,False,0.9066,0.050814937413460215,"[97, 116, 92, 105, 104, 87, 106, 82, 114, 97]",403.13823342323303,,,,,"[0.8203404909552916, 0.6467922293979462]",0.79223686439895,"[62.34277391311201, 10.26470715927863, 6.1135695330452835]","(256, 128)",0.1,56193.77557373047,local,18760.0,"[0.7502342500666311, 0.8087923940565032]","[0.5054874421409102, 0.5206649197194019]",,0.0,,,,,,,,,,,,,
g9a_w256s10_br8,1,ctx,1000,random,local,False,0.9045,0.0681023081265463,"[85, 104, 110, 80, 101, 92, 106, 104, 111, 107]",404.596097946167,,,,,"[0.8173898312496937, 0.562039198006876]",0.79223686439895,"[62.34277391311201, 12.057608836346045, 7.568291673730281]","(256, 128)",0.1,56193.77557373047,local,18760.0,"[0.7477326675772921, 0.795903018390192]","[0.5091453073045878, 0.5211829830507146]",,0.0,,,,,,,,,,,,,
g9a_w256s10_br8,2,ctx,1000,random,local,False,0.9022,0.06779911458046212,"[99, 112, 116, 87, 94, 88, 99, 109, 90, 106]",389.77740573883057,,,,,"[0.780859751005563, 0.5648563300827794]",0.79223686439895,"[62.34277391311201, 10.828935725651304, 7.604590212285774]","(256, 128)",0.1,56193.77557373047,local,18760.0,"[0.7463960887526653, 0.8027772687899787]","[0.5053123731019674, 0.5230919016042609]",,0.0,,,,,,,,,,,,,
g9a_w512s5_br16_K200,0,ctx,200,random,local,False,0.7846,0.25375172712600363,"[14, 20, 32, 18, 14, 14, 20, 26, 24, 18]",1313.717734336853,,,,,"[0.7899461890882692, 0.46829646212759696]",0.79223686439895,"[62.34277391311201, 13.932324286255142, 4.488024185789603]","(512, 256)",0.05,112257.65270996094,local,18760.0,"[0.8602564049173774, 0.8902943430170576]","[0.5178665473850679, 0.56361626256019]",,0.0,,,,,,,,,,,,,
g9a_w512s5_br16_K200,1,ctx,200,random,local,False,0.829,0.17710053370196566,"[17, 17, 14, 27, 23, 16, 18, 19, 25, 24]",712.5827713012695,,,,,"[0.7966104466491102, 0.6055963924427841]",0.79223686439895,"[62.34277391311201, 7.7311400268465045, 5.508791285930196]","(512, 256)",0.05,112257.65270996094,local,18760.0,"[0.861683560434435, 0.9024341184701492]","[0.5136624854463123, 0.5539197751158066]",,0.0,,,,,,,,,,,,,
g9a_w512s5_br16_K200,2,ctx,200,random,local,False,0.8397,0.17821053633995168,"[18, 23, 25, 13, 18, 17, 25, 20, 23, 18]",485.3223898410797,,,,,"[0.8020017213443239, 0.6068931721872899]",0.79223686439895,"[62.34277391311201, 9.885718478840088, 6.964609404549682]","(512, 256)",0.05,112257.65270996094,local,18760.0,"[0.860864830423774, 0.9018900336487207]","[0.5093555968048286, 0.5508180350005658]",,0.0,,,,,,,,,,,,,
g9a_w512s5_br16_night,0,ctx,1000,random,local,False,0.9096,0.041969953045960046,"[120, 132, 84, 82, 95, 97, 98, 111, 77, 104]",1455.2569093704224,,,,,"[0.802887249461774, 0.6976806885995883]",0.79223686439895,"[62.34277391311201, 26.82133555845392, 11.552192355564262]","(512, 256)",0.05,112257.65270996094,local,19260.0,"[0.8465049890058636, 0.893402893456823]","[0.5274843475922371, 0.5474801731422972]",,0.0,,,,,,,,,,,,,
g9a_w512s5_br16_night,1,ctx,1000,random,local,False,0.9111,0.036282312224487495,"[105, 106, 95, 97, 94, 100, 100, 97, 95, 111]",968.1295320987701,,,,,"[0.7853752999892027, 0.7166473945656965]",0.79223686439895,"[62.34277391311201, 28.578469651836482, 12.190581969426935]","(512, 256)",0.05,112257.65270996094,local,19260.0,"[0.8499550239872068, 0.8927957172841151]","[0.5235759952846271, 0.5503572387386487]",,0.0,,,,,,,,,,,,,
g9a_w512s5_br16_night,2,ctx,1000,random,local,False,0.9059,0.04835840471921357,"[79, 113, 100, 104, 103, 87, 84, 103, 123, 104]",495.5405478477478,,,,,"[0.81839008754334, 0.6576877376541594]",0.79223686439895,"[62.34277391311201, 25.973671116828964, 11.378434361592607]","(512, 256)",0.05,112257.65270996094,local,19260.0,"[0.8501461720415778, 0.8917314932036248]","[0.5246626570387912, 0.5499901914392222]",,0.0,,,,,,,,,,,,,
g9a_w512s5_br16,0,ctx,1000,random,local,False,0.9078,0.07601959118365187,"[110, 110, 96, 111, 95, 83, 105, 105, 100, 85]",1464.3055484294891,,,,,"[0.7751778100552266, 0.6013030366435912]",0.79223686439895,"[62.34277391311201, 20.693640933112153, 12.982912564924412]","(512, 256)",0.05,112257.65270996094,local,18760.0,"[0.8604358925239872, 0.8950313999200427]","[0.5221729379083747, 0.5424005227393782]",,0.0,,,,,,,,,,,,,
g9a_w512s5_br16,1,ctx,1000,random,local,False,0.9089,0.05342067536465289,"[98, 104, 90, 109, 99, 79, 109, 124, 95, 93]",1321.259267091751,,,,,"[0.8135183650376794, 0.617764813725623]",0.79223686439895,"[62.34277391311201, 12.246566046068606, 7.138802839403428]","(512, 256)",0.05,112257.65270996094,local,18760.0,"[0.8625632995735608, 0.902383520455757]","[0.5091533118481638, 0.5361680639617796]",,0.0,,,,,,,,,,,,,
g9a_w512s5_br16,2,ctx,1000,random,local,False,0.9083,0.06663938843956149,"[100, 128, 99, 103, 109, 100, 85, 93, 92, 91]",916.1827309131622,,,,,"[0.7758929707715736, 0.5786056031049396]",0.79223686439895,"[62.34277391311201, 14.545327623492469, 7.542709861753973]","(512, 256)",0.05,112257.65270996094,local,18760.0,"[0.8622851146055437, 0.895736024120469]","[0.5091325897779038, 0.5409142660411961]",,0.0,,,,,,,,,,,,,
g9a_w512s5_br1,0,ctx,1000,random,local,False,0.8428,0.12625208280213215,"[92, 112, 98, 96, 108, 82, 91, 131, 104, 86]",993.7041206359863,,,,,"[0.7194962048565346, 0.6707283210515368]",0.79223686439895,"[62.34277391311201, 12.069065582486045, 8.674057879858927]","(512, 256)",0.05,112257.65270996094,local,18760.0,"[0.8578510211220682, 0.9029386410581024]","[0.5065708616359242, 0.5084631921314418]",,0.0,,,,,,,,,,,,,
g9a_w512s5_br1,1,ctx,1000,random,local,False,0.7898,0.19334764664111076,"[94, 116, 91, 103, 107, 90, 105, 108, 90, 96]",592.9309997558594,,,,,"[0.7526036527830267, 0.7486360113603543]",0.79223686439895,"[62.34277391311201, 13.288881983780131, 10.423969456832882]","(512, 256)",0.05,112257.65270996094,local,18760.0,"[0.8582781891324627, 0.9029105310501067]","[0.5089080766451035, 0.5081802660110853]",,0.0,,,,,,,,,,,,,
g9a_w512s5_br1,2,ctx,1000,random,local,False,0.8549,0.11714741646563914,"[100, 97, 113, 104, 97, 90, 94, 115, 89, 101]",396.46971917152405,,,,,"[0.7344060452522874, 0.7558646616541354]",0.79223686439895,"[62.34277391311201, 15.761393078672269, 9.751795320947027]","(512, 256)",0.05,112257.65270996094,local,18760.0,"[0.8594293460154584, 0.903392982076226]","[0.5108906089989488, 0.5063925012084308]",,0.0,,,,,,,,,,,,,
g9a_w512s5_br2,0,ctx,1000,random,local,False,0.8718,0.10021208684083524,"[99, 97, 117, 112, 100, 82, 93, 109, 82, 109]",896.0302488803864,,,,,"[0.7625685570384038, 0.653682635688684]",0.79223686439895,"[62.34277391311201, 18.58330584682914, 10.634769315176943]","(512, 256)",0.05,112257.65270996094,local,18760.0,"[0.8614450418110341, 0.897012010261194]","[0.511515863231425, 0.5142155673158274]",,0.0,,,,,,,,,,,,,
g9a_w512s5_br2,1,ctx,1000,random,local,False,0.8657,0.11190926010799421,"[124, 112, 94, 112, 88, 93, 90, 103, 94, 90]",450.59845495224,,,,,"[0.7394661226178042, 0.6534484308809132]",0.79223686439895,"[62.34277391311201, 15.75386182105397, 9.549779316763466]","(512, 256)",0.05,112257.65270996094,local,18760.0,"[0.8607582206156716, 0.8987490005330491]","[0.5108789530738609, 0.5093266713538213]",,0.0,,,,,,,,,,,,,
g9a_w512s5_br2,2,ctx,1000,random,local,False,0.8647,0.11938163521517545,"[104, 118, 103, 115, 107, 62, 96, 108, 100, 87]",333.9500505924225,,,,,"[0.7528693209407609, 0.7275779073960449]",0.79223686439895,"[62.34277391311201, 16.976383225979784, 10.649587668530948]","(512, 256)",0.05,112257.65270996094,local,18760.0,"[0.8631963994203091, 0.899503806303305]","[0.5117538184726805, 0.5094082133437413]",,0.0,,,,,,,,,,,,,
g9a_w512s5_br32,0,ctx,1000,random,local,False,0.903,0.0780835698780411,"[88, 116, 88, 103, 100, 91, 91, 126, 93, 104]",1353.1889793872833,,,,,"[0.7738842619306104, 0.5611305801043802]",0.79223686439895,"[62.34277391311201, 13.551554832800973, 10.077844355180465]","(512, 256)",0.05,112257.65270996094,local,18760.0,"[0.8598766074760128, 0.8944521255330491]","[0.5269044140047991, 0.5465959475203943]",,0.0,,,,,,,,,,,,,
g9a_w512s5_br32,1,ctx,1000,random,local,False,0.9082,0.07234887258424658,"[115, 100, 94, 105, 94, 101, 100, 88, 99, 104]",1437.1536283493042,,,,,"[0.7691768277747006, 0.5638044390523087]",0.79223686439895,"[62.34277391311201, 10.20232126226231, 4.933540877328103]","(512, 256)",0.05,112257.65270996094,local,18760.0,"[0.863570054304371, 0.8921885411114072]","[0.5242562886982807, 0.5449060935674033]",,0.0,,,,,,,,,,,,,
g9a_w512s5_br32,2,ctx,1000,random,local,False,0.9099,0.07492766176926696,"[95, 113, 92, 108, 88, 99, 93, 93, 118, 101]",1036.9373080730438,,,,,"[0.7612922063050073, 0.4882186300892678]",0.79223686439895,"[62.34277391311201, 10.469121949039637, 7.5563453029984275]","(512, 256)",0.05,112257.65270996094,local,18760.0,"[0.8613242728877932, 0.8921085837553305]","[0.5279058237288043, 0.548374757597914]",,0.0,,,,,,,,,,,,,
g9a_w512s5_br4,0,ctx,1000,random,local,False,0.8928,0.06323944805911608,"[118, 105, 114, 97, 92, 92, 102, 102, 87, 91]",1404.4249773025513,,,,,"[0.7633861580536072, 0.6495080108286675]",0.79223686439895,"[62.34277391311201, 11.92757908912902, 5.330359453525948]","(512, 256)",0.05,112257.65270996094,local,18760.0,"[0.859513884261727, 0.9021209521588486]","[0.5070641188701587, 0.5132664648635286]",,0.0,,,,,,,,,,,,,
g9a_w512s5_br4,1,ctx,1000,random,local,False,0.8968,0.08085860639524048,"[92, 119, 108, 96, 73, 104, 82, 98, 106, 122]",828.9930794239044,,,,,"[0.7931215313997726, 0.5541857522732575]",0.79223686439895,"[62.34277391311201, 13.909393170281556, 8.762296183287976]","(512, 256)",0.05,112257.65270996094,local,18760.0,"[0.8624149411980278, 0.896960162913113]","[0.5062588179297348, 0.5140223190222166]",,0.0,,,,,,,,,,,,,
g9a_w512s5_br4,2,ctx,1000,random,local,False,0.9,0.0806639543498476,"[87, 123, 105, 115, 83, 98, 98, 97, 102, 92]",629.963250875473,,,,,"[0.8538525018696239, 0.6810332637246499]",0.79223686439895,"[62.34277391311201, 18.829865042678758, 10.856831832371391]","(512, 256)",0.05,112257.65270996094,local,18760.0,"[0.8652077225479744, 0.8930549540245203]","[0.5100059959370253, 0.5249057720323949]",,0.0,,,,,,,,,,,,,
g9a_w512s5_br64,0,ctx,1000,random,local,False,0.9009,0.07905973590185073,"[92, 110, 96, 100, 97, 86, 77, 117, 106, 119]",1251.6990523338318,,,,,"[0.7582685697088956, 0.546321344305464]",0.79223686439895,"[62.34277391311201, 10.46767091085265, 5.919112832770298]","(512, 256)",0.05,112257.65270996094,local,18760.0,"[0.8584702741871002, 0.8953220782249467]","[0.5353137161844829, 0.5516044188574798]",,0.0,,,,,,,,,,,,,
g9a_w512s5_br64,1,ctx,1000,random,local,False,0.9056,0.0658530304353375,"[90, 109, 98, 95, 99, 101, 103, 99, 110, 96]",1640.9225974082947,,,,,"[0.8035181315491166, 0.6385977843854267]",0.79223686439895,"[62.34277391311201, 20.97479527566528, 12.670705659603847]","(512, 256)",0.05,112257.65270996094,local,18760.0,"[0.8590779709155117, 0.8966636543843284]","[0.538666521853952, 0.5501620968970568]",,0.0,,,,,,,,,,,,,
g9a_w512s5_br64,2,ctx,1000,random,local,False,0.91,0.07389804561061325,"[91, 93, 105, 103, 95, 86, 113, 100, 100, 114]",1482.1086139678955,,,,,"[0.7946390381912245, 0.5724551489675329]",0.79223686439895,"[62.34277391311201, 9.117437277247957, 3.8045032432952928]","(512, 256)",0.05,112257.65270996094,local,18760.0,"[0.8648090809901386, 0.8944848164312367]","[0.5308142739719451, 0.5548434653241974]",,0.0,,,,,,,,,,,,,
g9a_w512s5_br8,0,ctx,1000,random,local,False,0.9085,0.050575230196006765,"[97, 116, 92, 105, 104, 87, 106, 82, 114, 97]",1371.5187616348267,,,,,"[0.7941303733050801, 0.6596129624094915]",0.79223686439895,"[62.34277391311201, 11.294916655957639, 3.8980047497952017]","(512, 256)",0.05,112257.65270996094,local,18760.0,"[0.8611427030583688, 0.8964004614205757]","[0.5076644137740008, 0.5209888500338202]",,0.0,,,,,,,,,,,,,
g9a_w512s5_br8,1,ctx,1000,random,local,False,0.904,0.06941605461492195,"[85, 104, 110, 80, 101, 92, 106, 104, 111, 107]",971.4198393821716,,,,,"[0.8264579717273541, 0.5606323041673834]",0.79223686439895,"[62.34277391311201, 11.275669271723702, 6.362900695913186]","(512, 256)",0.05,112257.65270996094,local,18760.0,"[0.8651934593216951, 0.8970875949493603]","[0.5066452607722964, 0.5265783598592906]",,0.0,,,,,,,,,,,,,
g9a_w512s5_br8,2,ctx,1000,random,local,False,0.9038,0.07657654523060181,"[99, 112, 116, 87, 94, 88, 99, 109, 90, 106]",670.5675799846649,,,,,"[0.8220708917201662, 0.6614066829438187]",0.79223686439895,"[62.34277391311201, 21.045247930858142, 11.479836467788092]","(512, 256)",0.05,112257.65270996094,local,18760.0,"[0.8634315864872069, 0.8932356909648188]","[0.5156101423321661, 0.5326182263566733]",,0.0,,,,,,,,,,,,,
g9a_w512s5_burst128_2048,0,ctx,1000,random,local,False,0.6984,0.26314901802171564,"[109, 110, 105, 94, 80, 88, 93, 137, 87, 97]",714.2407484054565,,,,,"[0.738969200439073, 0.7424345943911161]",0.79223686439895,"[62.34277391311201, 9.127677839398231, 5.427855985159566]","(512, 256)",0.05,112257.65270996094,local,1152.0,"[0.8042534722222222, 0.9375]","[0.5237665508304619, 0.5279535677594444]",,0.0,,,,,,,,,,,,,
g9a_w512s5_burst16_128_br16,0,ctx,1000,random,local,False,0.8562,0.1325247822811984,"[111, 118, 95, 98, 75, 94, 98, 111, 99, 101]",692.2574717998505,,,,,"[0.5955072820686567, 0.7987561172047842]",0.79223686439895,"[62.34277391311201, 10.137992498375548, 6.306563278397769]","(512, 256)",0.05,112257.65270996094,local,2336.0,"[0.8169814854452054, 0.9125107020547946]","[0.5112863471348809, 0.5830308736799514]",,0.0,,,,,,,,,,,,,
g9a_w512s5_burst16_128_br16,1,ctx,1000,random,local,False,0.8572,0.1360159115712883,"[102, 113, 114, 94, 91, 101, 92, 93, 103, 97]",481.20300579071045,,,,,"[0.5901521986123647, 0.7561303939962476]",0.79223686439895,"[62.34277391311201, 10.41207516550743, 5.721450653741228]","(512, 256)",0.05,112257.65270996094,local,2336.0,"[0.8105736301369864, 0.9155072773972602]","[0.515149823096517, 0.5866313791795544]",,0.0,,,,,,,,,,,,,
g9a_w512s5_burst16_128_br16,2,ctx,1000,random,local,False,0.8631,0.11972762278536775,"[83, 122, 116, 99, 88, 95, 94, 111, 106, 86]",333.5688135623932,,,,,"[0.6747352590178763, 0.8627705627705629]",0.79223686439895,"[62.34277391311201, 10.541112469123725, 6.824759768150582]","(512, 256)",0.05,112257.65270996094,local,2336.0,"[0.810185680650685, 0.9124036815068494]","[0.5117372779609406, 0.5817842509291352]",,0.0,,,,,,,,,,,,,
g9a_w512s5_burst16_128_br64,0,ctx,1000,random,local,False,0.8848,0.0806715793893922,"[102, 128, 99, 115, 80, 93, 91, 103, 105, 84]",738.0621592998505,,,,,"[0.6274738592325153, 0.7362589766414736]",0.79223686439895,"[62.34277391311201, 9.486503206635083, 6.781469315888199]","(512, 256)",0.05,112257.65270996094,local,2336.0,"[0.8132223886986302, 0.9139287243150684]","[0.507656805714822, 0.571760787883748]",,0.0,,,,,,,,,,,,,
g9a_w512s5_burst16_128_br64,1,ctx,1000,random,local,False,0.8841,0.08698697888688056,"[100, 104, 103, 99, 98, 107, 82, 105, 105, 97]",769.3022692203522,,,,,"[0.661083675456453, 0.885]",0.79223686439895,"[62.34277391311201, 10.299853192725678, 6.718158066835088]","(512, 256)",0.05,112257.65270996094,local,2336.0,"[0.8118043664383562, 0.9128585188356164]","[0.5165553014368227, 0.5571501533283967]",,0.0,,,,,,,,,,,,,
g9a_w512s5_burst16_128_br64,2,ctx,1000,random,local,False,0.8874,0.08991353832097757,"[91, 117, 118, 104, 95, 102, 85, 101, 92, 95]",359.58369612693787,,,,,"[0.606820383812024, 0.6938260082389407]",0.79223686439895,"[62.34277391311201, 9.96019660757758, 6.206533934922332]","(512, 256)",0.05,112257.65270996094,local,2336.0,"[0.8112826412671232, 0.9123501712328768]","[0.5091219523870577, 0.5624812985579036]",,0.0,,,,,,,,,,,,,
g9a_w512s5_burst16_128,0,ctx,1000,random,local,False,0.8759,0.10777728103281667,"[86, 101, 106, 116, 105, 86, 98, 111, 91, 100]",618.4788107872009,,,,,"[0.5792218679709062, 0.7865741790227565]",0.79223686439895,"[62.34277391311201, 10.200190506879636, 7.573444405030078]","(512, 256)",0.05,112257.65270996094,local,2080.0,"[0.8102013221153846, 0.9134615384615384]","[0.5198555025630273, 0.5566516346799639]",,0.0,,,,,,,,,,,,,
g9a_w512s5_burst16_128,1,ctx,1000,random,local,False,0.8706,0.1186583983322925,"[99, 100, 118, 113, 85, 86, 94, 115, 88, 102]",831.103405714035,,,,,"[0.6184315298581937, 0.7959165542060279]",0.79223686439895,"[62.34277391311201, 9.639778633015963, 6.396843043356036]","(512, 256)",0.05,112257.65270996094,local,2080.0,"[0.8148737980769231, 0.9140925480769231]","[0.5292218985036016, 0.5563320147160155]",,0.0,,,,,,,,,,,,,
g9a_w512s5_burst16_128,2,ctx,1000,random,local,False,0.8825,0.10184859754844977,"[89, 105, 105, 106, 114, 90, 92, 97, 107, 95]",769.7967450618744,,,,,"[0.5952272284003677, 0.7029763500693733]",0.79223686439895,"[62.34277391311201, 9.366748820465945, 4.70418703986337]","(512, 256)",0.05,112257.65270996094,local,2080.0,"[0.8125300480769231, 0.9107271634615385]","[0.5151598679045072, 0.5566602514197047]",,0.0,,,,,,,,,,,,,
g9a_w512s5_burst32_256,0,ctx,1000,random,local,False,0.7187,0.3251634009214429,"[104, 129, 91, 91, 94, 94, 78, 108, 106, 105]",741.8905863761902,,,,,"[0.6026101573312117, 0.7199822967955188]",0.79223686439895,"[62.34277391311201, 8.398746099211968, 5.122603826403726]","(512, 256)",0.05,112257.65270996094,local,1760.0,"[0.8145241477272728, 0.9094460227272727]","[0.5199258767407049, 0.5450094667686658]",,0.0,,,,,,,,,,,,,
g9a_w512s5_burst32_256,1,ctx,1000,random,local,False,0.7228,0.3158392981699801,"[100, 125, 112, 106, 91, 87, 79, 107, 85, 108]",819.4085252285004,,,,,"[0.5973085980292617, 0.7368022548638723]",0.79223686439895,"[62.34277391311201, 8.226456401733905, 5.313405162301009]","(512, 256)",0.05,112257.65270996094,local,1760.0,"[0.8170454545454545, 0.9122159090909091]","[0.5296325803988359, 0.5580297246067362]",,0.0,,,,,,,,,,,,,
g9a_w512s5_burst32_256,2,ctx,1000,random,local,False,0.8227,0.1788980341250816,"[90, 109, 79, 98, 98, 96, 116, 105, 107, 102]",832.8629577159882,,,,,"[0.6529304861799593, 0.6867289977174444]",0.79223686439895,"[62.34277391311201, 8.523530549524402, 5.752202352678314]","(512, 256)",0.05,112257.65270996094,local,1760.0,"[0.820703125, 0.9117897727272727]","[0.528812571767379, 0.5511884568597782]",,0.0,,,,,,,,,,,,,
g9a_w512s5_burst4_32,0,ctx,1000,random,local,False,0.6488,0.41590251128763356,"[104, 115, 111, 85, 96, 99, 84, 114, 94, 98]",718.1686410903931,,,,,"[0.5550352930173332, 0.8105802168318215]",0.79223686439895,"[62.34277391311201, 11.07891417063585, 7.760380114575953]","(512, 256)",0.05,112257.65270996094,local,2300.0,"[0.8015692934782609, 0.9113790760869566]","[0.5101179070965104, 0.5392291473824045]",,0.0,,,,,,,,,,,,,
g9a_w512s5_burst4_32,1,ctx,1000,random,local,False,0.7093,0.335901273831388,"[103, 112, 100, 96, 114, 90, 103, 98, 95, 89]",863.9235429763794,,,,,"[0.5782018871383525, 0.8681106612685558]",0.79223686439895,"[62.34277391311201, 10.903559711240359, 7.273472952547536]","(512, 256)",0.05,112257.65270996094,local,2300.0,"[0.8090149456521739, 0.9087364130434783]","[0.5239006039500237, 0.5404331110871357]",,0.0,,,,,,,,,,,,,
g9a_w512s5_burst4_32,2,ctx,1000,random,local,False,0.6839,0.3717795612002833,"[106, 117, 100, 109, 88, 90, 100, 106, 85, 99]",779.5485818386078,,,,,"[0.5742722917490711, 0.8069447844417246]",0.79223686439895,"[62.34277391311201, 9.612640407243317, 6.995728945349113]","(512, 256)",0.05,112257.65270996094,local,2300.0,"[0.8075713315217391, 0.9079959239130435]","[0.519086994762006, 0.558594794286334]",,0.0,,,,,,,,,,,,,
g9a_w512s5_burst64_1024,0,ctx,1000,random,local,False,0.6911,0.31656113316931145,"[97, 125, 104, 93, 96, 80, 105, 125, 87, 88]",717.1891942024231,,,,,"[0.6844710395162963, 0.7516343556332432]",0.79223686439895,"[62.34277391311201, 9.161971466276983, 7.11089539966879]","(512, 256)",0.05,112257.65270996094,local,1152.0,"[0.8046875, 0.9346788194444444]","[0.5466930935831947, 0.5784488498078039]",,0.0,,,,,,,,,,,,,
g9a_w512s5_burst64_512,0,ctx,1000,random,local,False,0.6269,0.44593749502530955,"[90, 105, 105, 103, 86, 105, 116, 104, 86, 100]",833.780837059021,,,,,"[0.6874994087571182, 0.7128587550046528]",0.79223686439895,"[62.34277391311201, 10.854550695733678, 5.972379447399266]","(512, 256)",0.05,112257.65270996094,local,2304.0,"[0.8287217881944444, 0.9212239583333334]","[0.5292200745704273, 0.5791262255774604]",,0.0,,,,,,,,,,,,,
g9a_w512s5_burst8_64,0,ctx,1000,random,local,False,0.8676,0.11646303631508928,"[108, 96, 101, 115, 97, 89, 102, 97, 100, 95]",597.2710807323456,,,,,"[0.5677210736855327, 0.7472903294822422]",0.79223686439895,"[62.34277391311201, 10.66215074475443, 8.616168156308582]","(512, 256)",0.05,112257.65270996094,local,2240.0,"[0.8093052455357143, 0.9111188616071428]","[0.5172737517261079, 0.5560406189145787]",,0.0,,,,,,,,,,,,,
g9a_w512s5_burst8_64,1,ctx,1000,random,local,False,0.8735,0.09979790394775268,"[106, 111, 85, 95, 103, 103, 103, 92, 97, 105]",833.6813387870789,,,,,"[0.576622334116875, 0.7750268076601031]",0.79223686439895,"[62.34277391311201, 10.344788132315205, 7.418441075139999]","(512, 256)",0.05,112257.65270996094,local,2240.0,"[0.8035853794642858, 0.9137416294642857]","[0.5112963815751884, 0.5632288808136114]",,0.0,,,,,,,,,,,,,
g9a_w512s5_burst8_64,2,ctx,1000,random,local,False,0.8615,0.12105946634367801,"[95, 104, 82, 104, 109, 103, 91, 103, 98, 111]",830.4067883491516,,,,,"[0.6124780276561045, 0.7492141940216394]",0.79223686439895,"[62.34277391311201, 11.120398492572082, 6.778461573236323]","(512, 256)",0.05,112257.67834498733,local,2240.0,"[0.8115652901785714, 0.9131138392857143]","[0.5184120620068695, 0.5518932276006255]",,0.0,,,,,,,,,,,,,
g9a_w512s5_cad16,0,ctx,1000,random,local,False,0.2749,0.8907258058312584,"[122, 117, 95, 97, 97, 82, 84, 108, 88, 110]",630.3831777572632,,,,,"[0.5817618731044897, 0.8626829268292683]",0.79223686439895,"[62.34277391311193, 8.66717161040993, 3.953269703794386]","(512, 256)",0.05,112257.67834498733,local,1165.0,"[0.7966084361587983, 0.9101059549356223]","[0.5204609569050211, 0.5421689689926835]",,0.0,,,,,,,,,,,,,
g9a_w512s5_cad16,1,ctx,1000,random,local,False,0.2698,0.8869354512893699,"[79, 119, 95, 99, 114, 87, 105, 90, 104, 108]",812.8686289787292,,,,,"[0.5931352924843862, 0.863974358974359]",0.79223686439895,"[62.34277391311193, 7.266071733384394, 3.638792327326924]","(512, 256)",0.05,112257.65270996094,local,1165.0,"[0.7921824704935623, 0.9092140557939914]","[0.5257920240383803, 0.5416921210135514]",,0.0,,,,,,,,,,,,,
g9a_w512s5_cad16,2,ctx,1000,random,local,False,0.3258,0.8252439581566562,"[110, 114, 93, 112, 101, 77, 102, 98, 102, 91]",709.261919260025,,,,,"[0.6062853400594888, 0.8270329670329671]",0.79223686439895,"[62.34277391311193, 7.956041866059651, 4.142129815562859]","(512, 256)",0.05,112257.65270996094,local,1165.0,"[0.79592107027897, 0.9120238733905579]","[0.5193702301498134, 0.5627242083713221]",,0.0,,,,,,,,,,,,,
g9a_w512s5_cad2_br64,0,ctx,1000,random,local,False,0.9158,0.06393250914778298,"[113, 107, 104, 94, 86, 84, 95, 107, 101, 109]",1138.5306401252747,,,,,"[0.6867590498572619, 0.6299156780733751]",0.79223686439895,"[62.34277391311201, 15.20958554365052, 8.334494854045404]","(512, 256)",0.05,112257.65270996094,local,9380.0,"[0.8177584454957356, 0.8927680237206823]","[0.5030782323592762, 0.5682843052597443]",,0.0,,,,,,,,,,,,,
g9a_w512s5_cad2_br64,1,ctx,1000,random,local,False,0.9133,0.06569113314312111,"[94, 114, 109, 102, 108, 70, 105, 93, 97, 108]",773.6298158168793,,,,,"[0.687272144556081, 0.7545410250127232]",0.79223686439895,"[62.34277391311201, 12.57824999454485, 3.207519905869129]","(512, 256)",0.05,112257.65270996094,local,9380.0,"[0.8224732226146055, 0.8928246601812366]","[0.49607731805744965, 0.5741728793138634]",,0.0,,,,,,,,,,,,,
g9a_w512s5_cad2_br64,2,ctx,1000,random,local,False,0.9101,0.05790818933101635,"[93, 131, 98, 85, 86, 95, 90, 110, 95, 117]",540.4547400474548,,,,,"[0.6796922687318052, 0.6639930531560816]",0.79223686439895,"[62.34277391311201, 11.924135119533961, 5.792022113936742]","(512, 256)",0.05,112257.65270996094,local,9380.0,"[0.828199960021322, 0.8977178837953091]","[0.5008910898397217, 0.5740323985023285]",,0.0,,,,,,,,,,,,,
g9a_w512s5_cad2,0,ctx,1000,random,local,False,0.9017,0.0814542222363559,"[89, 106, 100, 91, 104, 66, 122, 99, 114, 109]",806.7972745895386,,,,,"[0.6620164106535606, 0.6055791814277834]",0.79223686439895,"[62.34277391311193, 14.15441605225647, 4.57731417053112]","(512, 256)",0.05,112257.65270996094,local,9380.0,"[0.8158607076226013, 0.8924406982942431]","[0.5063387713547963, 0.5681508796746289]",,0.0,,,,,,,,,,,,,
g9a_w512s5_cad2,1,ctx,1000,random,local,False,0.9077,0.07498152069666608,"[96, 112, 93, 100, 90, 104, 109, 105, 87, 104]",1360.1695942878723,,,,,"[0.6694760335926062, 0.6920214388785817]",0.79223686439895,"[62.34277391311193, 14.769160545484697, 6.189316078064821]","(512, 256)",0.05,112257.65270996094,local,9380.0,"[0.8180920175906183, 0.895557369402985]","[0.5091702726921802, 0.559211658427456]",,0.0,,,,,,,,,,,,,
g9a_w512s5_cad2,2,ctx,1000,random,local,False,0.9078,0.05720405258575553,"[116, 100, 109, 126, 96, 74, 93, 113, 91, 82]",1389.9014377593994,,,,,"[0.7050948268211068, 0.6492294174362118]",0.79223686439895,"[62.34277391311193, 12.825238066730495, 4.654219242462108]","(512, 256)",0.05,112257.65270996094,local,9380.0,"[0.8295155083955223, 0.8919930203891258]","[0.5070667787909762, 0.557855328421857]",,0.0,,,,,,,,,,,,,
g9a_w512s5_cad4_br64,0,ctx,1000,random,local,False,0.8502,0.15510403343983398,"[112, 96, 101, 121, 89, 91, 94, 92, 96, 108]",902.3015909194946,,,,,"[0.6047246439966962, 0.6421528888759964]",0.79223686439895,"[62.34277391311201, 11.749126581908415, 8.814534431588022]","(512, 256)",0.05,112257.65270996094,local,4690.0,"[0.816177621934968, 0.8991471215351813]","[0.5103840344623207, 0.56712453568668]",,0.0,,,,,,,,,,,,,
g9a_w512s5_cad4_br64,1,ctx,1000,random,local,False,0.8716,0.12415168294281312,"[105, 102, 88, 89, 70, 102, 108, 117, 95, 124]",602.594108581543,,,,,"[0.6231107577331434, 0.773756937722219]",0.79223686439895,"[62.34277391311201, 10.895784190964429, 5.281197271236576]","(512, 256)",0.05,112257.65270996094,local,4690.0,"[0.8105768590085288, 0.8976021122068231]","[0.5095267803175871, 0.5498130104117303]",,0.0,,,,,,,,,,,,,
g9a_w512s5_cad4_br64,2,ctx,1000,random,local,False,0.8764,0.11086215851865419,"[102, 108, 100, 102, 109, 89, 101, 104, 88, 97]",417.9798791408539,,,,,"[0.6630614364645375, 0.6952191912750743]",0.79223686439895,"[62.34277391311201, 11.869274637035103, 7.92676595341213]","(512, 256)",0.05,112257.65270996094,local,4690.0,"[0.819260977478678, 0.9026002798507463]","[0.5093147765916548, 0.5906356274763912]",,0.0,,,,,,,,,,,,,
g9a_w512s5_cad4,0,ctx,1000,random,local,False,0.8785,0.11183966950303337,"[84, 115, 91, 114, 87, 95, 88, 128, 107, 91]",689.1354925632477,,,,,"[0.5920362912927863, 0.7074412377844734]",0.79223686439895,"[62.34277391311193, 12.237684501430063, 5.912527823546161]","(512, 256)",0.05,112257.65270996094,local,4685.0,"[0.8040788420490929, 0.8936124266275347]","[0.5132502961120585, 0.5490801277320947]",,0.0,,,,,,,,,,,,,
g9a_w512s5_cad4,1,ctx,1000,random,local,False,0.8752,0.1180353974089215,"[103, 96, 104, 91, 94, 93, 107, 101, 108, 103]",1150.5706779956818,,,,,"[0.6180780231565037, 0.651932969190679]",0.79223686439895,"[62.34277391311193, 13.235418653076454, 7.0271443059987035]","(512, 256)",0.05,112257.65270996094,local,4685.0,"[0.8136418589914621, 0.8950832110458912]","[0.5094179098799491, 0.5560612547486671]",,0.0,,,,,,,,,,,,,
g9a_w512s5_cad4,2,ctx,1000,random,local,False,0.8833,0.10603624995696043,"[85, 97, 99, 107, 96, 84, 118, 112, 94, 108]",915.0003936290741,,,,,"[0.6494604442618399, 0.7810730408416442]",0.79223686439895,"[62.34277391311193, 9.847905561057026, 4.827624444703971]","(512, 256)",0.05,112257.65270996094,local,4685.0,"[0.8125216782283885, 0.8971968383137674]","[0.5134425669367819, 0.5449523542135986]",,0.0,,,,,,,,,,,,,
g9a_w512s5_cad8,0,ctx,1000,random,local,False,0.6543,0.41924504013662905,"[111, 117, 90, 104, 86, 93, 116, 98, 96, 89]",748.9838860034943,,,,,"[0.6040737241334481, 0.7589044427144108]",0.79223686439895,"[62.34277391311193, 9.967328206118747, 6.2403504076802]","(512, 256)",0.05,112257.65270996094,local,2340.0,"[0.8097639556623931, 0.9084034455128205]","[0.5210475482492365, 0.5566249064273304]",,0.0,,,,,,,,,,,,,
g9a_w512s5_cad8,1,ctx,1000,random,local,False,0.5747,0.5157201343491019,"[99, 100, 87, 94, 100, 103, 105, 111, 104, 97]",855.3222358226776,,,,,"[0.6321655884086533, 0.7899688747944562]",0.79223686439895,"[62.34277391311193, 10.905726404405492, 5.652212989714833]","(512, 256)",0.05,112257.65270996094,local,2340.0,"[0.8045981904380342, 0.8980785924145299]","[0.517335160700684, 0.5392981167787161]",,0.0,,,,,,,,,,,,,
g9a_w512s5_cad8,2,ctx,1000,random,local,False,0.5975,0.48944300594184165,"[97, 118, 111, 89, 99, 93, 99, 96, 101, 97]",938.2032709121704,,,,,"[0.6242531780158936, 0.7157236009405608]",0.79223686439895,"[62.34277391311193, 9.880081920656, 6.777817250952703]","(512, 256)",0.05,112257.65270996094,local,2340.0,"[0.8064536591880341, 0.9041750133547009]","[0.5153032130665249, 0.5624511518921608]",,0.0,,,,,,,,,,,,,
g9a_w512s5_none_br16,0,ctx,1000,random,local,False,0.8821,0.12461612891273141,"[110, 110, 96, 111, 95, 83, 105, 105, 100, 85]",1432.9909737110138,,,,,"[0.8919497152988031, 0.7691737105399346]",0.79223686439895,"[62.34277391311201, 6.0734173730036325, 2.44644277833451]","(512, 256)",0.05,112257.65270996094,local,18760.0,"[1.0, 1.0]","[1.0, 1.0]",,0.0,,,,,,,,,,,,,
g9a_w512s5_none_br16,1,ctx,1000,random,local,False,0.8664,0.14030967876862743,"[98, 104, 90, 109, 99, 79, 109, 124, 95, 93]",682.8822736740112,,,,,"[0.9302883100027811, 0.7865021008403362]",0.79223686439895,"[62.34277391311201, 6.792606907065019, 1.4286354539284218]","(512, 256)",0.05,112257.65270996094,local,18760.0,"[1.0, 1.0]","[1.0, 1.0]",,0.0,,,,,,,,,,,,,
g9a_w512s5_none_br16,2,ctx,1000,random,local,False,0.8596,0.14350757790367535,"[100, 128, 99, 103, 109, 100, 85, 93, 92, 91]",488.0069169998169,,,,,"[0.9143087121212122, 0.7751768971768971]",0.79223686439895,"[62.34277391311201, 7.8925076141456225, 1.8253117262267726]","(512, 256)",0.05,112257.65270996094,local,18760.0,"[1.0, 1.0]","[1.0, 1.0]",,0.0,,,,,,,,,,,,,
g9a_w512s5_none_br8,0,ctx,1000,random,local,False,0.8261,0.1905483894812397,"[97, 116, 92, 105, 104, 87, 106, 82, 114, 97]",675.6845343112946,,,,,"[0.9321634615384615, 0.8120504263997033]",0.79223686439895,"[62.34277391311201, 7.4281668045791225, 2.4532107631326348]","(512, 256)",0.05,112257.65270996094,local,18760.0,"[1.0, 1.0]","[1.0, 1.0]",,0.0,,,,,,,,,,,,,
g9a_w512s5_none_br8,1,ctx,1000,random,local,False,0.8465,0.1688292872583312,"[85, 104, 110, 80, 101, 92, 106, 104, 111, 107]",477.02290987968445,,,,,"[0.937101574500768, 0.7423960779466897]",0.79223686439895,"[62.34277391311201, 7.736598150481885, 1.8131990700421996]","(512, 256)",0.05,112257.65270996094,local,18760.0,"[1.0, 1.0]","[1.0, 1.0]",,0.0,,,,,,,,,,,,,
g9a_w512s5_none_br8,2,ctx,1000,random,local,False,0.8455,0.16827392252473236,"[99, 112, 116, 87, 94, 88, 99, 109, 90, 106]",345.08825039863586,,,,,"[0.945635459068295, 0.7883703703703704]",0.79223686439895,"[62.34277391311201, 7.837089240728821, 3.025094183246395]","(512, 256)",0.05,112257.65270996094,local,18760.0,"[1.0, 1.0]","[1.0, 1.0]",,0.0,,,,,,,,,,,,,
g9a_w512s5_pburst16_t64_br16_K200,0,ctx,200,random,local,False,0.8314,0.14665712609269643,"[26, 20, 16, 25, 13, 14, 22, 30, 19, 15]",697.8032808303833,,,,,"[0.6160797218727679, 0.746414195197245]",0.79223686439895,"[62.34277391311201, 10.476054512545772, 7.8062339415444555]","(512, 256)",0.05,112257.65270996094,local,2752.0,"[0.8224473110465116, 0.9059547601744186]","[0.5351736194367499, 0.5251866573695266]",pressure,6.4,,,3.49202780875006,,,,,,,,,,
g9a_w512s5_pburst16_t64_br16_K200,1,ctx,200,random,local,False,0.8498,0.10050332566894735,"[19, 30, 21, 15, 24, 14, 20, 24, 14, 19]",352.158944606781,,,,,"[0.5580039322726232, 0.6659344064196684]",0.79223686439895,"[62.34277391311201, 12.192333739969346, 9.210948299461851]","(512, 256)",0.05,112257.65270996094,local,2768.0,"[0.8182803468208093, 0.90234375]","[0.5374783583179202, 0.5277398212495222]",pressure,6.4,,,3.5240931193433656,,,,,,,,,,
g9a_w512s5_pburst16_t64_br16_K200,2,ctx,200,random,local,False,0.8507,0.10414739662601821,"[22, 17, 24, 24, 16, 14, 11, 25, 25, 22]",247.79773879051208,,,,,"[0.6121017823399237, 0.7235168054270738]",0.79223686439895,"[62.34277391311201, 11.190949600239232, 7.055716065380714]","(512, 256)",0.05,112257.65270996094,local,2768.0,"[0.8199286488439307, 0.9054371387283237]","[0.5287177646694156, 0.5244775957056467]",pressure,6.4,,,3.498192536078695,,,,,,,,,,
g9a_w512s5_pburst16_t64_br16,0,ctx,1000,random,local,False,0.8815,0.07639280477288429,"[86, 111, 96, 89, 98, 85, 108, 118, 100, 109]",713.9284443855286,,,,,"[0.5860412737658668, 0.8005059529540131]",0.79223686439895,"[62.34277391311201, 11.925884952654574, 8.970068340969005]","(512, 256)",0.05,112257.65270996094,local,2768.0,"[0.8195899566473989, 0.902975975433526]","[0.5293252302516747, 0.5248510636216988]",pressure,6.4,,,3.512375457097949,,,,,,,,,,
g9a_w512s5_pburst16_t64_br16,1,ctx,1000,random,local,False,0.893,0.050507268017378426,"[110, 111, 97, 103, 98, 106, 83, 101, 99, 92]",639.4808776378632,,,,,"[0.5928170832259514, 0.7361877827911922]",0.79223686439895,"[62.34277391311201, 12.395759840768132, 8.294152431798858]","(512, 256)",0.05,112257.65270996094,local,2768.0,"[0.8203350794797688, 0.8978278540462428]","[0.5328852565948329, 0.5306186121861541]",pressure,6.4,,,3.5179582473009763,,,,,,,,,,
g9a_w512s5_pburst16_t64_br16,2,ctx,1000,random,local,False,0.8729,0.08957530671727568,"[99, 99, 95, 119, 112, 76, 109, 101, 97, 93]",358.1456551551819,,,,,"[0.6004515611932192, 0.756519313070095]",0.79223686439895,"[62.34277391311201, 11.627057633970267, 7.742433753866618]","(512, 256)",0.05,112257.65270996094,local,2752.0,"[0.8224473110465116, 0.9076126453488372]","[0.5244539353000217, 0.5212093981816758]",pressure,6.4,,,3.507007665088428,,,,,,,,,,
g9a_w512s5_pburst16_t64_br64,0,ctx,1000,random,local,False,0.8933,0.056729777946145976,"[94, 124, 97, 94, 100, 81, 97, 113, 105, 95]",744.3072476387024,,,,,"[0.6029184845260065, 0.7078197410252373]",0.79223686439895,"[62.34277391311201, 12.039703798814346, 6.973191829033323]","(512, 256)",0.05,112257.65270996094,local,2768.0,"[0.8225930274566474, 0.8991374638728323]","[0.5391054432408485, 0.5173347889192704]",pressure,6.4,,,3.518365999869605,,,,,,,,,,
g9a_w512s5_pburst16_t64_br64,1,ctx,1000,random,local,False,0.8913,0.0660339020303479,"[105, 106, 93, 109, 89, 87, 96, 109, 103, 103]",798.5812861919403,,,,,"[0.5860103085720638, 0.7187291422062199]",0.79223686439895,"[62.34277391311201, 11.464571275471506, 7.309940721188089]","(512, 256)",0.05,112257.65270996094,local,2768.0,"[0.8199173591040463, 0.900130960982659]","[0.5376049305899122, 0.5226517185310408]",pressure,6.4,,,3.5033032841982443,,,,,,,,,,
g9a_w512s5_pburst16_t64_br64,2,ctx,1000,random,local,False,0.9005,0.051868461925542064,"[95, 110, 92, 109, 100, 94, 91, 103, 99, 107]",364.82498002052307,,,,,"[0.617604734055034, 0.7163178153133178]",0.79223686439895,"[62.34277391311201, 13.200652926433241, 8.582858208907284]","(512, 256)",0.05,112257.65270996094,local,2768.0,"[0.8184835621387283, 0.9027276011560693]","[0.5408548069094992, 0.5153207995342037]",pressure,6.4,,,3.5205087738270477,,,,,,,,,,
g9a_w512s5_pburst16_t64,0,ctx,1000,random,local,False,0.9002,0.033886807200469715,"[104, 115, 96, 92, 113, 99, 95, 102, 84, 100]",953.9788749217987,,,,,"[0.6062570703701304, 0.774123102596194]",0.79223686439895,"[62.34277391311201, 12.944418798893485, 8.215422014359325]","(512, 256)",0.05,112257.65270996094,local,2784.0,"[0.8159123563218391, 0.9045662715517241]","[0.5456509465758486, 0.5148435644270188]",pressure,6.4,,,3.5289266981071292,,,,,,,,,,
g9a_w512s5_pburst16_t64,1,ctx,1000,random,local,False,0.8975,0.0582280866840435,"[106, 119, 104, 112, 76, 93, 95, 98, 99, 98]",878.6932814121246,,,,,"[0.6278985738219951, 0.7260999786422688]",0.79223686439895,"[62.34277391311201, 9.724809850620932, 5.326324342192965]","(512, 256)",0.05,112257.65270996094,local,2768.0,"[0.819996387283237, 0.8960892341040463]","[0.5518978234122082, 0.5309441560782449]",pressure,6.4,,,3.5141264796316594,,,,,,,,,,
g9a_w512s5_pburst16_t64,2,ctx,1000,random,local,False,0.8992,0.04387588260908998,"[98, 112, 82, 91, 95, 113, 80, 122, 99, 108]",942.7421576976776,,,,,"[0.5839573946211504, 0.7849178014967488]",0.79223686439895,"[62.34277391311201, 12.475832541684225, 7.789660878549067]","(512, 256)",0.05,112257.65270996094,local,2768.0,"[0.8211818099710982, 0.9005825505780347]","[0.5480041702660178, 0.5158530998587436]",pressure,6.4,,,3.514715114601854,,,,,,,,,,
g9a_w512s5_pburst8_t32_br32,0,ctx,1000,random,local,False,0.8521,0.12383718684814934,"[96, 113, 91, 121, 107, 99, 91, 87, 96, 99]",749.963107585907,,,,,"[0.637142755326125, 0.7094812925170068]",0.79223686439895,"[62.34277391311201, 11.895666084208852, 7.057643751955065]","(512, 256)",0.05,112257.65270996094,local,2752.0,"[0.8268872638081395, 0.902366460755814]","[0.5269545611795471, 0.522365806613464]",pressure,3.2,,,1.7465970037518932,,,,,,,,,,
g9a_w512s5_pburst8_t32_br32,1,ctx,1000,random,local,False,0.8672,0.10687508488618425,"[86, 102, 110, 104, 105, 84, 93, 114, 109, 93]",586.1853768825531,,,,,"[0.610591838361739, 0.8543997140185888]",0.79223686439895,"[62.34277391311201, 13.610031674467312, 8.347544151385529]","(512, 256)",0.05,112257.65270996094,local,2776.0,"[0.8222093389769453, 0.8914130043227666]","[0.537804200547487, 0.5200031298489152]",pressure,3.2,,,1.7537469514423232,,,,,,,,,,
g9a_w512s5_pburst8_t32_br32,2,ctx,1000,random,local,False,0.8652,0.0955068715384797,"[125, 115, 93, 124, 112, 71, 73, 95, 96, 96]",358.58811354637146,,,,,"[0.6076065777795814, 0.7364588277171333]",0.79223686439895,"[62.34277391311201, 11.327347951450845, 7.832152720562885]","(512, 256)",0.05,112257.65270996094,local,2752.0,"[0.8292775708575582, 0.9022756177325582]","[0.5255409476867076, 0.5173009268419687]",pressure,3.2,,,1.7425705025830407,,,,,,,,,,
g9a_w512s5_pburst8_t32_br64,0,ctx,1000,random,local,False,0.8707,0.08986981635672275,"[107, 94, 100, 106, 92, 101, 108, 110, 96, 86]",780.6935164928436,,,,,"[0.6101419437937222, 0.6885088368035802]",0.79223686439895,"[62.34277391311201, 12.351746925809326, 8.616900828318547]","(512, 256)",0.05,112257.65270996094,local,2752.0,"[0.8288517441860465, 0.9029342296511628]","[0.529597109638501, 0.5184269624946336]",pressure,3.2,,,1.7397304603555945,,,,,,,,,,
g9a_w512s5_pburst8_t32_br64,1,ctx,1000,random,local,False,0.7894,0.22175931804040472,"[102, 109, 108, 97, 90, 91, 100, 110, 90, 103]",697.7354760169983,,,,,"[0.6035298174354057, 0.7436201930302027]",0.79223686439895,"[62.34277391311201, 12.996673099475702, 8.503273236202821]","(512, 256)",0.05,112257.65270996094,local,2768.0,"[0.8239986000722543, 0.8905911307803468]","[0.5437830995251506, 0.520945801631133]",pressure,3.2,,,1.7511156387990519,,,,,,,,,,
g9a_w512s5_pburst8_t32_br64,2,ctx,1000,random,local,False,0.8398,0.15165684483130928,"[93, 104, 94, 109, 97, 88, 94, 117, 102, 102]",485.10974049568176,,,,,"[0.6101055743544289, 0.7133499971878245]",0.79223686439895,"[62.34277391311201, 12.558117640002953, 8.644592233108597]","(512, 256)",0.05,112257.65270996094,local,2752.0,"[0.8279319585755814, 0.8974041606104651]","[0.5422675550352175, 0.5143398516594844]",pressure,3.2,,,1.7424705549222685,,,,,,,,,,
g9a_w512s5_pburst8_t32,0,ctx,1000,random,local,False,0.8823,0.08147258646544367,"[103, 120, 93, 101, 98, 89, 106, 99, 105, 86]",735.0027143955231,,,,,"[0.6030801846441993, 0.7269475634047627]",0.79223686439895,"[62.34277391311201, 11.89063553023734, 6.953519326088734]","(512, 256)",0.05,112257.65270996094,local,2760.0,"[0.825486865942029, 0.9030910326086956]","[0.5354559764589952, 0.5171413355655429]",pressure,3.2,,,1.7460628361907848,,,,,,,,,,
g9a_w512s5_pburst8_t32,1,ctx,1000,random,local,False,0.8438,0.15131100883686813,"[104, 125, 103, 108, 104, 89, 73, 97, 98, 99]",811.0121519565582,,,,,"[0.6166269410015115, 0.7277980901367196]",0.79223686439895,"[62.34277391311201, 12.716669120097364, 8.507644703052534]","(512, 256)",0.05,112257.65270996094,local,2768.0,"[0.8203237897398844, 0.897602059248555]","[0.5494045335476454, 0.5178900592761233]",pressure,3.2,,,1.7572237724938722,,,,,,,,,,
g9a_w512s5_pburst8_t32,2,ctx,1000,random,local,False,0.8576,0.1180651363075349,"[94, 99, 101, 96, 107, 101, 110, 101, 89, 102]",707.839777469635,,,,,"[0.6106789219440409, 0.6971281027185875]",0.79223686439895,"[62.34277391311201, 12.797079140339688, 8.75327161625788]","(512, 256)",0.05,112257.65270996094,local,2752.0,"[0.8305153070494186, 0.8966319949127907]","[0.5477107014766959, 0.5217115076821904]",pressure,3.2,,,1.7407356474272557,,,,,,,,,,
g9a_w512s5_pburst8_t64,0,ctx,1000,random,local,False,0.7646,0.22210105128237276,"[110, 112, 116, 85, 90, 84, 100, 109, 89, 105]",783.1065573692322,,,,,"[0.6398237074899387, 0.8184233640755381]",0.79223686439895,"[62.34277391311201, 8.553822567090931, 4.19544551697458]","(512, 256)",0.05,112257.65270996094,local,1384.0,"[0.8155369400289018, 0.9037662572254336]","[0.5462546028799748, 0.5134833428384251]",pressure,6.4,,,3.5056172851197074,,,,,,,,,,
g9a_w512s5_pburst8_t64,1,ctx,1000,random,local,False,0.7617,0.21653079556322272,"[109, 117, 110, 90, 90, 90, 94, 101, 101, 98]",710.0053153038025,,,,,"[0.6234433375737456, 0.759943498633829]",0.79223686439895,"[62.34277391311201, 8.939236746924148, 5.729330034064507]","(512, 256)",0.05,112257.65270996094,local,1392.0,"[0.810546875, 0.9047234195402298]","[0.5471231418008777, 0.5143070263552597]",pressure,6.4,,,3.5058106044077,,,,,,,,,,
g9a_w512s5_pburst8_t64,2,ctx,1000,random,local,False,0.708,0.31550013644075586,"[99, 109, 105, 97, 96, 103, 93, 98, 104, 96]",559.6020920276642,,,,,"[0.5891174138769514, 0.706606394759784]",0.79223686439895,"[62.34277391311201, 9.69462666119101, 6.922977317160219]","(512, 256)",0.05,112257.65270996094,local,1384.0,"[0.8156272579479769, 0.9010567196531792]","[0.5508263067616893, 0.5256735840758492]",pressure,6.4,,,3.4879906650503547,,,,,,,,,,
g9a_w512s5_press02,0,ctx,1000,random,local,False,0.8914,0.08082780056889674,"[101, 98, 99, 123, 98, 88, 101, 100, 95, 97]",869.950493812561,,,,,"[0.715337747699633, 0.7077474232117089]",0.79223686439895,"[62.34277391311193, 9.004714731606358, 4.416319641620712]","(512, 256)",0.05,112257.65270996094,local,4700.0,"[0.8392777593085107, 0.9064893617021277]","[0.521779031360403, 0.5300155647812371]",pressure,0.2,,,0.14846843719067399,,,,,,,,,,
g9a_w512s5_press02,1,ctx,1000,random,local,False,0.8771,0.08544857651151702,"[88, 102, 95, 103, 113, 87, 101, 130, 81, 100]",1087.8948061466217,,,,,"[0.7292905796800762, 0.6938533503785812]",0.79223686439895,"[62.34277391311193, 9.341589336474387, 5.623659495994126]","(512, 256)",0.05,112257.65270996094,local,4701.0,"[0.8406036448362051, 0.9034414220378643]","[0.5216368548199614, 0.5295878767307909]",pressure,0.2,,,0.14865410780079408,,,,,,,,,,
g9a_w512s5_press02,2,ctx,1000,random,local,False,0.7415,0.30931062225692096,"[98, 119, 93, 94, 95, 93, 107, 93, 107, 101]",1016.9865350723267,,,,,"[0.7105032313205369, 0.7548133302820985]",0.79223686439895,"[62.34277391311193, 11.903362850003194, 8.074547654776197]","(512, 256)",0.05,112257.65270996094,local,4700.0,"[0.8436897440159574, 0.9018791555851063]","[0.5327847547987674, 0.5342348300427833]",pressure,0.2,,,0.14837484264593404,,,,,,,,,,
g9a_w512s5_press04,0,ctx,1000,random,local,False,0.614,0.4680413467589269,"[87, 115, 107, 127, 97, 91, 80, 102, 103, 91]",482.40352272987366,,,,,"[0.6805921453981532, 0.7322995897892108]",0.79223686439895,"[62.34277391311193, 8.911559921361803, 4.83892421369597]","(512, 256)",0.05,112257.65270996094,local,2665.0,"[0.8315644054878049, 0.9044617729831145]","[0.5254262248973238, 0.5248362716266407]",pressure,0.4,,,0.24299572814446585,,,,,,,,,,
g9a_w512s5_press04,1,ctx,1000,random,local,False,0.5988,0.48389401335785054,"[97, 111, 88, 95, 93, 87, 108, 104, 101, 116]",741.641891002655,,,,,"[0.6285780083115942, 0.6738025950159287]",0.79223686439895,"[62.34277391311193, 8.671943053229663, 5.8229771909023995]","(512, 256)",0.05,112257.65270996094,local,2668.0,"[0.8281491578429535, 0.9052792939467766]","[0.5286512129578455, 0.5213592133779397]",pressure,0.4,,,0.243444278193459,,,,,,,,,,
g9a_w512s5_press04,2,ctx,1000,random,local,False,0.6414,0.43070446223668235,"[92, 116, 106, 106, 94, 106, 82, 89, 114, 95]",855.3319885730743,,,,,"[0.6774068829280611, 0.6611270962533817]",0.79223686439895,"[62.34277391311193, 7.637862080923755, 4.898216581520945]","(512, 256)",0.05,112257.65270996094,local,2663.0,"[0.8342146721273, 0.9030463762673676]","[0.5244662930788154, 0.5299288584433505]",pressure,0.4,,,0.24257644672474976,,,,,,,,,,
g9a_w512s5_press08,0,ctx,1000,random,local,False,0.3921,0.7446182882644665,"[106, 113, 102, 98, 100, 96, 105, 109, 77, 94]",417.3479640483856,,,,,"[0.6567572372061151, 0.791682978856892]",0.79223686439895,"[62.34277391311193, 7.160691410572479, 4.192605318997723]","(512, 256)",0.05,112257.65270996094,local,1353.0,"[0.8228156180709535, 0.9050634007760532]","[0.5413222634959732, 0.5108823439674913]",pressure,0.8,,,0.45704753548244453,,,,,,,,,,
g9a_w512s5_press08,1,ctx,1000,random,local,False,0.3855,0.7517472840736416,"[114, 102, 102, 115, 96, 95, 85, 109, 87, 95]",715.9779000282288,,,,,"[0.6155991053475998, 0.867498217087434]",0.79223686439895,"[62.34277391311193, 7.13590918334981, 5.905444340274974]","(512, 256)",0.05,112257.65270996094,local,1355.0,"[0.8199117850553506, 0.9055379381918819]","[0.540816017996341, 0.5139162696595562]",pressure,0.8,,,0.45792379423336527,,,,,,,,,,
g9a_w512s5_press08,2,ctx,1000,random,local,False,0.4317,0.6860866341118623,"[101, 121, 95, 82, 94, 97, 102, 114, 96, 98]",783.3896474838257,,,,,"[0.665267530346082, 0.806836673599294]",0.79223686439895,"[62.34277391311193, 6.546187372479301, 4.146055756317664]","(512, 256)",0.05,112257.65270996094,local,1352.0,"[0.8217484513683432, 0.9059668546597633]","[0.5352339888950424, 0.5125100198008957]",pressure,0.8,,,0.4571428260094782,,,,,,,,,,
g9a_w512s5_press16,0,ctx,1000,random,local,False,0.1918,0.9841988269543933,"[87, 130, 113, 103, 93, 92, 96, 103, 87, 96]",468.0916609764099,,,,,"[0.6317347231944587, 0.9274510889627168]",0.79223686439895,"[62.34277391311193, 7.239391001450465, 3.4010119809878967]","(512, 256)",0.05,112257.65270996094,local,694.0,"[0.805771005943804, 0.9046064481268011]","[0.5558079761112115, 0.5138521124675913]",pressure,1.6,,,0.8837062287714277,,,,,,,,,,
g9a_w512s5_press16,1,ctx,1000,random,local,False,0.1922,0.9757705493452196,"[93, 111, 88, 96, 101, 85, 107, 103, 97, 119]",720.9475362300873,,,,,"[0.6193914434695502, 0.8876881384198457]",0.79223686439895,"[62.34277391311193, 6.755102013695444, 3.3521379605813957]","(512, 256)",0.05,112257.65270996094,local,696.0,"[0.8029729031968391, 0.9028432561063219]","[0.5573356614458835, 0.5168344484663557]",pressure,1.6,,,0.8863490779226872,,,,,,,,,,
g9a_w512s5_press16,2,ctx,1000,random,local,False,0.1899,0.9872832563054996,"[91, 104, 99, 120, 92, 105, 101, 93, 107, 88]",704.4669272899628,,,,,"[0.6312721242428367, 0.9019047619047619]",0.79223686439895,"[62.34277391311193, 6.863899508630039, 2.8395034362393496]","(512, 256)",0.05,112257.65604782104,local,693.0,"[0.806189687049062, 0.9067065746753247]","[0.548748625907375, 0.5091469798339222]",pressure,1.6,,,0.8828475195251262,,,,,,,,,,
g9a_w512s5_sburst8_03,0,ctx,1000,random,local,False,0.1917,0.9892819509920621,"[108, 112, 101, 98, 98, 90, 108, 113, 77, 95]",941.9294812679291,,,,,"[0.5836533594193541, 0.8063832430608746]",0.79223686439895,"[62.34277391311201, 5.847040493979032, 2.2811234155434503]","(512, 256)",0.05,112257.65270996094,local,4472.0,"[0.7928744130143113, 0.893783542039356]","[0.5183522229970887, 0.501705098549847]",surprise,0.3,,,0.12001270017264458,,,,,,,,,,
g9a_w512s5_sburst8_05,0,ctx,1000,random,local,False,0.1911,0.9866560647211473,"[110, 114, 90, 96, 97, 95, 113, 114, 82, 89]",808.3548581600189,,,,,"[0.5931214069917065, 0.8304139482334207]",0.79223686439895,"[62.34277391311201, 5.207534265185626, 1.688620665748379]","(512, 256)",0.05,112257.65270996094,local,1888.0,"[0.7636304952330508, 0.8761917372881356]","[0.5195092820262505, 0.4814745185628407]",surprise,0.5,,,0.16063620723468233,,,,,,,,,,
g9a_w512s5_silent_br16,0,ctx,1000,random,local,False,0.8868,0.11310171726660243,"[110, 110, 96, 111, 95, 83, 105, 105, 100, 85]",814.5795183181763,,,,,"[0.7818651076836918, 0.623010505910859]",0.79223686439895,"[62.34277391311201, 9.633097007850296, 4.993478765861011]","(512, 256)",0.05,112257.65270996094,local,18760.0,"[0.7819341143057036, 0.8389737973081024]","[0.1454679710976184, 0.2622793012363677]",,0.0,,,,,,,,,,,,,
g9a_w512s5_silent_br16,1,ctx,1000,random,local,False,0.8928,0.10290629430082412,"[98, 104, 90, 109, 99, 79, 109, 124, 95, 93]",487.01398849487305,,,,,"[0.7528955197323659, 0.687804485202056]",0.79223686439895,"[62.34277391311201, 9.850249866542274, 4.68461667085133]","(512, 256)",0.05,112257.65270996094,local,18760.0,"[0.7856661863672708, 0.8418955723614072]","[0.15526644713642485, 0.2550160830656289]",,0.0,,,,,,,,,,,,,
g9a_w512s5_silent_br16,2,ctx,1000,random,local,False,0.8532,0.1566248307030398,"[100, 128, 99, 103, 109, 100, 85, 93, 92, 91]",357.65281105041504,,,,,"[0.7776112525524654, 0.6112947043682337]",0.79223686439895,"[62.34277391311201, 8.278430446239156, 3.1304832484046603]","(512, 256)",0.05,112257.65270996094,local,18760.0,"[0.7932203866271322, 0.8568434335021322]","[0.15000725126897754, 0.24859043531375988]",,0.0,,,,,,,,,,,,,
g9a_w512s5_surp03,0,ctx,1000,random,local,False,0.1914,0.9853596364683079,"[93, 114, 97, 117, 104, 88, 86, 118, 86, 97]",381.59204268455505,,,,,"[0.5880428722791875, 0.7984549731918151]",0.79223686439895,"[62.34277391311193, 7.745421363251412, 1.875152153904021]","(512, 256)",0.05,112257.65270996094,local,504.0,"[0.7316235739087301, 0.8870597718253969]","[0.548497732551325, 0.5175954593633789]",surprise,0.3,,,0.13786516386006814,,,,,,,,,,
g9a_w512s5_surp03,1,ctx,1000,random,local,False,0.191,0.9880485387212014,"[107, 99, 104, 110, 83, 95, 113, 95, 86, 108]",724.6471841335297,,,,,"[0.5744020365518405, 0.879876831718937]",0.79223686439895,"[62.34277391311193, 8.32425420004888, 2.249756866473236]","(512, 256)",0.05,112257.65270996094,local,501.0,"[0.7283362961576846, 0.8866329840319361]","[0.5545182756618587, 0.5200548914935953]",surprise,0.3,,,0.13591884895228346,,,,,,,,,,
g9a_w512s5_surp05,0,ctx,1000,random,local,False,0.1891,0.9822955590548164,"[98, 107, 86, 102, 91, 97, 89, 102, 98, 130]",369.33537006378174,,,,,"[0.5784935860848411, 0.9094092733566418]",0.79223686439895,"[62.34277391311193, 9.044913986854976, 2.8477350415440923]","(512, 256)",0.05,112257.65270996094,local,261.0,"[0.696988745210728, 0.8626077586206896]","[0.5468927080603851, 0.5186832314250113]",surprise,0.5,,,0.1827825168428172,,,,,,,,,,
g9a_w512s5_surp05,1,ctx,1000,random,local,False,0.1894,0.9837714597240981,"[113, 106, 100, 99, 100, 96, 91, 101, 97, 97]",716.6204013824463,,,,,"[0.5766075380664293, 0.8717953667953667]",0.79223686439895,"[62.34277391311193, 8.566920740562544, 2.4048040338399956]","(512, 256)",0.05,112257.65270996094,local,307.0,"[0.7060006107491856, 0.8742238395765473]","[0.5339233948081634, 0.51033177211007]",surprise,0.5,,,0.1797445633221787,,,,,,,,,,
g9d_dg32_w256s10_night,0,ctx,1000,random,nrem,False,0.7505,0.2434096559286,"[96, 120, 99, 105, 84, 92, 107, 109, 99, 89]",125.99466705322266,,,,,"[0.5559429578584857, 0.5426362082372895]",0.1538781033716626,"[116.49263992002437, 16.8565700970888, 7.7430913658100184]","(256, 128)",0.1,77101.38820457458,,,,,,,,,,,,,,,,,,,
g9d_dg8_w256s10_night,0,ctx,1000,random,nrem,False,0.727,0.28489557706745205,"[96, 120, 99, 105, 84, 92, 107, 109, 99, 89]",125.3702757358551,,,,,"[0.5673023751930135, 0.6045777384826652]",0.18109639938626662,"[139.1275411192876, 12.791142563220081, 6.019819213601006]","(256, 128)",0.1,33443.774156570435,,,,,,,,,,,,,,,,,,,
g9d_dg8f10_w256s10_night,0,ctx,1000,random,nrem,False,0.7915,0.20166041426475048,"[96, 120, 99, 105, 84, 92, 107, 109, 99, 89]",129.03159976005554,,,,,"[0.5708412077387996, 0.6411777486772122]",0.5820217781736142,"[81.06552982174374, 10.944991913471767, 6.130902528540471]","(256, 128)",0.1,68039.71821403503,,,,,,,,,,,,,,,,,,,
g9d_nodg_w256s10_night,0,ctx,1000,random,nrem,False,0.8333,0.16363669803411224,"[96, 120, 99, 105, 84, 92, 107, 109, 99, 89]",40.77932572364807,,,,,"[0.6181640869232602, 0.5119099488096948]",0.79223686439895,"[62.34277391311201, 15.21436944713636, 6.905762723323995]","(256, 128)",0.1,187007.31333732605,,,,,,,,,,,,,,,,,,,
gen_1000,0,ctx,1000,random,nrem,False,0.8239,0.1616982759735348,"[96, 110, 117, 103, 86, 74, 109, 111, 95, 99]",53.33205986022949,0.984499990940094,0.9020000100135803,0.5352620482444763,0.9732000231742859,,,,,,,,,,,,,,,,,,,,,,,,,
gen_1000,1,ctx,1000,random,nrem,False,0.8979,0.08434560233218413,"[107, 106, 94, 92, 97, 108, 95, 95, 86, 120]",54.22979950904846,0.9984999895095825,0.9990000128746033,0.505596399307251,0.9732999801635742,,,,,,,,,,,,,,,,,,,,,,,,,
gen_1000,2,ctx,1000,random,nrem,False,0.8953,0.07679152028150399,"[112, 113, 101, 111, 91, 81, 102, 88, 92, 109]",53.77285122871399,0.9775000214576721,0.9984999895095825,0.5450783371925354,0.972000002861023,,,,,,,,,,,,,,,,,,,,,,,,,
gen_200_R40,0,ctx,200,random,nrem,False,0.8479,0.12795161324003002,"[19, 26, 19, 21, 17, 22, 16, 28, 16, 16]",66.80860781669617,0.9890000224113464,1.0,0.5552204847335815,0.9732000231742859,,,,,,,,,,,,,,,,,,,,,,,,,
gen_200_R40,1,ctx,200,random,nrem,False,0.847,0.14356750911401867,"[18, 18, 24, 20, 14, 21, 17, 21, 23, 24]",66.89674305915833,0.9965000152587891,1.0,0.5728758573532104,0.9732999801635742,,,,,,,,,,,,,,,,,,,,,,,,,
gen_200_R40,2,ctx,200,random,nrem,False,0.8541,0.12586071044944724,"[19, 20, 25, 19, 20, 17, 25, 23, 12, 20]",65.9533154964447,0.9994999766349792,1.0,0.5792667269706726,0.972000002861023,,,,,,,,,,,,,,,,,,,,,,,,,
gen_200,0,ctx,200,random,nrem,False,0.8374,0.15656017835932698,"[20, 24, 14, 19, 19, 16, 22, 16, 29, 21]",50.89535450935364,0.9520000219345093,0.9975000023841858,0.5552926063537598,0.9732000231742859,,,,,,,,,,,,,,,,,,,,,,,,,
gen_200,1,ctx,200,random,nrem,False,0.8424,0.15684777677323972,"[21, 18, 24, 18, 15, 24, 25, 16, 25, 14]",51.3684663772583,0.9955000281333923,1.0,0.5407037734985352,0.9732999801635742,,,,,,,,,,,,,,,,,,,,,,,,,
gen_200,2,ctx,200,random,nrem,False,0.8419,0.15167589892560815,"[16, 19, 19, 24, 18, 20, 24, 19, 23, 18]",50.98431468009949,1.0,1.0,0.5542566776275635,0.972000002861023,,,,,,,,,,,,,,,,,,,,,,,,,
gen_neg_200,0,ctx,200,random,nrem,False,0.6847,0.3220269616690383,"[20, 24, 14, 19, 19, 16, 22, 16, 29, 21]",56.51829791069031,0.7254999876022339,0.7615000009536743,0.6672899127006531,0.9732000231742859,,,,,,,,,,,,,,,,,,,,,,,,,
gen_neg_200,1,ctx,200,random,nrem,False,0.6989,0.32503138578221635,"[21, 18, 24, 18, 15, 24, 25, 16, 25, 14]",56.60049366950989,0.7235000133514404,0.8519999980926514,0.6660233736038208,0.9732999801635742,,,,,,,,,,,,,,,,,,,,,,,,,
gen_neg_200,2,ctx,200,random,nrem,False,0.7313,0.2596622079023693,"[16, 19, 19, 24, 18, 20, 24, 19, 23, 18]",55.7659547328949,0.7245000004768372,0.8075000047683716,0.7008583545684814,0.972000002861023,,,,,,,,,,,,,,,,,,,,,,,,,
gen_neg_200_w,0,ctx,200,random,nrem,False,0.8103,0.18946589409919365,"[20, 24, 14, 19, 19, 16, 22, 16, 29, 21]",56.413516998291016,0.965499997138977,0.9975000023841858,0.5909888744354248,0.9732000231742859,,,,,,,,,,,,,,,,,,,,,,,,,
gen_neg_200_w,1,ctx,200,random,nrem,False,0.8396,0.15589851890128337,"[21, 18, 24, 18, 15, 24, 25, 16, 25, 14]",56.7982714176178,0.9850000143051147,0.9965000152587891,0.5776742100715637,0.9732999801635742,,,,,,,,,,,,,,,,,,,,,,,,,
gen_neg_200_w,2,ctx,200,random,nrem,False,0.8177,0.18718738165422497,"[16, 19, 19, 24, 18, 20, 24, 19, 23, 18]",55.767125606536865,0.9825000166893005,0.9975000023841858,0.574314296245575,0.972000002861023,,,,,,,,,,,,,,,,,,,,,,,,,
gen_only_0,0,ctx,0,,,False,0.3718,0.7687265712513952,"[0, 0, 0, 0, 0, 0, 0, 0, 0, 0]",38.43409824371338,0.8479999899864197,0.9024999737739563,0.5427770018577576,0.9732000231742859,,,,,,,,,,,,,,,,,,,,,,,,,
gen_only_0,1,ctx,0,,,False,0.3525,0.793183428752525,"[0, 0, 0, 0, 0, 0, 0, 0, 0, 0]",38.59633684158325,0.7440000176429749,0.8989999890327454,0.5259422659873962,0.9732999801635742,,,,,,,,,,,,,,,,,,,,,,,,,
gen_only_0,2,ctx,0,,,False,0.4251,0.7068952465361573,"[0, 0, 0, 0, 0, 0, 0, 0, 0, 0]",37.85663032531738,0.8075000047683716,0.9039999842643738,0.5439027547836304,0.972000002861023,,,,,,,,,,,,,,,,,,,,,,,,,
loc16_none_1000,0,ctx,1000,random,local,False,0.8756,0.13105810714757563,"[109, 121, 107, 104, 82, 85, 105, 94, 107, 86]",636.473473072052,,,,,,,,,,,local,18760.0,"[1.0, 1.0]","[1.0, 1.0]",,,,,,,,,,,,,,,
loc16_none_1000,1,ctx,1000,random,local,False,0.8726,0.13654120475901116,"[100, 114, 92, 115, 77, 89, 93, 118, 109, 93]",629.8607850074768,,,,,,,,,,,local,18760.0,"[1.0, 1.0]","[1.0, 1.0]",,,,,,,,,,,,,,,
loc16_none_1000,2,ctx,1000,random,local,False,0.8573,0.15609402534778088,"[82, 142, 85, 100, 96, 99, 80, 100, 100, 116]",632.3018419742584,,,,,,,,,,,local,18760.0,"[1.0, 1.0]","[1.0, 1.0]",,,,,,,,,,,,,,,
loc16_old_1000,0,ctx,1000,random,local,False,0.1912,0.9886839246157917,"[109, 121, 107, 104, 82, 85, 105, 94, 107, 86]",628.0126843452454,,,,,,,,,,,local,18760.0,"[0.33247351412579956, 0.23095182569296374]","[0.026693923490693862, 0.013109451921722259]",,,,,,,,,,,,,,,
loc16_old_1000,1,ctx,1000,random,local,False,0.1933,0.987828262889574,"[100, 114, 92, 115, 77, 89, 93, 118, 109, 93]",627.0307507514954,,,,,,,,,,,local,18760.0,"[0.38249537746535184, 0.2398591584488273]","[0.026064062637211418, 0.02916165318256661]",,,,,,,,,,,,,,,
loc16_old_1000,2,ctx,1000,random,local,False,0.1909,0.990605945408187,"[82, 142, 85, 100, 96, 99, 80, 100, 100, 116]",628.7807810306549,,,,,,,,,,,local,18760.0,"[0.33871351945628997, 0.22857101212686567]","[0.02976487258023251, 0.016896152449473897]",,,,,,,,,,,,,,,
loc16_silent_1000,0,ctx,1000,random,local,False,0.8693,0.13640401119901133,"[109, 121, 107, 104, 82, 85, 105, 94, 107, 86]",640.5655331611633,,,,,,,,,,,local,18760.0,"[0.6116839768789979, 0.7237444196428572]","[0.1823546549152416, 0.31394384827952326]",,,,,,,,,,,,,,,
loc16_silent_1000,1,ctx,1000,random,local,False,0.8765,0.1289220332487795,"[100, 114, 92, 115, 77, 89, 93, 118, 109, 93]",640.6677210330963,,,,,,,,,,,local,18760.0,"[0.6088937983075693, 0.7053546441897655]","[0.18889109429978787, 0.29742188697362115]",,,,,,,,,,,,,,,
loc16_silent_1000,2,ctx,1000,random,local,False,0.8877,0.11376937100111686,"[82, 142, 85, 100, 96, 99, 80, 100, 100, 116]",643.1823189258575,,,,,,,,,,,local,18760.0,"[0.5928902501998934, 0.7163108841950959]","[0.1872318087791059, 0.3039775700294482]",,,,,,,,,,,,,,,
loc16_silent_iso_1000,0,ctx,1000,random,local,False,0.6714,0.39139317131528933,"[109, 121, 107, 104, 82, 85, 105, 94, 107, 86]",634.6048936843872,,,,,,,,,,,local,18760.0,"[0.5947609191764393, 0.6884461620469083]","[0.14224010160185896, 0.1253151390232396]",,,,,,,,,,,,,,,
loc16_silent_iso_1000,1,ctx,1000,random,local,False,0.7284,0.3231887539682109,"[100, 114, 92, 115, 77, 89, 93, 118, 109, 93]",633.2720096111298,,,,,,,,,,,local,18760.0,"[0.5891349613539446, 0.6546908315565032]","[0.12890592477093737, 0.1106134844627152]",,,,,,,,,,,,,,,
loc16_silent_iso_1000,2,ctx,1000,random,local,False,0.6077,0.47641171093932416,"[82, 142, 85, 100, 96, 99, 80, 100, 100, 116]",638.7452974319458,,,,,,,,,,,local,18760.0,"[0.6036395172574627, 0.7039799606876332]","[0.11422183299660564, 0.06912988250745512]",,,,,,,,,,,,,,,
loc16_used_1000,0,ctx,1000,random,local,False,0.8842,0.11684201979987058,"[109, 121, 107, 104, 82, 85, 105, 94, 107, 86]",638.077467918396,,,,,,,,,,,local,18760.0,"[0.8509609458288913, 0.962445862206823]","[0.9158856130500973, 0.9987701755279162]",,,,,,,,,,,,,,,
loc16_used_1000,1,ctx,1000,random,local,False,0.8732,0.12942252702704593,"[100, 114, 92, 115, 77, 89, 93, 118, 109, 93]",636.1170732975006,,,,,,,,,,,local,18760.0,"[0.8454447211487207, 0.9632008761993603]","[0.9059825821583077, 0.9989537779615124]",,,,,,,,,,,,,,,
loc16_used_1000,2,ctx,1000,random,local,False,0.8648,0.1465944423117226,"[82, 142, 85, 100, 96, 99, 80, 100, 100, 116]",643.8500933647156,,,,,,,,,,,local,18760.0,"[0.8461930720282516, 0.958589585554371]","[0.923206987292337, 0.9981774284895549]",,,,,,,,,,,,,,,
loc32_none_1000,0,ctx,1000,random,local,False,0.8523,0.17169924032683073,"[84, 115, 91, 114, 87, 95, 88, 128, 107, 91]",217.94021821022034,,,,,,,,,,,local,4685.0,"[1.0, 1.0]","[1.0, 1.0]",,,,,,,,,,,,,,,
loc32_none_1000,1,ctx,1000,random,local,False,0.8673,0.15425868963647432,"[103, 96, 104, 91, 94, 93, 107, 101, 108, 103]",212.52179551124573,,,,,,,,,,,local,4685.0,"[1.0, 1.0]","[1.0, 1.0]",,,,,,,,,,,,,,,
loc32_none_1000,2,ctx,1000,random,local,False,0.8342,0.19565916931376914,"[85, 97, 99, 107, 96, 84, 118, 112, 94, 108]",214.7921495437622,,,,,,,,,,,local,4685.0,"[1.0, 1.0]","[1.0, 1.0]",,,,,,,,,,,,,,,
loc32_none_200,0,ctx,200,random,local,False,0.7493,0.30752149778798155,"[20, 21, 26, 17, 20, 13, 20, 24, 17, 22]",197.6609342098236,,,,,,,,,,,local,4685.0,"[1.0, 1.0]","[1.0, 1.0]",,,,,,,,,,,,,,,
loc32_none_200,1,ctx,200,random,local,False,0.797,0.24272138919841504,"[27, 23, 12, 15, 17, 20, 21, 25, 19, 21]",199.54225206375122,,,,,,,,,,,local,4685.0,"[1.0, 1.0]","[1.0, 1.0]",,,,,,,,,,,,,,,
loc32_none_200,2,ctx,200,random,local,False,0.7327,0.3255975289357368,"[20, 19, 20, 19, 22, 17, 27, 20, 20, 16]",197.71843957901,,,,,,,,,,,local,4685.0,"[1.0, 1.0]","[1.0, 1.0]",,,,,,,,,,,,,,,
loc32_silent_1000,0,ctx,1000,random,local,False,0.709,0.35402297321060106,"[84, 115, 91, 114, 87, 95, 88, 128, 107, 91]",214.3241412639618,,,,,,,,,,,local,4685.0,"[0.5367012406616862, 0.7066485458911419]","[0.1125847029441067, 0.20090849691248533]",,,,,,,,,,,,,,,
loc32_silent_1000,1,ctx,1000,random,local,False,0.7393,0.3184674054064147,"[103, 96, 104, 91, 94, 93, 107, 101, 108, 103]",215.45198440551758,,,,,,,,,,,local,4685.0,"[0.5224394677161153, 0.7042606056563501]","[0.1163513382744708, 0.24016383755852727]",,,,,,,,,,,,,,,
loc32_silent_1000,2,ctx,1000,random,local,False,0.6527,0.42954815995079676,"[85, 97, 99, 107, 96, 84, 118, 112, 94, 108]",217.94941759109497,,,,,,,,,,,local,4685.0,"[0.5460337179829242, 0.7338230389541088]","[0.12068279113515162, 0.19993395002672137]",,,,,,,,,,,,,,,
loc32_silent_200,0,ctx,200,random,local,False,0.6848,0.38562125310217255,"[20, 21, 26, 17, 20, 13, 20, 24, 17, 22]",195.51198530197144,,,,,,,,,,,local,4685.0,"[0.5251876000533618, 0.7021744930629669]","[0.1274692056368611, 0.21981048877674017]",,,,,,,,,,,,,,,
loc32_silent_200,1,ctx,200,random,local,False,0.6958,0.36940980949971913,"[27, 23, 12, 15, 17, 20, 21, 25, 19, 21]",195.22637128829956,,,,,,,,,,,local,4685.0,"[0.5201507470651013, 0.6753618596584845]","[0.1371639823558936, 0.2602288332371202]",,,,,,,,,,,,,,,
loc32_silent_200,2,ctx,200,random,local,False,0.6288,0.45833856054851346,"[20, 19, 20, 19, 22, 17, 27, 20, 20, 16]",197.2312822341919,,,,,,,,,,,local,4685.0,"[0.5411978054962647, 0.7215731723585912]","[0.11441053868596429, 0.23534600173611206]",,,,,,,,,,,,,,,
loc32_used_1000,0,ctx,1000,random,local,False,0.8813,0.13692039946971918,"[84, 115, 91, 114, 87, 95, 88, 128, 107, 91]",214.60494375228882,,,,,,,,,,,local,4685.0,"[0.5239952974919957, 0.9094016808964781]","[0.7839647507909268, 0.9964796194526404]",,,,,,,,,,,,,,,
loc32_used_1000,1,ctx,1000,random,local,False,0.8674,0.15268133915080584,"[103, 96, 104, 91, 94, 93, 107, 101, 108, 103]",213.226087808609,,,,,,,,,,,local,4685.0,"[0.531549326307364, 0.919857257203842]","[0.751985819979691, 0.9982326691407659]",,,,,,,,,,,,,,,
loc32_used_1000,2,ctx,1000,random,local,False,0.8761,0.143113356096488,"[85, 97, 99, 107, 96, 84, 118, 112, 94, 108]",212.67637133598328,,,,,,,,,,,local,4685.0,"[0.530184431696905, 0.9071371398078976]","[0.8036475284186091, 0.9958482175397517]",,,,,,,,,,,,,,,
loc32_used_200,0,ctx,200,random,local,False,0.7695,0.281351154556006,"[20, 21, 26, 17, 20, 13, 20, 24, 17, 22]",194.81209135055542,,,,,,,,,,,local,4685.0,"[0.5350453575240128, 0.906918689967983]","[0.7883619355799167, 0.9960001746643824]",,,,,,,,,,,,,,,
loc32_used_200,1,ctx,200,random,local,False,0.7676,0.2811029728718775,"[27, 23, 12, 15, 17, 20, 21, 25, 19, 21]",197.00695872306824,,,,,,,,,,,local,4685.0,"[0.5280916488794023, 0.9093966782283884]","[0.7908251406734247, 0.9959212463846074]",,,,,,,,,,,,,,,
loc32_used_200,2,ctx,200,random,local,False,0.7665,0.282675880336338,"[20, 19, 20, 19, 22, 17, 27, 20, 20, 16]",198.67927980422974,,,,,,,,,,,local,4685.0,"[0.5314867929562433, 0.9083511205976521]","[0.8299627055798676, 0.9965472765895066]",,,,,,,,,,,,,,,
neg_1000_w,0,ctx,1000,random,nrem,False,0.8766,0.06971376301848095,"[96, 110, 117, 103, 86, 74, 109, 111, 95, 99]",48.10189461708069,0.8790000081062317,0.8479999899864197,0.5425183176994324,0.9732000231742859,,,,,,,,,,,,,,,,,,,,,,,,,
neg_1000_w,1,ctx,1000,random,nrem,False,0.883,0.07471774168229889,"[107, 106, 94, 92, 97, 108, 95, 95, 86, 120]",48.64009881019592,0.8999999761581421,0.8930000066757202,0.5285588502883911,0.9732999801635742,,,,,,,,,,,,,,,,,,,,,,,,,
neg_1000_w,2,ctx,1000,random,nrem,False,0.8764,0.08599270612589546,"[112, 113, 101, 111, 91, 81, 102, 88, 92, 109]",47.88902139663696,0.921999990940094,0.9284999966621399,0.5315254330635071,0.972000002861023,,,,,,,,,,,,,,,,,,,,,,,,,
neg_200,0,ctx,200,random,nrem,False,0.6318,0.33318999190203263,"[20, 24, 14, 19, 19, 16, 22, 16, 29, 21]",46.47110342979431,0.6205000281333923,0.5425000190734863,0.667153000831604,0.9732000231742859,,,,,,,,,,,,,,,,,,,,,,,,,
neg_200,1,ctx,200,random,nrem,False,0.6697,0.2741494761700106,"[21, 18, 24, 18, 15, 24, 25, 16, 25, 14]",45.853736877441406,0.7020000219345093,0.5044999718666077,0.6640247106552124,0.9732999801635742,,,,,,,,,,,,,,,,,,,,,,,,,
neg_200,2,ctx,200,random,nrem,False,0.7075,0.24134719689941814,"[16, 19, 19, 24, 18, 20, 24, 19, 23, 18]",45.936458110809326,0.6004999876022339,0.5404999852180481,0.6711076498031616,0.972000002861023,,,,,,,,,,,,,,,,,,,,,,,,,
neg_200_w,0,ctx,200,random,nrem,False,0.7892,0.2160464367935934,"[20, 24, 14, 19, 19, 16, 22, 16, 29, 21]",45.33661651611328,0.9179999828338623,0.9300000071525574,0.5686590671539307,0.9732000231742859,,,,,,,,,,,,,,,,,,,,,,,,,
neg_200_w,1,ctx,200,random,nrem,False,0.803,0.19335065752169958,"[21, 18, 24, 18, 15, 24, 25, 16, 25, 14]",45.289371967315674,0.9120000004768372,0.9160000085830688,0.5674055218696594,0.9732999801635742,,,,,,,,,,,,,,,,,,,,,,,,,
neg_200_w,2,ctx,200,random,nrem,False,0.8034,0.1930901880449293,"[16, 19, 19, 24, 18, 20, 24, 19, 23, 18]",45.189242362976074,0.9304999709129333,0.921999990940094,0.5685940980911255,0.972000002861023,,,,,,,,,,,,,,,,,,,,,,,,,
sch_count_R11_1000,0,ctx,1000,random,nrem,False,0.7855,0.2459697185324722,"[92, 109, 93, 112, 90, 103, 85, 109, 91, 116]",37.805424451828,,,,,,,,,,,internal,264.0,,,,,,,,,,,,,,24.0,0.0,4.0,"[{'batch': 49, 'nrem': 11, 'rem': 0, 'pressure': 50.0}, {'batch': 99, 'nrem': 11, 'rem': 0, 'pressure': 50.0}, {'batch': 149, 'nrem': 11, 'rem': 0, 'pressure': 50.0}, {'batch': 199, 'nrem': 11, 'rem': 0, 'pressure': 50.0}, {'batch': 249, 'nrem': 11, 'rem': 0, 'pressure': 50.0}, {'batch': 299, 'nrem': 11, 'rem': 0, 'pressure': 50.0}, {'batch': 349, 'nrem': 11, 'rem': 0, 'pressure': 50.0}, {'batch': 399, 'nrem': 11, 'rem': 0, 'pressure': 50.0}, {'batch': 449, 'nrem': 11, 'rem': 0, 'pressure': 50.0}, {'batch': 499, 'nrem': 11, 'rem': 0, 'pressure': 50.0}, {'batch': 549, 'nrem': 11, 'rem': 0, 'pressure': 50.0}, {'batch': 599, 'nrem': 11, 'rem': 0, 'pressure': 50.0}, {'batch': 649, 'nrem': 11, 'rem': 0, 'pressure': 50.0}, {'batch': 699, 'nrem': 11, 'rem': 0, 'pressure': 50.0}, {'batch': 749, 'nrem': 11, 'rem': 0, 'pressure': 50.0}, {'batch': 799, 'nrem': 11, 'rem': 0, 'pressure': 50.0}, {'batch': 849, 'nrem': 11, 'rem': 0, 'pressure': 50.0}, {'batch': 899, 'nrem': 11, 'rem': 0, 'pressure': 50.0}, {'batch': 949, 'nrem': 11, 'rem': 0, 'pressure': 50.0}, {'batch': 999, 'nrem': 11, 'rem': 0, 'pressure': 50.0}, {'batch': 1049, 'nrem': 11, 'rem': 0, 'pressure': 50.0}, {'batch': 1099, 'nrem': 11, 'rem': 0, 'pressure': 50.0}, {'batch': 1149, 'nrem': 11, 'rem': 0, 'pressure': 50.0}, {'batch': 1184, 'nrem': 11, 'rem': 0, 'pressure': 35.0}]"
sch_count_R11_1000,1,ctx,1000,random,nrem,False,0.7672,0.27561684556777877,"[111, 108, 92, 109, 77, 94, 102, 101, 100, 106]",36.93756985664368,,,,,,,,,,,internal,264.0,,,,,,,,,,,,,,24.0,0.0,4.0,"[{'batch': 49, 'nrem': 11, 'rem': 0, 'pressure': 50.0}, {'batch': 99, 'nrem': 11, 'rem': 0, 'pressure': 50.0}, {'batch': 149, 'nrem': 11, 'rem': 0, 'pressure': 50.0}, {'batch': 199, 'nrem': 11, 'rem': 0, 'pressure': 50.0}, {'batch': 249, 'nrem': 11, 'rem': 0, 'pressure': 50.0}, {'batch': 299, 'nrem': 11, 'rem': 0, 'pressure': 50.0}, {'batch': 349, 'nrem': 11, 'rem': 0, 'pressure': 50.0}, {'batch': 399, 'nrem': 11, 'rem': 0, 'pressure': 50.0}, {'batch': 449, 'nrem': 11, 'rem': 0, 'pressure': 50.0}, {'batch': 499, 'nrem': 11, 'rem': 0, 'pressure': 50.0}, {'batch': 549, 'nrem': 11, 'rem': 0, 'pressure': 50.0}, {'batch': 599, 'nrem': 11, 'rem': 0, 'pressure': 50.0}, {'batch': 649, 'nrem': 11, 'rem': 0, 'pressure': 50.0}, {'batch': 699, 'nrem': 11, 'rem': 0, 'pressure': 50.0}, {'batch': 749, 'nrem': 11, 'rem': 0, 'pressure': 50.0}, {'batch': 799, 'nrem': 11, 'rem': 0, 'pressure': 50.0}, {'batch': 849, 'nrem': 11, 'rem': 0, 'pressure': 50.0}, {'batch': 899, 'nrem': 11, 'rem': 0, 'pressure': 50.0}, {'batch': 949, 'nrem': 11, 'rem': 0, 'pressure': 50.0}, {'batch': 999, 'nrem': 11, 'rem': 0, 'pressure': 50.0}, {'batch': 1049, 'nrem': 11, 'rem': 0, 'pressure': 50.0}, {'batch': 1099, 'nrem': 11, 'rem': 0, 'pressure': 50.0}, {'batch': 1149, 'nrem': 11, 'rem': 0, 'pressure': 50.0}, {'batch': 1184, 'nrem': 11, 'rem': 0, 'pressure': 35.0}]"
sch_count_R11_1000,2,ctx,1000,random,nrem,False,0.765,0.27597639391824247,"[97, 117, 100, 93, 89, 98, 93, 99, 96, 118]",37.06555652618408,,,,,,,,,,,internal,264.0,,,,,,,,,,,,,,24.0,0.0,4.0,"[{'batch': 49, 'nrem': 11, 'rem': 0, 'pressure': 50.0}, {'batch': 99, 'nrem': 11, 'rem': 0, 'pressure': 50.0}, {'batch': 149, 'nrem': 11, 'rem': 0, 'pressure': 50.0}, {'batch': 199, 'nrem': 11, 'rem': 0, 'pressure': 50.0}, {'batch': 249, 'nrem': 11, 'rem': 0, 'pressure': 50.0}, {'batch': 299, 'nrem': 11, 'rem': 0, 'pressure': 50.0}, {'batch': 349, 'nrem': 11, 'rem': 0, 'pressure': 50.0}, {'batch': 399, 'nrem': 11, 'rem': 0, 'pressure': 50.0}, {'batch': 449, 'nrem': 11, 'rem': 0, 'pressure': 50.0}, {'batch': 499, 'nrem': 11, 'rem': 0, 'pressure': 50.0}, {'batch': 549, 'nrem': 11, 'rem': 0, 'pressure': 50.0}, {'batch': 599, 'nrem': 11, 'rem': 0, 'pressure': 50.0}, {'batch': 649, 'nrem': 11, 'rem': 0, 'pressure': 50.0}, {'batch': 699, 'nrem': 11, 'rem': 0, 'pressure': 50.0}, {'batch': 749, 'nrem': 11, 'rem': 0, 'pressure': 50.0}, {'batch': 799, 'nrem': 11, 'rem': 0, 'pressure': 50.0}, {'batch': 849, 'nrem': 11, 'rem': 0, 'pressure': 50.0}, {'batch': 899, 'nrem': 11, 'rem': 0, 'pressure': 50.0}, {'batch': 949, 'nrem': 11, 'rem': 0, 'pressure': 50.0}, {'batch': 999, 'nrem': 11, 'rem': 0, 'pressure': 50.0}, {'batch': 1049, 'nrem': 11, 'rem': 0, 'pressure': 50.0}, {'batch': 1099, 'nrem': 11, 'rem': 0, 'pressure': 50.0}, {'batch': 1149, 'nrem': 11, 'rem': 0, 'pressure': 50.0}, {'batch': 1184, 'nrem': 11, 'rem': 0, 'pressure': 35.0}]"
sch_count_R11_200,0,ctx,200,random,nrem,False,0.7249,0.3239484727950021,"[21, 24, 21, 21, 21, 17, 22, 16, 15, 22]",35.998695611953735,,,,,,,,,,,internal,264.0,,,,,,,,,,,,,,24.0,0.0,4.0,"[{'batch': 49, 'nrem': 11, 'rem': 0, 'pressure': 50.0}, {'batch': 99, 'nrem': 11, 'rem': 0, 'pressure': 50.0}, {'batch': 149, 'nrem': 11, 'rem': 0, 'pressure': 50.0}, {'batch': 199, 'nrem': 11, 'rem': 0, 'pressure': 50.0}, {'batch': 249, 'nrem': 11, 'rem': 0, 'pressure': 50.0}, {'batch': 299, 'nrem': 11, 'rem': 0, 'pressure': 50.0}, {'batch': 349, 'nrem': 11, 'rem': 0, 'pressure': 50.0}, {'batch': 399, 'nrem': 11, 'rem': 0, 'pressure': 50.0}, {'batch': 449, 'nrem': 11, 'rem': 0, 'pressure': 50.0}, {'batch': 499, 'nrem': 11, 'rem': 0, 'pressure': 50.0}, {'batch': 549, 'nrem': 11, 'rem': 0, 'pressure': 50.0}, {'batch': 599, 'nrem': 11, 'rem': 0, 'pressure': 50.0}, {'batch': 649, 'nrem': 11, 'rem': 0, 'pressure': 50.0}, {'batch': 699, 'nrem': 11, 'rem': 0, 'pressure': 50.0}, {'batch': 749, 'nrem': 11, 'rem': 0, 'pressure': 50.0}, {'batch': 799, 'nrem': 11, 'rem': 0, 'pressure': 50.0}, {'batch': 849, 'nrem': 11, 'rem': 0, 'pressure': 50.0}, {'batch': 899, 'nrem': 11, 'rem': 0, 'pressure': 50.0}, {'batch': 949, 'nrem': 11, 'rem': 0, 'pressure': 50.0}, {'batch': 999, 'nrem': 11, 'rem': 0, 'pressure': 50.0}, {'batch': 1049, 'nrem': 11, 'rem': 0, 'pressure': 50.0}, {'batch': 1099, 'nrem': 11, 'rem': 0, 'pressure': 50.0}, {'batch': 1149, 'nrem': 11, 'rem': 0, 'pressure': 50.0}, {'batch': 1184, 'nrem': 11, 'rem': 0, 'pressure': 35.0}]"
sch_count_R11_200,1,ctx,200,random,nrem,False,0.7265,0.3235885231409408,"[14, 19, 18, 22, 25, 27, 19, 15, 20, 21]",36.03062176704407,,,,,,,,,,,internal,264.0,,,,,,,,,,,,,,24.0,0.0,4.0,"[{'batch': 49, 'nrem': 11, 'rem': 0, 'pressure': 50.0}, {'batch': 99, 'nrem': 11, 'rem': 0, 'pressure': 50.0}, {'batch': 149, 'nrem': 11, 'rem': 0, 'pressure': 50.0}, {'batch': 199, 'nrem': 11, 'rem': 0, 'pressure': 50.0}, {'batch': 249, 'nrem': 11, 'rem': 0, 'pressure': 50.0}, {'batch': 299, 'nrem': 11, 'rem': 0, 'pressure': 50.0}, {'batch': 349, 'nrem': 11, 'rem': 0, 'pressure': 50.0}, {'batch': 399, 'nrem': 11, 'rem': 0, 'pressure': 50.0}, {'batch': 449, 'nrem': 11, 'rem': 0, 'pressure': 50.0}, {'batch': 499, 'nrem': 11, 'rem': 0, 'pressure': 50.0}, {'batch': 549, 'nrem': 11, 'rem': 0, 'pressure': 50.0}, {'batch': 599, 'nrem': 11, 'rem': 0, 'pressure': 50.0}, {'batch': 649, 'nrem': 11, 'rem': 0, 'pressure': 50.0}, {'batch': 699, 'nrem': 11, 'rem': 0, 'pressure': 50.0}, {'batch': 749, 'nrem': 11, 'rem': 0, 'pressure': 50.0}, {'batch': 799, 'nrem': 11, 'rem': 0, 'pressure': 50.0}, {'batch': 849, 'nrem': 11, 'rem': 0, 'pressure': 50.0}, {'batch': 899, 'nrem': 11, 'rem': 0, 'pressure': 50.0}, {'batch': 949, 'nrem': 11, 'rem': 0, 'pressure': 50.0}, {'batch': 999, 'nrem': 11, 'rem': 0, 'pressure': 50.0}, {'batch': 1049, 'nrem': 11, 'rem': 0, 'pressure': 50.0}, {'batch': 1099, 'nrem': 11, 'rem': 0, 'pressure': 50.0}, {'batch': 1149, 'nrem': 11, 'rem': 0, 'pressure': 50.0}, {'batch': 1184, 'nrem': 11, 'rem': 0, 'pressure': 35.0}]"
sch_count_R11_200,2,ctx,200,random,nrem,False,0.7104,0.34464244126370197,"[21, 23, 23, 15, 18, 19, 22, 15, 26, 18]",35.419626235961914,,,,,,,,,,,internal,264.0,,,,,,,,,,,,,,24.0,0.0,4.0,"[{'batch': 49, 'nrem': 11, 'rem': 0, 'pressure': 50.0}, {'batch': 99, 'nrem': 11, 'rem': 0, 'pressure': 50.0}, {'batch': 149, 'nrem': 11, 'rem': 0, 'pressure': 50.0}, {'batch': 199, 'nrem': 11, 'rem': 0, 'pressure': 50.0}, {'batch': 249, 'nrem': 11, 'rem': 0, 'pressure': 50.0}, {'batch': 299, 'nrem': 11, 'rem': 0, 'pressure': 50.0}, {'batch': 349, 'nrem': 11, 'rem': 0, 'pressure': 50.0}, {'batch': 399, 'nrem': 11, 'rem': 0, 'pressure': 50.0}, {'batch': 449, 'nrem': 11, 'rem': 0, 'pressure': 50.0}, {'batch': 499, 'nrem': 11, 'rem': 0, 'pressure': 50.0}, {'batch': 549, 'nrem': 11, 'rem': 0, 'pressure': 50.0}, {'batch': 599, 'nrem': 11, 'rem': 0, 'pressure': 50.0}, {'batch': 649, 'nrem': 11, 'rem': 0, 'pressure': 50.0}, {'batch': 699, 'nrem': 11, 'rem': 0, 'pressure': 50.0}, {'batch': 749, 'nrem': 11, 'rem': 0, 'pressure': 50.0}, {'batch': 799, 'nrem': 11, 'rem': 0, 'pressure': 50.0}, {'batch': 849, 'nrem': 11, 'rem': 0, 'pressure': 50.0}, {'batch': 899, 'nrem': 11, 'rem': 0, 'pressure': 50.0}, {'batch': 949, 'nrem': 11, 'rem': 0, 'pressure': 50.0}, {'batch': 999, 'nrem': 11, 'rem': 0, 'pressure': 50.0}, {'batch': 1049, 'nrem': 11, 'rem': 0, 'pressure': 50.0}, {'batch': 1099, 'nrem': 11, 'rem': 0, 'pressure': 50.0}, {'batch': 1149, 'nrem': 11, 'rem': 0, 'pressure': 50.0}, {'batch': 1184, 'nrem': 11, 'rem': 0, 'pressure': 35.0}]"
sch_count_err_1000,0,ctx,1000,random,nrem,False,0.9115,0.06256635964206492,"[109, 113, 99, 113, 93, 69, 88, 114, 103, 99]",39.38222670555115,,,,,,,,,,,internal,429.0,,,,,,,,,,,,,,24.0,0.0,4.0,"[{'batch': 49, 'nrem': 13, 'rem': 0, 'pressure': 50.0}, {'batch': 99, 'nrem': 5, 'rem': 0, 'pressure': 50.0}, {'batch': 149, 'nrem': 5, 'rem': 0, 'pressure': 50.0}, {'batch': 199, 'nrem': 5, 'rem': 0, 'pressure': 50.0}, {'batch': 249, 'nrem': 5, 'rem': 0, 'pressure': 50.0}, {'batch': 299, 'nrem': 28, 'rem': 0, 'pressure': 50.0}, {'batch': 349, 'nrem': 10, 'rem': 0, 'pressure': 50.0}, {'batch': 399, 'nrem': 6, 'rem': 0, 'pressure': 50.0}, {'batch': 449, 'nrem': 5, 'rem': 0, 'pressure': 50.0}, {'batch': 499, 'nrem': 24, 'rem': 0, 'pressure': 50.0}, {'batch': 549, 'nrem': 26, 'rem': 0, 'pressure': 50.0}, {'batch': 599, 'nrem': 20, 'rem': 0, 'pressure': 50.0}, {'batch': 649, 'nrem': 12, 'rem': 0, 'pressure': 50.0}, {'batch': 699, 'nrem': 9, 'rem': 0, 'pressure': 50.0}, {'batch': 749, 'nrem': 33, 'rem': 0, 'pressure': 50.0}, {'batch': 799, 'nrem': 29, 'rem': 0, 'pressure': 50.0}, {'batch': 849, 'nrem': 13, 'rem': 0, 'pressure': 50.0}, {'batch': 899, 'nrem': 12, 'rem': 0, 'pressure': 50.0}, {'batch': 949, 'nrem': 9, 'rem': 0, 'pressure': 50.0}, {'batch': 999, 'nrem': 40, 'rem': 0, 'pressure': 50.0}, {'batch': 1049, 'nrem': 40, 'rem': 0, 'pressure': 50.0}, {'batch': 1099, 'nrem': 36, 'rem': 0, 'pressure': 50.0}, {'batch': 1149, 'nrem': 24, 'rem': 0, 'pressure': 50.0}, {'batch': 1184, 'nrem': 20, 'rem': 0, 'pressure': 35.0}]"
sch_count_err_1000,1,ctx,1000,random,nrem,False,0.9132,0.06793457424030677,"[105, 106, 80, 101, 101, 92, 102, 100, 112, 101]",38.20295572280884,,,,,,,,,,,internal,393.0,,,,,,,,,,,,,,24.0,0.0,4.0,"[{'batch': 49, 'nrem': 5, 'rem': 0, 'pressure': 50.0}, {'batch': 99, 'nrem': 5, 'rem': 0, 'pressure': 50.0}, {'batch': 149, 'nrem': 5, 'rem': 0, 'pressure': 50.0}, {'batch': 199, 'nrem': 5, 'rem': 0, 'pressure': 50.0}, {'batch': 249, 'nrem': 5, 'rem': 0, 'pressure': 50.0}, {'batch': 299, 'nrem': 24, 'rem': 0, 'pressure': 50.0}, {'batch': 349, 'nrem': 10, 'rem': 0, 'pressure': 50.0}, {'batch': 399, 'nrem': 6, 'rem': 0, 'pressure': 50.0}, {'batch': 449, 'nrem': 5, 'rem': 0, 'pressure': 50.0}, {'batch': 499, 'nrem': 26, 'rem': 0, 'pressure': 50.0}, {'batch': 549, 'nrem': 24, 'rem': 0, 'pressure': 50.0}, {'batch': 599, 'nrem': 17, 'rem': 0, 'pressure': 50.0}, {'batch': 649, 'nrem': 10, 'rem': 0, 'pressure': 50.0}, {'batch': 699, 'nrem': 7, 'rem': 0, 'pressure': 50.0}, {'batch': 749, 'nrem': 33, 'rem': 0, 'pressure': 50.0}, {'batch': 799, 'nrem': 29, 'rem': 0, 'pressure': 50.0}, {'batch': 849, 'nrem': 11, 'rem': 0, 'pressure': 50.0}, {'batch': 899, 'nrem': 11, 'rem': 0, 'pressure': 50.0}, {'batch': 949, 'nrem': 8, 'rem': 0, 'pressure': 50.0}, {'batch': 999, 'nrem': 40, 'rem': 0, 'pressure': 50.0}, {'batch': 1049, 'nrem': 40, 'rem': 0, 'pressure': 50.0}, {'batch': 1099, 'nrem': 33, 'rem': 0, 'pressure': 50.0}, {'batch': 1149, 'nrem': 21, 'rem': 0, 'pressure': 50.0}, {'batch': 1184, 'nrem': 13, 'rem': 0, 'pressure': 35.0}]"
sch_count_err_1000,2,ctx,1000,random,nrem,False,0.9115,0.06364420891768283,"[102, 104, 111, 112, 101, 79, 99, 91, 100, 101]",38.71704387664795,,,,,,,,,,,internal,420.0,,,,,,,,,,,,,,24.0,0.0,4.0,"[{'batch': 49, 'nrem': 6, 'rem': 0, 'pressure': 50.0}, {'batch': 99, 'nrem': 5, 'rem': 0, 'pressure': 50.0}, {'batch': 149, 'nrem': 5, 'rem': 0, 'pressure': 50.0}, {'batch': 199, 'nrem': 5, 'rem': 0, 'pressure': 50.0}, {'batch': 249, 'nrem': 5, 'rem': 0, 'pressure': 50.0}, {'batch': 299, 'nrem': 32, 'rem': 0, 'pressure': 50.0}, {'batch': 349, 'nrem': 10, 'rem': 0, 'pressure': 50.0}, {'batch': 399, 'nrem': 7, 'rem': 0, 'pressure': 50.0}, {'batch': 449, 'nrem': 5, 'rem': 0, 'pressure': 50.0}, {'batch': 499, 'nrem': 25, 'rem': 0, 'pressure': 50.0}, {'batch': 549, 'nrem': 27, 'rem': 0, 'pressure': 50.0}, {'batch': 599, 'nrem': 20, 'rem': 0, 'pressure': 50.0}, {'batch': 649, 'nrem': 9, 'rem': 0, 'pressure': 50.0}, {'batch': 699, 'nrem': 7, 'rem': 0, 'pressure': 50.0}, {'batch': 749, 'nrem': 40, 'rem': 0, 'pressure': 50.0}, {'batch': 799, 'nrem': 24, 'rem': 0, 'pressure': 50.0}, {'batch': 849, 'nrem': 16, 'rem': 0, 'pressure': 50.0}, {'batch': 899, 'nrem': 10, 'rem': 0, 'pressure': 50.0}, {'batch': 949, 'nrem': 9, 'rem': 0, 'pressure': 50.0}, {'batch': 999, 'nrem': 38, 'rem': 0, 'pressure': 50.0}, {'batch': 1049, 'nrem': 40, 'rem': 0, 'pressure': 50.0}, {'batch': 1099, 'nrem': 35, 'rem': 0, 'pressure': 50.0}, {'batch': 1149, 'nrem': 27, 'rem': 0, 'pressure': 50.0}, {'batch': 1184, 'nrem': 13, 'rem': 0, 'pressure': 35.0}]"
sch_count_err_200,0,ctx,200,random,nrem,False,0.7995,0.23608712579359775,"[15, 22, 16, 25, 23, 17, 22, 18, 23, 19]",30.500577688217163,,,,,,,,,,,internal,317.0,,,,,,,,,,,,,,24.0,0.0,4.0,"[{'batch': 49, 'nrem': 14, 'rem': 0, 'pressure': 50.0}, {'batch': 99, 'nrem': 5, 'rem': 0, 'pressure': 50.0}, {'batch': 149, 'nrem': 5, 'rem': 0, 'pressure': 50.0}, {'batch': 199, 'nrem': 5, 'rem': 0, 'pressure': 50.0}, {'batch': 249, 'nrem': 5, 'rem': 0, 'pressure': 50.0}, {'batch': 299, 'nrem': 24, 'rem': 0, 'pressure': 50.0}, {'batch': 349, 'nrem': 11, 'rem': 0, 'pressure': 50.0}, {'batch': 399, 'nrem': 7, 'rem': 0, 'pressure': 50.0}, {'batch': 449, 'nrem': 5, 'rem': 0, 'pressure': 50.0}, {'batch': 499, 'nrem': 20, 'rem': 0, 'pressure': 50.0}, {'batch': 549, 'nrem': 16, 'rem': 0, 'pressure': 50.0}, {'batch': 599, 'nrem': 11, 'rem': 0, 'pressure': 50.0}, {'batch': 649, 'nrem': 8, 'rem': 0, 'pressure': 50.0}, {'batch': 699, 'nrem': 5, 'rem': 0, 'pressure': 50.0}, {'batch': 749, 'nrem': 28, 'rem': 0, 'pressure': 50.0}, {'batch': 799, 'nrem': 14, 'rem': 0, 'pressure': 50.0}, {'batch': 849, 'nrem': 9, 'rem': 0, 'pressure': 50.0}, {'batch': 899, 'nrem': 7, 'rem': 0, 'pressure': 50.0}, {'batch': 949, 'nrem': 6, 'rem': 0, 'pressure': 50.0}, {'batch': 999, 'nrem': 30, 'rem': 0, 'pressure': 50.0}, {'batch': 1049, 'nrem': 35, 'rem': 0, 'pressure': 50.0}, {'batch': 1099, 'nrem': 26, 'rem': 0, 'pressure': 50.0}, {'batch': 1149, 'nrem': 12, 'rem': 0, 'pressure': 50.0}, {'batch': 1184, 'nrem': 9, 'rem': 0, 'pressure': 35.0}]"
sch_count_err_200,1,ctx,200,random,nrem,False,0.8559,0.1540602336899093,"[30, 18, 19, 18, 16, 17, 17, 28, 23, 14]",30.44746470451355,,,,,,,,,,,internal,300.0,,,,,,,,,,,,,,24.0,0.0,4.0,"[{'batch': 49, 'nrem': 5, 'rem': 0, 'pressure': 50.0}, {'batch': 99, 'nrem': 5, 'rem': 0, 'pressure': 50.0}, {'batch': 149, 'nrem': 5, 'rem': 0, 'pressure': 50.0}, {'batch': 199, 'nrem': 5, 'rem': 0, 'pressure': 50.0}, {'batch': 249, 'nrem': 5, 'rem': 0, 'pressure': 50.0}, {'batch': 299, 'nrem': 21, 'rem': 0, 'pressure': 50.0}, {'batch': 349, 'nrem': 10, 'rem': 0, 'pressure': 50.0}, {'batch': 399, 'nrem': 6, 'rem': 0, 'pressure': 50.0}, {'batch': 449, 'nrem': 5, 'rem': 0, 'pressure': 50.0}, {'batch': 499, 'nrem': 19, 'rem': 0, 'pressure': 50.0}, {'batch': 549, 'nrem': 18, 'rem': 0, 'pressure': 50.0}, {'batch': 599, 'nrem': 11, 'rem': 0, 'pressure': 50.0}, {'batch': 649, 'nrem': 7, 'rem': 0, 'pressure': 50.0}, {'batch': 699, 'nrem': 5, 'rem': 0, 'pressure': 50.0}, {'batch': 749, 'nrem': 24, 'rem': 0, 'pressure': 50.0}, {'batch': 799, 'nrem': 18, 'rem': 0, 'pressure': 50.0}, {'batch': 849, 'nrem': 9, 'rem': 0, 'pressure': 50.0}, {'batch': 899, 'nrem': 6, 'rem': 0, 'pressure': 50.0}, {'batch': 949, 'nrem': 6, 'rem': 0, 'pressure': 50.0}, {'batch': 999, 'nrem': 34, 'rem': 0, 'pressure': 50.0}, {'batch': 1049, 'nrem': 26, 'rem': 0, 'pressure': 50.0}, {'batch': 1099, 'nrem': 22, 'rem': 0, 'pressure': 50.0}, {'batch': 1149, 'nrem': 17, 'rem': 0, 'pressure': 50.0}, {'batch': 1184, 'nrem': 11, 'rem': 0, 'pressure': 35.0}]"
sch_count_err_200,2,ctx,200,random,nrem,False,0.8146,0.19687634695839473,"[22, 28, 13, 19, 26, 14, 16, 26, 13, 23]",30.76869511604309,,,,,,,,,,,internal,337.0,,,,,,,,,,,,,,24.0,0.0,4.0,"[{'batch': 49, 'nrem': 5, 'rem': 0, 'pressure': 50.0}, {'batch': 99, 'nrem': 5, 'rem': 0, 'pressure': 50.0}, {'batch': 149, 'nrem': 5, 'rem': 0, 'pressure': 50.0}, {'batch': 199, 'nrem': 5, 'rem': 0, 'pressure': 50.0}, {'batch': 249, 'nrem': 5, 'rem': 0, 'pressure': 50.0}, {'batch': 299, 'nrem': 25, 'rem': 0, 'pressure': 50.0}, {'batch': 349, 'nrem': 10, 'rem': 0, 'pressure': 50.0}, {'batch': 399, 'nrem': 7, 'rem': 0, 'pressure': 50.0}, {'batch': 449, 'nrem': 5, 'rem': 0, 'pressure': 50.0}, {'batch': 499, 'nrem': 18, 'rem': 0, 'pressure': 50.0}, {'batch': 549, 'nrem': 22, 'rem': 0, 'pressure': 50.0}, {'batch': 599, 'nrem': 18, 'rem': 0, 'pressure': 50.0}, {'batch': 649, 'nrem': 10, 'rem': 0, 'pressure': 50.0}, {'batch': 699, 'nrem': 6, 'rem': 0, 'pressure': 50.0}, {'batch': 749, 'nrem': 26, 'rem': 0, 'pressure': 50.0}, {'batch': 799, 'nrem': 17, 'rem': 0, 'pressure': 50.0}, {'batch': 849, 'nrem': 10, 'rem': 0, 'pressure': 50.0}, {'batch': 899, 'nrem': 7, 'rem': 0, 'pressure': 50.0}, {'batch': 949, 'nrem': 8, 'rem': 0, 'pressure': 50.0}, {'batch': 999, 'nrem': 27, 'rem': 0, 'pressure': 50.0}, {'batch': 1049, 'nrem': 29, 'rem': 0, 'pressure': 50.0}, {'batch': 1099, 'nrem': 30, 'rem': 0, 'pressure': 50.0}, {'batch': 1149, 'nrem': 23, 'rem': 0, 'pressure': 50.0}, {'batch': 1184, 'nrem': 14, 'rem': 0, 'pressure': 35.0}]"
sch_count_fixed_1000,0,ctx,1000,random,nrem,False,0.8372,0.17129521469369346,"[95, 111, 114, 107, 104, 89, 104, 91, 92, 93]",41.319005489349365,,,,,,,,,,,internal,480.0,,,,,,,,,,,,,,24.0,0.0,4.0,"[{'batch': 49, 'nrem': 20, 'rem': 0, 'pressure': 50.0}, {'batch': 99, 'nrem': 20, 'rem': 0, 'pressure': 50.0}, {'batch': 149, 'nrem': 20, 'rem': 0, 'pressure': 50.0}, {'batch': 199, 'nrem': 20, 'rem': 0, 'pressure': 50.0}, {'batch': 249, 'nrem': 20, 'rem': 0, 'pressure': 50.0}, {'batch': 299, 'nrem': 20, 'rem': 0, 'pressure': 50.0}, {'batch': 349, 'nrem': 20, 'rem': 0, 'pressure': 50.0}, {'batch': 399, 'nrem': 20, 'rem': 0, 'pressure': 50.0}, {'batch': 449, 'nrem': 20, 'rem': 0, 'pressure': 50.0}, {'batch': 499, 'nrem': 20, 'rem': 0, 'pressure': 50.0}, {'batch': 549, 'nrem': 20, 'rem': 0, 'pressure': 50.0}, {'batch': 599, 'nrem': 20, 'rem': 0, 'pressure': 50.0}, {'batch': 649, 'nrem': 20, 'rem': 0, 'pressure': 50.0}, {'batch': 699, 'nrem': 20, 'rem': 0, 'pressure': 50.0}, {'batch': 749, 'nrem': 20, 'rem': 0, 'pressure': 50.0}, {'batch': 799, 'nrem': 20, 'rem': 0, 'pressure': 50.0}, {'batch': 849, 'nrem': 20, 'rem': 0, 'pressure': 50.0}, {'batch': 899, 'nrem': 20, 'rem': 0, 'pressure': 50.0}, {'batch': 949, 'nrem': 20, 'rem': 0, 'pressure': 50.0}, {'batch': 999, 'nrem': 20, 'rem': 0, 'pressure': 50.0}, {'batch': 1049, 'nrem': 20, 'rem': 0, 'pressure': 50.0}, {'batch': 1099, 'nrem': 20, 'rem': 0, 'pressure': 50.0}, {'batch': 1149, 'nrem': 20, 'rem': 0, 'pressure': 50.0}, {'batch': 1184, 'nrem': 20, 'rem': 0, 'pressure': 35.0}]"
sch_count_fixed_1000,1,ctx,1000,random,nrem,False,0.8599,0.13243812277137637,"[92, 102, 111, 96, 77, 105, 85, 127, 100, 105]",41.75756859779358,,,,,,,,,,,internal,480.0,,,,,,,,,,,,,,24.0,0.0,4.0,"[{'batch': 49, 'nrem': 20, 'rem': 0, 'pressure': 50.0}, {'batch': 99, 'nrem': 20, 'rem': 0, 'pressure': 50.0}, {'batch': 149, 'nrem': 20, 'rem': 0, 'pressure': 50.0}, {'batch': 199, 'nrem': 20, 'rem': 0, 'pressure': 50.0}, {'batch': 249, 'nrem': 20, 'rem': 0, 'pressure': 50.0}, {'batch': 299, 'nrem': 20, 'rem': 0, 'pressure': 50.0}, {'batch': 349, 'nrem': 20, 'rem': 0, 'pressure': 50.0}, {'batch': 399, 'nrem': 20, 'rem': 0, 'pressure': 50.0}, {'batch': 449, 'nrem': 20, 'rem': 0, 'pressure': 50.0}, {'batch': 499, 'nrem': 20, 'rem': 0, 'pressure': 50.0}, {'batch': 549, 'nrem': 20, 'rem': 0, 'pressure': 50.0}, {'batch': 599, 'nrem': 20, 'rem': 0, 'pressure': 50.0}, {'batch': 649, 'nrem': 20, 'rem': 0, 'pressure': 50.0}, {'batch': 699, 'nrem': 20, 'rem': 0, 'pressure': 50.0}, {'batch': 749, 'nrem': 20, 'rem': 0, 'pressure': 50.0}, {'batch': 799, 'nrem': 20, 'rem': 0, 'pressure': 50.0}, {'batch': 849, 'nrem': 20, 'rem': 0, 'pressure': 50.0}, {'batch': 899, 'nrem': 20, 'rem': 0, 'pressure': 50.0}, {'batch': 949, 'nrem': 20, 'rem': 0, 'pressure': 50.0}, {'batch': 999, 'nrem': 20, 'rem': 0, 'pressure': 50.0}, {'batch': 1049, 'nrem': 20, 'rem': 0, 'pressure': 50.0}, {'batch': 1099, 'nrem': 20, 'rem': 0, 'pressure': 50.0}, {'batch': 1149, 'nrem': 20, 'rem': 0, 'pressure': 50.0}, {'batch': 1184, 'nrem': 20, 'rem': 0, 'pressure': 35.0}]"
sch_count_fixed_1000,2,ctx,1000,random,nrem,False,0.882,0.10725269867863915,"[99, 111, 97, 111, 105, 85, 88, 101, 111, 92]",41.118703842163086,,,,,,,,,,,internal,480.0,,,,,,,,,,,,,,24.0,0.0,4.0,"[{'batch': 49, 'nrem': 20, 'rem': 0, 'pressure': 50.0}, {'batch': 99, 'nrem': 20, 'rem': 0, 'pressure': 50.0}, {'batch': 149, 'nrem': 20, 'rem': 0, 'pressure': 50.0}, {'batch': 199, 'nrem': 20, 'rem': 0, 'pressure': 50.0}, {'batch': 249, 'nrem': 20, 'rem': 0, 'pressure': 50.0}, {'batch': 299, 'nrem': 20, 'rem': 0, 'pressure': 50.0}, {'batch': 349, 'nrem': 20, 'rem': 0, 'pressure': 50.0}, {'batch': 399, 'nrem': 20, 'rem': 0, 'pressure': 50.0}, {'batch': 449, 'nrem': 20, 'rem': 0, 'pressure': 50.0}, {'batch': 499, 'nrem': 20, 'rem': 0, 'pressure': 50.0}, {'batch': 549, 'nrem': 20, 'rem': 0, 'pressure': 50.0}, {'batch': 599, 'nrem': 20, 'rem': 0, 'pressure': 50.0}, {'batch': 649, 'nrem': 20, 'rem': 0, 'pressure': 50.0}, {'batch': 699, 'nrem': 20, 'rem': 0, 'pressure': 50.0}, {'batch': 749, 'nrem': 20, 'rem': 0, 'pressure': 50.0}, {'batch': 799, 'nrem': 20, 'rem': 0, 'pressure': 50.0}, {'batch': 849, 'nrem': 20, 'rem': 0, 'pressure': 50.0}, {'batch': 899, 'nrem': 20, 'rem': 0, 'pressure': 50.0}, {'batch': 949, 'nrem': 20, 'rem': 0, 'pressure': 50.0}, {'batch': 999, 'nrem': 20, 'rem': 0, 'pressure': 50.0}, {'batch': 1049, 'nrem': 20, 'rem': 0, 'pressure': 50.0}, {'batch': 1099, 'nrem': 20, 'rem': 0, 'pressure': 50.0}, {'batch': 1149, 'nrem': 20, 'rem': 0, 'pressure': 50.0}, {'batch': 1184, 'nrem': 20, 'rem': 0, 'pressure': 35.0}]"
sch_count_fixed_200,0,ctx,200,random,nrem,False,0.8744,0.11223502739746932,"[25, 17, 18, 24, 22, 16, 19, 15, 23, 21]",34.567654848098755,,,,,,,,,,,internal,480.0,,,,,,,,,,,,,,24.0,0.0,4.0,"[{'batch': 49, 'nrem': 20, 'rem': 0, 'pressure': 50.0}, {'batch': 99, 'nrem': 20, 'rem': 0, 'pressure': 50.0}, {'batch': 149, 'nrem': 20, 'rem': 0, 'pressure': 50.0}, {'batch': 199, 'nrem': 20, 'rem': 0, 'pressure': 50.0}, {'batch': 249, 'nrem': 20, 'rem': 0, 'pressure': 50.0}, {'batch': 299, 'nrem': 20, 'rem': 0, 'pressure': 50.0}, {'batch': 349, 'nrem': 20, 'rem': 0, 'pressure': 50.0}, {'batch': 399, 'nrem': 20, 'rem': 0, 'pressure': 50.0}, {'batch': 449, 'nrem': 20, 'rem': 0, 'pressure': 50.0}, {'batch': 499, 'nrem': 20, 'rem': 0, 'pressure': 50.0}, {'batch': 549, 'nrem': 20, 'rem': 0, 'pressure': 50.0}, {'batch': 599, 'nrem': 20, 'rem': 0, 'pressure': 50.0}, {'batch': 649, 'nrem': 20, 'rem': 0, 'pressure': 50.0}, {'batch': 699, 'nrem': 20, 'rem': 0, 'pressure': 50.0}, {'batch': 749, 'nrem': 20, 'rem': 0, 'pressure': 50.0}, {'batch': 799, 'nrem': 20, 'rem': 0, 'pressure': 50.0}, {'batch': 849, 'nrem': 20, 'rem': 0, 'pressure': 50.0}, {'batch': 899, 'nrem': 20, 'rem': 0, 'pressure': 50.0}, {'batch': 949, 'nrem': 20, 'rem': 0, 'pressure': 50.0}, {'batch': 999, 'nrem': 20, 'rem': 0, 'pressure': 50.0}, {'batch': 1049, 'nrem': 20, 'rem': 0, 'pressure': 50.0}, {'batch': 1099, 'nrem': 20, 'rem': 0, 'pressure': 50.0}, {'batch': 1149, 'nrem': 20, 'rem': 0, 'pressure': 50.0}, {'batch': 1184, 'nrem': 20, 'rem': 0, 'pressure': 35.0}]"
sch_count_fixed_200,1,ctx,200,random,nrem,False,0.8616,0.12834868247480186,"[25, 25, 16, 21, 25, 13, 9, 24, 24, 18]",34.51553678512573,,,,,,,,,,,internal,480.0,,,,,,,,,,,,,,24.0,0.0,4.0,"[{'batch': 49, 'nrem': 20, 'rem': 0, 'pressure': 50.0}, {'batch': 99, 'nrem': 20, 'rem': 0, 'pressure': 50.0}, {'batch': 149, 'nrem': 20, 'rem': 0, 'pressure': 50.0}, {'batch': 199, 'nrem': 20, 'rem': 0, 'pressure': 50.0}, {'batch': 249, 'nrem': 20, 'rem': 0, 'pressure': 50.0}, {'batch': 299, 'nrem': 20, 'rem': 0, 'pressure': 50.0}, {'batch': 349, 'nrem': 20, 'rem': 0, 'pressure': 50.0}, {'batch': 399, 'nrem': 20, 'rem': 0, 'pressure': 50.0}, {'batch': 449, 'nrem': 20, 'rem': 0, 'pressure': 50.0}, {'batch': 499, 'nrem': 20, 'rem': 0, 'pressure': 50.0}, {'batch': 549, 'nrem': 20, 'rem': 0, 'pressure': 50.0}, {'batch': 599, 'nrem': 20, 'rem': 0, 'pressure': 50.0}, {'batch': 649, 'nrem': 20, 'rem': 0, 'pressure': 50.0}, {'batch': 699, 'nrem': 20, 'rem': 0, 'pressure': 50.0}, {'batch': 749, 'nrem': 20, 'rem': 0, 'pressure': 50.0}, {'batch': 799, 'nrem': 20, 'rem': 0, 'pressure': 50.0}, {'batch': 849, 'nrem': 20, 'rem': 0, 'pressure': 50.0}, {'batch': 899, 'nrem': 20, 'rem': 0, 'pressure': 50.0}, {'batch': 949, 'nrem': 20, 'rem': 0, 'pressure': 50.0}, {'batch': 999, 'nrem': 20, 'rem': 0, 'pressure': 50.0}, {'batch': 1049, 'nrem': 20, 'rem': 0, 'pressure': 50.0}, {'batch': 1099, 'nrem': 20, 'rem': 0, 'pressure': 50.0}, {'batch': 1149, 'nrem': 20, 'rem': 0, 'pressure': 50.0}, {'batch': 1184, 'nrem': 20, 'rem': 0, 'pressure': 35.0}]"
sch_count_fixed_200,2,ctx,200,random,nrem,False,0.8686,0.12748793023762564,"[15, 21, 15, 21, 21, 24, 18, 20, 23, 22]",34.386178731918335,,,,,,,,,,,internal,480.0,,,,,,,,,,,,,,24.0,0.0,4.0,"[{'batch': 49, 'nrem': 20, 'rem': 0, 'pressure': 50.0}, {'batch': 99, 'nrem': 20, 'rem': 0, 'pressure': 50.0}, {'batch': 149, 'nrem': 20, 'rem': 0, 'pressure': 50.0}, {'batch': 199, 'nrem': 20, 'rem': 0, 'pressure': 50.0}, {'batch': 249, 'nrem': 20, 'rem': 0, 'pressure': 50.0}, {'batch': 299, 'nrem': 20, 'rem': 0, 'pressure': 50.0}, {'batch': 349, 'nrem': 20, 'rem': 0, 'pressure': 50.0}, {'batch': 399, 'nrem': 20, 'rem': 0, 'pressure': 50.0}, {'batch': 449, 'nrem': 20, 'rem': 0, 'pressure': 50.0}, {'batch': 499, 'nrem': 20, 'rem': 0, 'pressure': 50.0}, {'batch': 549, 'nrem': 20, 'rem': 0, 'pressure': 50.0}, {'batch': 599, 'nrem': 20, 'rem': 0, 'pressure': 50.0}, {'batch': 649, 'nrem': 20, 'rem': 0, 'pressure': 50.0}, {'batch': 699, 'nrem': 20, 'rem': 0, 'pressure': 50.0}, {'batch': 749, 'nrem': 20, 'rem': 0, 'pressure': 50.0}, {'batch': 799, 'nrem': 20, 'rem': 0, 'pressure': 50.0}, {'batch': 849, 'nrem': 20, 'rem': 0, 'pressure': 50.0}, {'batch': 899, 'nrem': 20, 'rem': 0, 'pressure': 50.0}, {'batch': 949, 'nrem': 20, 'rem': 0, 'pressure': 50.0}, {'batch': 999, 'nrem': 20, 'rem': 0, 'pressure': 50.0}, {'batch': 1049, 'nrem': 20, 'rem': 0, 'pressure': 50.0}, {'batch': 1099, 'nrem': 20, 'rem': 0, 'pressure': 50.0}, {'batch': 1149, 'nrem': 20, 'rem': 0, 'pressure': 50.0}, {'batch': 1184, 'nrem': 20, 'rem': 0, 'pressure': 35.0}]"
sch_surp10_err_1000,0,ctx,1000,random,nrem,False,0.9115,0.07516264184426741,"[90, 106, 93, 97, 130, 81, 106, 108, 86, 103]",37.236215114593506,,,,,,,,,,,internal,386.0,,,,,,,,,,,,,,23.0,0.0,14.0,"[{'batch': 10, 'nrem': 31, 'rem': 0, 'pressure': 10.690526604652405}, {'batch': 251, 'nrem': 5, 'rem': 0, 'pressure': 10.611841104924679}, {'batch': 261, 'nrem': 11, 'rem': 0, 'pressure': 10.257181286811829}, {'batch': 273, 'nrem': 9, 'rem': 0, 'pressure': 10.6750648021698}, {'batch': 335, 'nrem': 8, 'rem': 0, 'pressure': 10.084614053368568}, {'batch': 453, 'nrem': 9, 'rem': 0, 'pressure': 10.031608000397682}, {'batch': 494, 'nrem': 14, 'rem': 0, 'pressure': 10.161907285451889}, {'batch': 504, 'nrem': 15, 'rem': 0, 'pressure': 10.600849330425262}, {'batch': 515, 'nrem': 13, 'rem': 0, 'pressure': 10.11688643693924}, {'batch': 532, 'nrem': 13, 'rem': 0, 'pressure': 10.273659378290176}, {'batch': 627, 'nrem': 19, 'rem': 0, 'pressure': 10.011461451649666}, {'batch': 712, 'nrem': 21, 'rem': 0, 'pressure': 10.359432715922594}, {'batch': 722, 'nrem': 17, 'rem': 0, 'pressure': 10.871693909168243}, {'batch': 733, 'nrem': 14, 'rem': 0, 'pressure': 10.575898170471191}, {'batch': 832, 'nrem': 21, 'rem': 0, 'pressure': 10.016979468986392}, {'batch': 953, 'nrem': 23, 'rem': 0, 'pressure': 10.684268075972795}, {'batch': 963, 'nrem': 22, 'rem': 0, 'pressure': 10.864229679107666}, {'batch': 974, 'nrem': 17, 'rem': 0, 'pressure': 10.821563243865967}, {'batch': 987, 'nrem': 16, 'rem': 0, 'pressure': 10.606006681919098}, {'batch': 1004, 'nrem': 17, 'rem': 0, 'pressure': 10.230560630559921}, {'batch': 1054, 'nrem': 21, 'rem': 0, 'pressure': 10.026764310896397}, {'batch': 1101, 'nrem': 25, 'rem': 0, 'pressure': 10.029415149241686}, {'batch': 1184, 'nrem': 25, 'rem': 0, 'pressure': 9.570665765553713}]"
sch_surp10_err_1000,1,ctx,1000,random,nrem,False,0.9035,0.07756473088825269,"[87, 124, 108, 112, 85, 104, 84, 106, 94, 96]",36.93815875053406,,,,,,,,,,,internal,390.0,,,,,,,,,,,,,,22.0,0.0,15.0,"[{'batch': 11, 'nrem': 24, 'rem': 0, 'pressure': 10.713476717472076}, {'batch': 252, 'nrem': 5, 'rem': 0, 'pressure': 11.193024615757167}, {'batch': 263, 'nrem': 11, 'rem': 0, 'pressure': 10.44969642162323}, {'batch': 276, 'nrem': 12, 'rem': 0, 'pressure': 10.366097629070282}, {'batch': 332, 'nrem': 9, 'rem': 0, 'pressure': 10.004918791353703}, {'batch': 442, 'nrem': 8, 'rem': 0, 'pressure': 10.056299399584532}, {'batch': 494, 'nrem': 19, 'rem': 0, 'pressure': 10.796937748789787}, {'batch': 504, 'nrem': 13, 'rem': 0, 'pressure': 10.622641444206238}, {'batch': 516, 'nrem': 11, 'rem': 0, 'pressure': 10.352186024188995}, {'batch': 539, 'nrem': 11, 'rem': 0, 'pressure': 10.195844501256943}, {'batch': 710, 'nrem': 21, 'rem': 0, 'pressure': 10.398400394245982}, {'batch': 720, 'nrem': 18, 'rem': 0, 'pressure': 10.750243425369263}, {'batch': 731, 'nrem': 14, 'rem': 0, 'pressure': 10.548072695732117}, {'batch': 771, 'nrem': 18, 'rem': 0, 'pressure': 10.003912925720215}, {'batch': 950, 'nrem': 23, 'rem': 0, 'pressure': 10.413738025352359}, {'batch': 959, 'nrem': 31, 'rem': 0, 'pressure': 10.177718997001648}, {'batch': 969, 'nrem': 19, 'rem': 0, 'pressure': 10.041233956813812}, {'batch': 981, 'nrem': 21, 'rem': 0, 'pressure': 10.080485701560974}, {'batch': 997, 'nrem': 19, 'rem': 0, 'pressure': 10.317058682441711}, {'batch': 1057, 'nrem': 27, 'rem': 0, 'pressure': 10.011114705353975}, {'batch': 1089, 'nrem': 28, 'rem': 0, 'pressure': 10.025496169924736}, {'batch': 1184, 'nrem': 28, 'rem': 0, 'pressure': 9.611585976555943}]"
sch_surp10_err_1000,2,ctx,1000,random,nrem,False,0.9151,0.0746083063211164,"[90, 106, 87, 112, 113, 105, 101, 85, 110, 91]",36.96336221694946,,,,,,,,,,,internal,384.0,,,,,,,,,,,,,,22.0,0.0,14.0,"[{'batch': 11, 'nrem': 25, 'rem': 0, 'pressure': 10.832511842250824}, {'batch': 251, 'nrem': 5, 'rem': 0, 'pressure': 10.44344959501177}, {'batch': 261, 'nrem': 12, 'rem': 0, 'pressure': 10.392699420452118}, {'batch': 273, 'nrem': 9, 'rem': 0, 'pressure': 10.612171232700348}, {'batch': 334, 'nrem': 8, 'rem': 0, 'pressure': 10.02526094764471}, {'batch': 456, 'nrem': 8, 'rem': 0, 'pressure': 10.020364664494991}, {'batch': 495, 'nrem': 18, 'rem': 0, 'pressure': 11.057457648217678}, {'batch': 505, 'nrem': 13, 'rem': 0, 'pressure': 10.510009765625}, {'batch': 517, 'nrem': 12, 'rem': 0, 'pressure': 10.167798161506653}, {'batch': 539, 'nrem': 15, 'rem': 0, 'pressure': 10.077150136232376}, {'batch': 639, 'nrem': 19, 'rem': 0, 'pressure': 10.007443683221936}, {'batch': 713, 'nrem': 24, 'rem': 0, 'pressure': 10.673257298767567}, {'batch': 723, 'nrem': 17, 'rem': 0, 'pressure': 10.69015920162201}, {'batch': 735, 'nrem': 16, 'rem': 0, 'pressure': 10.020459711551666}, {'batch': 950, 'nrem': 27, 'rem': 0, 'pressure': 10.917164328508079}, {'batch': 960, 'nrem': 23, 'rem': 0, 'pressure': 10.807239472866058}, {'batch': 971, 'nrem': 19, 'rem': 0, 'pressure': 10.803752839565277}, {'batch': 984, 'nrem': 18, 'rem': 0, 'pressure': 10.076423823833466}, {'batch': 1008, 'nrem': 20, 'rem': 0, 'pressure': 10.036256566643715}, {'batch': 1057, 'nrem': 24, 'rem': 0, 'pressure': 10.046675577759743}, {'batch': 1111, 'nrem': 24, 'rem': 0, 'pressure': 10.000033240765333}, {'batch': 1184, 'nrem': 28, 'rem': 0, 'pressure': 7.851506184786558}]"
sch_surp10_err_200,0,ctx,200,random,nrem,False,0.8404,0.18044058793814047,"[22, 21, 25, 17, 11, 24, 15, 22, 23, 20]",30.3993661403656,,,,,,,,,,,internal,275.0,,,,,,,,,,,,,,22.0,0.0,15.0,"[{'batch': 10, 'nrem': 31, 'rem': 0, 'pressure': 10.690526604652405}, {'batch': 251, 'nrem': 5, 'rem': 0, 'pressure': 10.422777346335351}, {'batch': 261, 'nrem': 11, 'rem': 0, 'pressure': 10.322295188903809}, {'batch': 272, 'nrem': 10, 'rem': 0, 'pressure': 10.621384799480438}, {'batch': 311, 'nrem': 8, 'rem': 0, 'pressure': 10.02185083925724}, {'batch': 421, 'nrem': 7, 'rem': 0, 'pressure': 10.051588732749224}, {'batch': 493, 'nrem': 12, 'rem': 0, 'pressure': 10.665631484240294}, {'batch': 503, 'nrem': 12, 'rem': 0, 'pressure': 10.256475687026978}, {'batch': 515, 'nrem': 5, 'rem': 0, 'pressure': 10.774047255516052}, {'batch': 532, 'nrem': 11, 'rem': 0, 'pressure': 10.0213423371315}, {'batch': 611, 'nrem': 10, 'rem': 0, 'pressure': 10.040509790182114}, {'batch': 712, 'nrem': 18, 'rem': 0, 'pressure': 11.211909333243966}, {'batch': 722, 'nrem': 13, 'rem': 0, 'pressure': 10.373954951763153}, {'batch': 733, 'nrem': 5, 'rem': 0, 'pressure': 10.027265965938568}, {'batch': 749, 'nrem': 13, 'rem': 0, 'pressure': 10.018920749425888}, {'batch': 951, 'nrem': 19, 'rem': 0, 'pressure': 11.174848830327392}, {'batch': 961, 'nrem': 16, 'rem': 0, 'pressure': 10.416564404964447}, {'batch': 973, 'nrem': 14, 'rem': 0, 'pressure': 10.52453362941742}, {'batch': 989, 'nrem': 15, 'rem': 0, 'pressure': 10.166555166244507}, {'batch': 1038, 'nrem': 16, 'rem': 0, 'pressure': 10.062214687466621}, {'batch': 1098, 'nrem': 13, 'rem': 0, 'pressure': 10.042681280523539}, {'batch': 1184, 'nrem': 11, 'rem': 0, 'pressure': 8.608300369232893}]"
sch_surp10_err_200,1,ctx,200,random,nrem,False,0.84,0.1827617663313945,"[17, 28, 14, 19, 19, 17, 17, 34, 14, 21]",30.08629846572876,,,,,,,,,,,internal,272.0,,,,,,,,,,,,,,22.0,0.0,14.0,"[{'batch': 11, 'nrem': 24, 'rem': 0, 'pressure': 10.713476717472076}, {'batch': 251, 'nrem': 5, 'rem': 0, 'pressure': 10.092072661034763}, {'batch': 261, 'nrem': 10, 'rem': 0, 'pressure': 10.038508713245392}, {'batch': 273, 'nrem': 5, 'rem': 0, 'pressure': 10.643699705600739}, {'batch': 298, 'nrem': 7, 'rem': 0, 'pressure': 10.134333044290543}, {'batch': 393, 'nrem': 7, 'rem': 0, 'pressure': 10.046598296612501}, {'batch': 491, 'nrem': 7, 'rem': 0, 'pressure': 10.187846522778273}, {'batch': 502, 'nrem': 13, 'rem': 0, 'pressure': 10.791603207588196}, {'batch': 514, 'nrem': 11, 'rem': 0, 'pressure': 10.542618334293365}, {'batch': 560, 'nrem': 9, 'rem': 0, 'pressure': 10.03501683473587}, {'batch': 711, 'nrem': 17, 'rem': 0, 'pressure': 10.9014921374619}, {'batch': 721, 'nrem': 15, 'rem': 0, 'pressure': 10.278068244457245}, {'batch': 732, 'nrem': 12, 'rem': 0, 'pressure': 10.159126341342926}, {'batch': 851, 'nrem': 18, 'rem': 0, 'pressure': 10.022167259827256}, {'batch': 953, 'nrem': 23, 'rem': 0, 'pressure': 10.709410994313657}, {'batch': 963, 'nrem': 17, 'rem': 0, 'pressure': 10.862701952457428}, {'batch': 974, 'nrem': 12, 'rem': 0, 'pressure': 10.351511716842651}, {'batch': 988, 'nrem': 14, 'rem': 0, 'pressure': 10.25415563583374}, {'batch': 1015, 'nrem': 12, 'rem': 0, 'pressure': 10.00280711054802}, {'batch': 1067, 'nrem': 10, 'rem': 0, 'pressure': 10.003529019653797}, {'batch': 1168, 'nrem': 13, 'rem': 0, 'pressure': 10.048871109262109}, {'batch': 1184, 'nrem': 11, 'rem': 0, 'pressure': 4.406285151839256}]"
sch_surp10_err_200,2,ctx,200,random,nrem,False,0.8517,0.1563320915014612,"[19, 18, 20, 17, 19, 21, 27, 19, 17, 23]",30.362351894378662,,,,,,,,,,,internal,274.0,,,,,,,,,,,,,,20.0,0.0,13.0,"[{'batch': 11, 'nrem': 24, 'rem': 0, 'pressure': 10.832511842250824}, {'batch': 251, 'nrem': 5, 'rem': 0, 'pressure': 10.573623116128147}, {'batch': 261, 'nrem': 11, 'rem': 0, 'pressure': 10.336791098117828}, {'batch': 272, 'nrem': 8, 'rem': 0, 'pressure': 10.483686923980713}, {'batch': 329, 'nrem': 8, 'rem': 0, 'pressure': 10.071362271904945}, {'batch': 451, 'nrem': 8, 'rem': 0, 'pressure': 10.032600671052933}, {'batch': 495, 'nrem': 19, 'rem': 0, 'pressure': 11.103439636528492}, {'batch': 505, 'nrem': 12, 'rem': 0, 'pressure': 10.616118013858795}, {'batch': 518, 'nrem': 10, 'rem': 0, 'pressure': 10.405783593654633}, {'batch': 550, 'nrem': 10, 'rem': 0, 'pressure': 10.140900492668152}, {'batch': 710, 'nrem': 16, 'rem': 0, 'pressure': 10.991449732333422}, {'batch': 720, 'nrem': 16, 'rem': 0, 'pressure': 10.587304174900055}, {'batch': 731, 'nrem': 13, 'rem': 0, 'pressure': 10.044268727302551}, {'batch': 950, 'nrem': 20, 'rem': 0, 'pressure': 11.053611849900335}, {'batch': 960, 'nrem': 17, 'rem': 0, 'pressure': 10.870364546775818}, {'batch': 972, 'nrem': 13, 'rem': 0, 'pressure': 10.61258339881897}, {'batch': 988, 'nrem': 15, 'rem': 0, 'pressure': 10.044341266155243}, {'batch': 1040, 'nrem': 14, 'rem': 0, 'pressure': 10.058040425181389}, {'batch': 1092, 'nrem': 17, 'rem': 0, 'pressure': 10.055248584598303}, {'batch': 1184, 'nrem': 18, 'rem': 0, 'pressure': 9.409179948270321}]"
sch_surp10_err_rem_1000,0,ctx,1000,random,nrem,False,0.9119,0.07236988131023739,"[94, 106, 97, 97, 106, 86, 107, 95, 102, 110]",60.26279902458191,,,,,,,,,,,internal,426.0,,,,,,,,,,,,,,23.0,368.0,14.0,"[{'batch': 9, 'nrem': 32, 'rem': 20, 'pressure': 10.177146017551422}, {'batch': 250, 'nrem': 5, 'rem': 20, 'pressure': 11.305425398983061}, {'batch': 260, 'nrem': 11, 'rem': 20, 'pressure': 10.061115682125092}, {'batch': 272, 'nrem': 11, 'rem': 20, 'pressure': 10.57925021648407}, {'batch': 330, 'nrem': 8, 'rem': 20, 'pressure': 10.04574441164732}, {'batch': 462, 'nrem': 9, 'rem': 20, 'pressure': 10.034608006477356}, {'batch': 495, 'nrem': 21, 'rem': 20, 'pressure': 10.210217371582985}, {'batch': 506, 'nrem': 16, 'rem': 20, 'pressure': 10.018290400505066}, {'batch': 519, 'nrem': 15, 'rem': 20, 'pressure': 10.45820552110672}, {'batch': 537, 'nrem': 16, 'rem': 20, 'pressure': 10.308841049671173}, {'batch': 682, 'nrem': 23, 'rem': 20, 'pressure': 10.00339108146727}, {'batch': 715, 'nrem': 25, 'rem': 20, 'pressure': 10.906579356640577}, {'batch': 726, 'nrem': 16, 'rem': 20, 'pressure': 10.315789520740509}, {'batch': 751, 'nrem': 17, 'rem': 20, 'pressure': 10.117547363042831}, {'batch': 951, 'nrem': 25, 'rem': 20, 'pressure': 10.362931188195944}, {'batch': 961, 'nrem': 26, 'rem': 20, 'pressure': 10.595421969890594}, {'batch': 972, 'nrem': 19, 'rem': 20, 'pressure': 10.130396902561188}, {'batch': 985, 'nrem': 22, 'rem': 20, 'pressure': 10.462033033370972}, {'batch': 1002, 'nrem': 21, 'rem': 0, 'pressure': 10.041565746068954}, {'batch': 1037, 'nrem': 19, 'rem': 7, 'pressure': 10.070544824004173}, {'batch': 1078, 'nrem': 23, 'rem': 1, 'pressure': 10.085836730897427}, {'batch': 1141, 'nrem': 23, 'rem': 0, 'pressure': 10.036107830703259}, {'batch': 1184, 'nrem': 23, 'rem': 0, 'pressure': 6.329541280865669}]"
sch_surp10_err_rem_1000,1,ctx,1000,random,nrem,False,0.9136,0.04723380213546752,"[102, 102, 97, 94, 113, 91, 117, 98, 90, 96]",58.3999559879303,,,,,,,,,,,internal,381.0,,,,,,,,,,,,,,22.0,351.0,13.0,"[{'batch': 11, 'nrem': 27, 'rem': 20, 'pressure': 10.403995871543884}, {'batch': 250, 'nrem': 5, 'rem': 20, 'pressure': 11.173724921420217}, {'batch': 261, 'nrem': 13, 'rem': 20, 'pressure': 10.56980186700821}, {'batch': 273, 'nrem': 10, 'rem': 20, 'pressure': 10.237249612808228}, {'batch': 327, 'nrem': 8, 'rem': 20, 'pressure': 10.06724813580513}, {'batch': 466, 'nrem': 8, 'rem': 20, 'pressure': 10.004987265914679}, {'batch': 497, 'nrem': 19, 'rem': 20, 'pressure': 10.798749931156635}, {'batch': 508, 'nrem': 14, 'rem': 20, 'pressure': 10.152789175510406}, {'batch': 528, 'nrem': 13, 'rem': 20, 'pressure': 10.220907002687454}, {'batch': 578, 'nrem': 19, 'rem': 20, 'pressure': 10.047122679650784}, {'batch': 704, 'nrem': 17, 'rem': 20, 'pressure': 10.024081375449896}, {'batch': 717, 'nrem': 23, 'rem': 20, 'pressure': 10.2134168446064}, {'batch': 728, 'nrem': 15, 'rem': 20, 'pressure': 10.159634113311768}, {'batch': 742, 'nrem': 13, 'rem': 20, 'pressure': 10.2328160405159}, {'batch': 951, 'nrem': 31, 'rem': 20, 'pressure': 11.397958351764828}, {'batch': 962, 'nrem': 25, 'rem': 20, 'pressure': 10.400099039077759}, {'batch': 974, 'nrem': 19, 'rem': 20, 'pressure': 10.602016389369965}, {'batch': 989, 'nrem': 18, 'rem': 2, 'pressure': 10.037355124950409}, {'batch': 1024, 'nrem': 25, 'rem': 6, 'pressure': 10.033952862024307}, {'batch': 1045, 'nrem': 16, 'rem': 0, 'pressure': 10.197044402360916}, {'batch': 1137, 'nrem': 26, 'rem': 3, 'pressure': 10.001971600577235}, {'batch': 1184, 'nrem': 17, 'rem': 0, 'pressure': 6.37103670835495}]"
sch_surp10_err_rem_1000,2,ctx,1000,random,nrem,False,0.9194,0.06498706326356468,"[99, 118, 119, 89, 105, 91, 102, 96, 85, 96]",57.92672300338745,,,,,,,,,,,internal,394.0,,,,,,,,,,,,,,22.0,348.0,14.0,"[{'batch': 10, 'nrem': 27, 'rem': 20, 'pressure': 10.538231670856476}, {'batch': 250, 'nrem': 5, 'rem': 20, 'pressure': 10.908231982029974}, {'batch': 260, 'nrem': 12, 'rem': 20, 'pressure': 10.036653101444244}, {'batch': 271, 'nrem': 11, 'rem': 20, 'pressure': 10.709027290344238}, {'batch': 306, 'nrem': 9, 'rem': 20, 'pressure': 10.03955852240324}, {'batch': 427, 'nrem': 8, 'rem': 20, 'pressure': 10.049012176692486}, {'batch': 493, 'nrem': 15, 'rem': 20, 'pressure': 10.146728333085775}, {'batch': 503, 'nrem': 15, 'rem': 20, 'pressure': 10.072740852832794}, {'batch': 515, 'nrem': 14, 'rem': 20, 'pressure': 10.314388930797577}, {'batch': 534, 'nrem': 14, 'rem': 20, 'pressure': 10.3302141726017}, {'batch': 567, 'nrem': 15, 'rem': 20, 'pressure': 10.000681467354298}, {'batch': 711, 'nrem': 22, 'rem': 20, 'pressure': 10.938493572175503}, {'batch': 722, 'nrem': 19, 'rem': 20, 'pressure': 10.076721489429474}, {'batch': 743, 'nrem': 17, 'rem': 20, 'pressure': 10.148962914943695}, {'batch': 951, 'nrem': 29, 'rem': 20, 'pressure': 10.789532750379294}, {'batch': 962, 'nrem': 27, 'rem': 20, 'pressure': 10.709737479686737}, {'batch': 974, 'nrem': 20, 'rem': 20, 'pressure': 10.104869604110718}, {'batch': 989, 'nrem': 18, 'rem': 1, 'pressure': 10.399400234222412}, {'batch': 1018, 'nrem': 19, 'rem': 7, 'pressure': 10.13752593100071}, {'batch': 1071, 'nrem': 28, 'rem': 0, 'pressure': 10.085058990865946}, {'batch': 1138, 'nrem': 27, 'rem': 0, 'pressure': 10.046521563082933}, {'batch': 1184, 'nrem': 23, 'rem': 0, 'pressure': 6.918849769979715}]"
sch_surp10_err_rem_200,0,ctx,200,random,nrem,False,0.8325,0.19511501467983386,"[18, 25, 24, 24, 19, 18, 21, 18, 16, 17]",58.79080581665039,,,,,,,,,,,internal,295.0,,,,,,,,,,,,,,22.0,340.0,12.0,"[{'batch': 9, 'nrem': 32, 'rem': 20, 'pressure': 10.177146017551422}, {'batch': 201, 'nrem': 5, 'rem': 20, 'pressure': 10.009062091819942}, {'batch': 256, 'nrem': 10, 'rem': 20, 'pressure': 10.385009506717324}, {'batch': 268, 'nrem': 9, 'rem': 20, 'pressure': 10.573273599147797}, {'batch': 324, 'nrem': 9, 'rem': 20, 'pressure': 10.01627293229103}, {'batch': 434, 'nrem': 9, 'rem': 20, 'pressure': 10.022046718746424}, {'batch': 493, 'nrem': 16, 'rem': 20, 'pressure': 10.228108286857605}, {'batch': 505, 'nrem': 12, 'rem': 20, 'pressure': 10.099678993225098}, {'batch': 521, 'nrem': 13, 'rem': 20, 'pressure': 10.48177182674408}, {'batch': 633, 'nrem': 21, 'rem': 20, 'pressure': 10.00941109471023}, {'batch': 712, 'nrem': 21, 'rem': 20, 'pressure': 11.190129177644849}, {'batch': 723, 'nrem': 13, 'rem': 20, 'pressure': 10.483063161373138}, {'batch': 736, 'nrem': 9, 'rem': 20, 'pressure': 10.469863474369049}, {'batch': 760, 'nrem': 9, 'rem': 20, 'pressure': 10.268307715654373}, {'batch': 952, 'nrem': 26, 'rem': 20, 'pressure': 10.972672732081264}, {'batch': 962, 'nrem': 16, 'rem': 20, 'pressure': 10.047176718711853}, {'batch': 974, 'nrem': 13, 'rem': 20, 'pressure': 10.603849947452545}, {'batch': 988, 'nrem': 10, 'rem': 0, 'pressure': 10.538222551345825}, {'batch': 1009, 'nrem': 12, 'rem': 0, 'pressure': 10.187849998474121}, {'batch': 1076, 'nrem': 11, 'rem': 0, 'pressure': 10.018977142870426}, {'batch': 1149, 'nrem': 11, 'rem': 0, 'pressure': 10.016039937734604}, {'batch': 1184, 'nrem': 8, 'rem': 0, 'pressure': 5.330718737095594}]"
sch_surp10_err_rem_200,1,ctx,200,random,nrem,False,0.8594,0.1486305032336168,"[20, 22, 15, 17, 15, 16, 24, 25, 18, 28]",57.66698360443115,,,,,,,,,,,internal,265.0,,,,,,,,,,,,,,21.0,340.0,13.0,"[{'batch': 11, 'nrem': 28, 'rem': 20, 'pressure': 10.403995871543884}, {'batch': 250, 'nrem': 5, 'rem': 20, 'pressure': 10.467591694556177}, {'batch': 261, 'nrem': 12, 'rem': 20, 'pressure': 10.690214991569519}, {'batch': 274, 'nrem': 8, 'rem': 20, 'pressure': 10.473680436611176}, {'batch': 307, 'nrem': 7, 'rem': 20, 'pressure': 10.115490332245827}, {'batch': 422, 'nrem': 7, 'rem': 20, 'pressure': 10.030541136860847}, {'batch': 494, 'nrem': 16, 'rem': 20, 'pressure': 10.931714162230492}, {'batch': 505, 'nrem': 12, 'rem': 20, 'pressure': 10.320846140384674}, {'batch': 518, 'nrem': 9, 'rem': 20, 'pressure': 10.245639979839325}, {'batch': 540, 'nrem': 8, 'rem': 20, 'pressure': 10.04933848977089}, {'batch': 686, 'nrem': 11, 'rem': 20, 'pressure': 10.015625247731805}, {'batch': 714, 'nrem': 17, 'rem': 20, 'pressure': 10.219306342303753}, {'batch': 725, 'nrem': 11, 'rem': 20, 'pressure': 10.384111523628235}, {'batch': 739, 'nrem': 10, 'rem': 20, 'pressure': 10.597176790237427}, {'batch': 951, 'nrem': 24, 'rem': 20, 'pressure': 11.410728363785893}, {'batch': 962, 'nrem': 18, 'rem': 20, 'pressure': 10.364035189151764}, {'batch': 975, 'nrem': 14, 'rem': 20, 'pressure': 10.692937910556793}, {'batch': 994, 'nrem': 12, 'rem': 0, 'pressure': 10.261040896177292}, {'batch': 1041, 'nrem': 13, 'rem': 0, 'pressure': 10.009243078529835}, {'batch': 1086, 'nrem': 11, 'rem': 0, 'pressure': 10.006342828273773}, {'batch': 1184, 'nrem': 12, 'rem': 0, 'pressure': 9.426073659211397}]"
sch_surp10_err_rem_200,2,ctx,200,random,nrem,False,0.8379,0.18746068560726184,"[9, 22, 19, 23, 17, 16, 15, 27, 30, 22]",57.26360535621643,,,,,,,,,,,internal,277.0,,,,,,,,,,,,,,21.0,336.0,13.0,"[{'batch': 10, 'nrem': 26, 'rem': 20, 'pressure': 10.538231670856476}, {'batch': 240, 'nrem': 5, 'rem': 20, 'pressure': 10.014499590732157}, {'batch': 257, 'nrem': 12, 'rem': 20, 'pressure': 10.958418242633343}, {'batch': 268, 'nrem': 8, 'rem': 20, 'pressure': 10.765267729759216}, {'batch': 284, 'nrem': 7, 'rem': 20, 'pressure': 10.310453176498413}, {'batch': 348, 'nrem': 7, 'rem': 20, 'pressure': 10.002324353903532}, {'batch': 490, 'nrem': 8, 'rem': 20, 'pressure': 10.883042335510254}, {'batch': 500, 'nrem': 19, 'rem': 20, 'pressure': 10.304148316383362}, {'batch': 512, 'nrem': 14, 'rem': 20, 'pressure': 10.706317663192749}, {'batch': 530, 'nrem': 13, 'rem': 20, 'pressure': 10.233591973781586}, {'batch': 649, 'nrem': 15, 'rem': 20, 'pressure': 10.029218934476376}, {'batch': 714, 'nrem': 20, 'rem': 20, 'pressure': 11.01120213419199}, {'batch': 726, 'nrem': 12, 'rem': 20, 'pressure': 10.45411467552185}, {'batch': 744, 'nrem': 14, 'rem': 20, 'pressure': 10.154281228780746}, {'batch': 951, 'nrem': 20, 'rem': 20, 'pressure': 10.371729435864836}, {'batch': 962, 'nrem': 19, 'rem': 20, 'pressure': 10.72349089384079}, {'batch': 977, 'nrem': 13, 'rem': 16, 'pressure': 10.137241959571838}, {'batch': 1002, 'nrem': 11, 'rem': 0, 'pressure': 10.212131202220917}, {'batch': 1054, 'nrem': 11, 'rem': 0, 'pressure': 10.038178946822882}, {'batch': 1148, 'nrem': 14, 'rem': 0, 'pressure': 10.014595158398151}, {'batch': 1184, 'nrem': 9, 'rem': 0, 'pressure': 4.971387334167957}]"
sch_surp10_fixed_1000,0,ctx,1000,random,nrem,False,0.9125,0.06398942975581864,"[109, 110, 100, 108, 85, 97, 103, 93, 94, 101]",39.205272912979126,,,,,,,,,,,internal,460.0,,,,,,,,,,,,,,23.0,0.0,13.0,"[{'batch': 10, 'nrem': 20, 'rem': 0, 'pressure': 10.690526604652405}, {'batch': 179, 'nrem': 20, 'rem': 0, 'pressure': 10.010253986343741}, {'batch': 257, 'nrem': 20, 'rem': 0, 'pressure': 10.661915296223015}, {'batch': 267, 'nrem': 20, 'rem': 0, 'pressure': 10.064025282859802}, {'batch': 305, 'nrem': 20, 'rem': 0, 'pressure': 10.09273336082697}, {'batch': 409, 'nrem': 20, 'rem': 0, 'pressure': 10.00917000696063}, {'batch': 493, 'nrem': 20, 'rem': 0, 'pressure': 11.028279934078455}, {'batch': 503, 'nrem': 20, 'rem': 0, 'pressure': 10.647804319858551}, {'batch': 514, 'nrem': 20, 'rem': 0, 'pressure': 10.368656754493713}, {'batch': 529, 'nrem': 20, 'rem': 0, 'pressure': 10.276087522506714}, {'batch': 579, 'nrem': 20, 'rem': 0, 'pressure': 10.049481615424156}, {'batch': 710, 'nrem': 20, 'rem': 0, 'pressure': 10.955842709168792}, {'batch': 720, 'nrem': 20, 'rem': 0, 'pressure': 10.873899221420288}, {'batch': 730, 'nrem': 20, 'rem': 0, 'pressure': 10.094360053539276}, {'batch': 788, 'nrem': 20, 'rem': 0, 'pressure': 10.023072998970747}, {'batch': 951, 'nrem': 20, 'rem': 0, 'pressure': 11.36876762099564}, {'batch': 960, 'nrem': 20, 'rem': 0, 'pressure': 10.065077722072601}, {'batch': 971, 'nrem': 20, 'rem': 0, 'pressure': 10.320223689079285}, {'batch': 985, 'nrem': 20, 'rem': 0, 'pressure': 10.329699754714966}, {'batch': 1007, 'nrem': 20, 'rem': 0, 'pressure': 10.053476423025131}, {'batch': 1052, 'nrem': 20, 'rem': 0, 'pressure': 10.012813292443752}, {'batch': 1111, 'nrem': 20, 'rem': 0, 'pressure': 10.075699247419834}, {'batch': 1184, 'nrem': 20, 'rem': 0, 'pressure': 8.633217729628086}]"
sch_surp10_fixed_1000,1,ctx,1000,random,nrem,False,0.9101,0.06149633963979839,"[93, 109, 113, 121, 88, 83, 95, 103, 100, 95]",38.52841639518738,,,,,,,,,,,internal,440.0,,,,,,,,,,,,,,22.0,0.0,14.0,"[{'batch': 11, 'nrem': 20, 'rem': 0, 'pressure': 10.713476717472076}, {'batch': 251, 'nrem': 20, 'rem': 0, 'pressure': 10.711006002500653}, {'batch': 261, 'nrem': 20, 'rem': 0, 'pressure': 10.610011756420135}, {'batch': 275, 'nrem': 20, 'rem': 0, 'pressure': 10.425155520439148}, {'batch': 333, 'nrem': 20, 'rem': 0, 'pressure': 10.041411429643631}, {'batch': 464, 'nrem': 20, 'rem': 0, 'pressure': 10.022849813103676}, {'batch': 496, 'nrem': 20, 'rem': 0, 'pressure': 10.744190867990255}, {'batch': 505, 'nrem': 20, 'rem': 0, 'pressure': 10.180139183998108}, {'batch': 517, 'nrem': 20, 'rem': 0, 'pressure': 10.678067207336426}, {'batch': 539, 'nrem': 20, 'rem': 0, 'pressure': 10.25169461965561}, {'batch': 710, 'nrem': 20, 'rem': 0, 'pressure': 11.362629282288253}, {'batch': 720, 'nrem': 20, 'rem': 0, 'pressure': 10.607163608074188}, {'batch': 731, 'nrem': 20, 'rem': 0, 'pressure': 10.584979593753815}, {'batch': 942, 'nrem': 20, 'rem': 0, 'pressure': 10.002533110324293}, {'batch': 957, 'nrem': 20, 'rem': 0, 'pressure': 10.521783985197544}, {'batch': 968, 'nrem': 20, 'rem': 0, 'pressure': 10.53489738702774}, {'batch': 980, 'nrem': 20, 'rem': 0, 'pressure': 10.66370815038681}, {'batch': 997, 'nrem': 20, 'rem': 0, 'pressure': 10.267262786626816}, {'batch': 1035, 'nrem': 20, 'rem': 0, 'pressure': 10.011319041252136}, {'batch': 1073, 'nrem': 20, 'rem': 0, 'pressure': 10.000362157821655}, {'batch': 1145, 'nrem': 20, 'rem': 0, 'pressure': 10.055086094886065}, {'batch': 1184, 'nrem': 20, 'rem': 0, 'pressure': 6.976452238857746}]"
sch_surp10_fixed_1000,2,ctx,1000,random,nrem,False,0.897,0.060490473040120035,"[87, 118, 109, 86, 111, 104, 94, 96, 101, 94]",38.636337757110596,,,,,,,,,,,internal,440.0,,,,,,,,,,,,,,22.0,0.0,14.0,"[{'batch': 11, 'nrem': 20, 'rem': 0, 'pressure': 10.832511842250824}, {'batch': 250, 'nrem': 20, 'rem': 0, 'pressure': 10.028494566679}, {'batch': 259, 'nrem': 20, 'rem': 0, 'pressure': 10.280137181282043}, {'batch': 270, 'nrem': 20, 'rem': 0, 'pressure': 10.458670794963837}, {'batch': 336, 'nrem': 20, 'rem': 0, 'pressure': 10.03608651459217}, {'batch': 471, 'nrem': 20, 'rem': 0, 'pressure': 10.003605972975492}, {'batch': 496, 'nrem': 20, 'rem': 0, 'pressure': 10.233863458037376}, {'batch': 506, 'nrem': 20, 'rem': 0, 'pressure': 10.846803426742554}, {'batch': 517, 'nrem': 20, 'rem': 0, 'pressure': 10.626166999340057}, {'batch': 533, 'nrem': 20, 'rem': 0, 'pressure': 10.470303654670715}, {'batch': 597, 'nrem': 20, 'rem': 0, 'pressure': 10.014922473579645}, {'batch': 711, 'nrem': 20, 'rem': 0, 'pressure': 10.891320869326591}, {'batch': 721, 'nrem': 20, 'rem': 0, 'pressure': 10.682513236999512}, {'batch': 733, 'nrem': 20, 'rem': 0, 'pressure': 10.498470187187195}, {'batch': 950, 'nrem': 20, 'rem': 0, 'pressure': 11.040994542650878}, {'batch': 959, 'nrem': 20, 'rem': 0, 'pressure': 10.106016099452972}, {'batch': 970, 'nrem': 20, 'rem': 0, 'pressure': 10.338005661964417}, {'batch': 984, 'nrem': 20, 'rem': 0, 'pressure': 10.320166170597076}, {'batch': 1003, 'nrem': 20, 'rem': 0, 'pressure': 10.26405182480812}, {'batch': 1051, 'nrem': 20, 'rem': 0, 'pressure': 10.056337600573897}, {'batch': 1099, 'nrem': 20, 'rem': 0, 'pressure': 10.065792247653008}, {'batch': 1184, 'nrem': 20, 'rem': 0, 'pressure': 9.486951787024736}]"
sch_surp10_fixed_200,0,ctx,200,random,nrem,False,0.8584,0.14176190754385457,"[21, 26, 14, 17, 19, 17, 19, 19, 21, 27]",31.978312969207764,,,,,,,,,,,internal,440.0,,,,,,,,,,,,,,22.0,0.0,15.0,"[{'batch': 10, 'nrem': 20, 'rem': 0, 'pressure': 10.690526604652405}, {'batch': 177, 'nrem': 20, 'rem': 0, 'pressure': 10.008494976907969}, {'batch': 257, 'nrem': 20, 'rem': 0, 'pressure': 10.718420578632504}, {'batch': 267, 'nrem': 20, 'rem': 0, 'pressure': 10.143447756767273}, {'batch': 283, 'nrem': 20, 'rem': 0, 'pressure': 10.08247834444046}, {'batch': 378, 'nrem': 20, 'rem': 0, 'pressure': 10.021711628884077}, {'batch': 491, 'nrem': 20, 'rem': 0, 'pressure': 11.313437649980187}, {'batch': 501, 'nrem': 20, 'rem': 0, 'pressure': 10.492222309112549}, {'batch': 511, 'nrem': 20, 'rem': 0, 'pressure': 10.120177507400513}, {'batch': 524, 'nrem': 20, 'rem': 0, 'pressure': 10.25270140171051}, {'batch': 586, 'nrem': 20, 'rem': 0, 'pressure': 10.05428560078144}, {'batch': 711, 'nrem': 20, 'rem': 0, 'pressure': 11.042430579662323}, {'batch': 721, 'nrem': 20, 'rem': 0, 'pressure': 10.7658252120018}, {'batch': 732, 'nrem': 20, 'rem': 0, 'pressure': 10.725716710090637}, {'batch': 757, 'nrem': 20, 'rem': 0, 'pressure': 10.094584584236145}, {'batch': 951, 'nrem': 20, 'rem': 0, 'pressure': 10.808347051031888}, {'batch': 961, 'nrem': 20, 'rem': 0, 'pressure': 10.546272218227386}, {'batch': 972, 'nrem': 20, 'rem': 0, 'pressure': 10.012019872665405}, {'batch': 985, 'nrem': 20, 'rem': 0, 'pressure': 10.185912609100342}, {'batch': 1005, 'nrem': 20, 'rem': 0, 'pressure': 10.022253900766373}, {'batch': 1090, 'nrem': 20, 'rem': 0, 'pressure': 10.062226314097643}, {'batch': 1184, 'nrem': 20, 'rem': 0, 'pressure': 9.414365282282233}]"
sch_surp10_fixed_200,1,ctx,200,random,nrem,False,0.8419,0.1504296925723773,"[21, 17, 25, 14, 24, 15, 25, 20, 22, 17]",32.143115282058716,,,,,,,,,,,internal,420.0,,,,,,,,,,,,,,21.0,0.0,14.0,"[{'batch': 11, 'nrem': 20, 'rem': 0, 'pressure': 10.713476717472076}, {'batch': 251, 'nrem': 20, 'rem': 0, 'pressure': 10.678477458655834}, {'batch': 261, 'nrem': 20, 'rem': 0, 'pressure': 10.590189099311829}, {'batch': 274, 'nrem': 20, 'rem': 0, 'pressure': 10.13394683599472}, {'batch': 322, 'nrem': 20, 'rem': 0, 'pressure': 10.005773782730103}, {'batch': 442, 'nrem': 20, 'rem': 0, 'pressure': 10.002121787518263}, {'batch': 494, 'nrem': 20, 'rem': 0, 'pressure': 10.219236832112074}, {'batch': 503, 'nrem': 20, 'rem': 0, 'pressure': 10.08685302734375}, {'batch': 514, 'nrem': 20, 'rem': 0, 'pressure': 10.154268145561218}, {'batch': 537, 'nrem': 20, 'rem': 0, 'pressure': 10.09715986251831}, {'batch': 710, 'nrem': 20, 'rem': 0, 'pressure': 10.238042917102575}, {'batch': 720, 'nrem': 20, 'rem': 0, 'pressure': 10.833927869796753}, {'batch': 731, 'nrem': 20, 'rem': 0, 'pressure': 10.461913466453552}, {'batch': 890, 'nrem': 20, 'rem': 0, 'pressure': 10.011393419466913}, {'batch': 955, 'nrem': 20, 'rem': 0, 'pressure': 10.538749478757381}, {'batch': 965, 'nrem': 20, 'rem': 0, 'pressure': 10.386881470680237}, {'batch': 976, 'nrem': 20, 'rem': 0, 'pressure': 10.029603362083435}, {'batch': 990, 'nrem': 20, 'rem': 0, 'pressure': 10.26083105802536}, {'batch': 1039, 'nrem': 20, 'rem': 0, 'pressure': 10.05329629033804}, {'batch': 1083, 'nrem': 20, 'rem': 0, 'pressure': 10.006768353283405}, {'batch': 1184, 'nrem': 20, 'rem': 0, 'pressure': 9.579531462863088}]"
sch_surp10_fixed_200,2,ctx,200,random,nrem,False,0.8665,0.1308367083939602,"[25, 20, 18, 21, 16, 20, 22, 19, 16, 23]",32.380980253219604,,,,,,,,,,,internal,440.0,,,,,,,,,,,,,,22.0,0.0,14.0,"[{'batch': 11, 'nrem': 20, 'rem': 0, 'pressure': 10.832511842250824}, {'batch': 251, 'nrem': 20, 'rem': 0, 'pressure': 11.18743215687573}, {'batch': 260, 'nrem': 20, 'rem': 0, 'pressure': 10.14543616771698}, {'batch': 273, 'nrem': 20, 'rem': 0, 'pressure': 10.235489904880524}, {'batch': 360, 'nrem': 20, 'rem': 0, 'pressure': 10.028203845024109}, {'batch': 490, 'nrem': 20, 'rem': 0, 'pressure': 10.329883255064487}, {'batch': 499, 'nrem': 20, 'rem': 0, 'pressure': 10.344651699066162}, {'batch': 509, 'nrem': 20, 'rem': 0, 'pressure': 10.524233877658844}, {'batch': 522, 'nrem': 20, 'rem': 0, 'pressure': 10.439653635025024}, {'batch': 543, 'nrem': 20, 'rem': 0, 'pressure': 10.07692751288414}, {'batch': 586, 'nrem': 20, 'rem': 0, 'pressure': 10.066118642687798}, {'batch': 712, 'nrem': 20, 'rem': 0, 'pressure': 11.145740011706948}, {'batch': 722, 'nrem': 20, 'rem': 0, 'pressure': 10.329499423503876}, {'batch': 733, 'nrem': 20, 'rem': 0, 'pressure': 10.266595602035522}, {'batch': 871, 'nrem': 20, 'rem': 0, 'pressure': 10.01017571426928}, {'batch': 954, 'nrem': 20, 'rem': 0, 'pressure': 10.589505228213966}, {'batch': 964, 'nrem': 20, 'rem': 0, 'pressure': 10.216664552688599}, {'batch': 976, 'nrem': 20, 'rem': 0, 'pressure': 10.57980626821518}, {'batch': 992, 'nrem': 20, 'rem': 0, 'pressure': 10.08807373046875}, {'batch': 1042, 'nrem': 20, 'rem': 0, 'pressure': 10.058279700577259}, {'batch': 1104, 'nrem': 20, 'rem': 0, 'pressure': 10.049999140203}, {'batch': 1184, 'nrem': 20, 'rem': 0, 'pressure': 8.199259512126446}]"
sch_surp20_err_1000,0,ctx,1000,random,nrem,False,0.9046,0.08131602950927222,"[91, 114, 101, 101, 98, 90, 106, 91, 105, 103]",33.56042456626892,,,,,,,,,,,internal,334.0,,,,,,,,,,,,,,13.0,0.0,9.0,"[{'batch': 20, 'nrem': 28, 'rem': 0, 'pressure': 20.09989023208618}, {'batch': 260, 'nrem': 12, 'rem': 0, 'pressure': 20.32566323550418}, {'batch': 284, 'nrem': 12, 'rem': 0, 'pressure': 20.04549151659012}, {'batch': 491, 'nrem': 19, 'rem': 0, 'pressure': 21.2004174310714}, {'batch': 514, 'nrem': 22, 'rem': 0, 'pressure': 20.231452703475952}, {'batch': 542, 'nrem': 20, 'rem': 0, 'pressure': 20.189676642417908}, {'batch': 714, 'nrem': 33, 'rem': 0, 'pressure': 20.311505001038313}, {'batch': 735, 'nrem': 23, 'rem': 0, 'pressure': 20.278053402900696}, {'batch': 951, 'nrem': 32, 'rem': 0, 'pressure': 20.044669099152088}, {'batch': 973, 'nrem': 27, 'rem': 0, 'pressure': 20.38885134458542}, {'batch': 998, 'nrem': 27, 'rem': 0, 'pressure': 20.533137440681458}, {'batch': 1093, 'nrem': 40, 'rem': 0, 'pressure': 20.003429554402828}, {'batch': 1184, 'nrem': 39, 'rem': 0, 'pressure': 14.429627919569612}]"
sch_surp20_err_1000,1,ctx,1000,random,nrem,False,0.9094,0.07982498423472414,"[86, 139, 98, 96, 91, 82, 98, 116, 102, 92]",34.880287408828735,,,,,,,,,,,internal,371.0,,,,,,,,,,,,,,14.0,0.0,9.0,"[{'batch': 24, 'nrem': 20, 'rem': 0, 'pressure': 20.04379975795746}, {'batch': 261, 'nrem': 14, 'rem': 0, 'pressure': 20.717531103640795}, {'batch': 288, 'nrem': 10, 'rem': 0, 'pressure': 20.227132081985474}, {'batch': 478, 'nrem': 14, 'rem': 0, 'pressure': 20.035545952618122}, {'batch': 509, 'nrem': 26, 'rem': 0, 'pressure': 20.308520510792732}, {'batch': 534, 'nrem': 22, 'rem': 0, 'pressure': 20.35785037279129}, {'batch': 715, 'nrem': 34, 'rem': 0, 'pressure': 20.014916118234396}, {'batch': 738, 'nrem': 29, 'rem': 0, 'pressure': 20.499492406845093}, {'batch': 953, 'nrem': 37, 'rem': 0, 'pressure': 20.111106344498694}, {'batch': 975, 'nrem': 29, 'rem': 0, 'pressure': 20.56482046842575}, {'batch': 999, 'nrem': 29, 'rem': 0, 'pressure': 20.034602761268616}, {'batch': 1061, 'nrem': 40, 'rem': 0, 'pressure': 20.015876181423664}, {'batch': 1178, 'nrem': 40, 'rem': 0, 'pressure': 20.008967630565166}, {'batch': 1184, 'nrem': 27, 'rem': 0, 'pressure': 2.5048339664936066}]"
sch_surp20_err_1000,2,ctx,1000,random,nrem,False,0.9044,0.08114881722868206,"[108, 99, 102, 90, 115, 87, 96, 94, 100, 109]",34.7873694896698,,,,,,,,,,,internal,358.0,,,,,,,,,,,,,,14.0,0.0,10.0,"[{'batch': 22, 'nrem': 22, 'rem': 0, 'pressure': 20.094983100891113}, {'batch': 260, 'nrem': 14, 'rem': 0, 'pressure': 20.153450639918447}, {'batch': 285, 'nrem': 10, 'rem': 0, 'pressure': 20.131185352802277}, {'batch': 490, 'nrem': 18, 'rem': 0, 'pressure': 20.740300565958023}, {'batch': 511, 'nrem': 26, 'rem': 0, 'pressure': 20.28229808807373}, {'batch': 536, 'nrem': 22, 'rem': 0, 'pressure': 20.438726782798767}, {'batch': 710, 'nrem': 27, 'rem': 0, 'pressure': 20.259172772988677}, {'batch': 733, 'nrem': 30, 'rem': 0, 'pressure': 20.27095454931259}, {'batch': 950, 'nrem': 33, 'rem': 0, 'pressure': 21.000269840471447}, {'batch': 971, 'nrem': 30, 'rem': 0, 'pressure': 20.208126723766327}, {'batch': 994, 'nrem': 26, 'rem': 0, 'pressure': 20.499952912330627}, {'batch': 1038, 'nrem': 32, 'rem': 0, 'pressure': 20.069837003946304}, {'batch': 1096, 'nrem': 36, 'rem': 0, 'pressure': 20.00490515306592}, {'batch': 1184, 'nrem': 32, 'rem': 0, 'pressure': 12.177415937185287}]"
sch_surp20_err_200,0,ctx,200,random,nrem,False,0.8699,0.0937450811901174,"[21, 22, 23, 16, 20, 15, 35, 15, 16, 17]",29.90718984603882,,,,,,,,,,,internal,278.0,,,,,,,,,,,,,,13.0,0.0,9.0,"[{'batch': 20, 'nrem': 28, 'rem': 0, 'pressure': 20.09989023208618}, {'batch': 260, 'nrem': 13, 'rem': 0, 'pressure': 20.456654457375407}, {'batch': 286, 'nrem': 11, 'rem': 0, 'pressure': 20.24987882375717}, {'batch': 490, 'nrem': 13, 'rem': 0, 'pressure': 20.010875655338168}, {'batch': 513, 'nrem': 19, 'rem': 0, 'pressure': 20.352848649024963}, {'batch': 542, 'nrem': 17, 'rem': 0, 'pressure': 20.308733105659485}, {'batch': 714, 'nrem': 31, 'rem': 0, 'pressure': 20.753756443038583}, {'batch': 736, 'nrem': 18, 'rem': 0, 'pressure': 20.17139160633087}, {'batch': 950, 'nrem': 23, 'rem': 0, 'pressure': 20.8534107580781}, {'batch': 974, 'nrem': 22, 'rem': 0, 'pressure': 20.12887078523636}, {'batch': 999, 'nrem': 27, 'rem': 0, 'pressure': 20.137633472681046}, {'batch': 1086, 'nrem': 27, 'rem': 0, 'pressure': 20.036062754690647}, {'batch': 1184, 'nrem': 29, 'rem': 0, 'pressure': 19.67806674912572}]"
sch_surp20_err_200,1,ctx,200,random,nrem,False,0.8265,0.19521975435218436,"[19, 19, 20, 24, 18, 23, 13, 15, 25, 24]",29.938531160354614,,,,,,,,,,,internal,259.0,,,,,,,,,,,,,,13.0,0.0,9.0,"[{'batch': 24, 'nrem': 19, 'rem': 0, 'pressure': 20.04379975795746}, {'batch': 260, 'nrem': 13, 'rem': 0, 'pressure': 20.221838174387813}, {'batch': 285, 'nrem': 10, 'rem': 0, 'pressure': 20.026567846536636}, {'batch': 491, 'nrem': 17, 'rem': 0, 'pressure': 21.185856442898512}, {'batch': 513, 'nrem': 22, 'rem': 0, 'pressure': 20.524889767169952}, {'batch': 549, 'nrem': 21, 'rem': 0, 'pressure': 20.07892319560051}, {'batch': 716, 'nrem': 29, 'rem': 0, 'pressure': 20.463301543146372}, {'batch': 738, 'nrem': 17, 'rem': 0, 'pressure': 20.635681688785553}, {'batch': 950, 'nrem': 23, 'rem': 0, 'pressure': 20.04989588726312}, {'batch': 972, 'nrem': 26, 'rem': 0, 'pressure': 20.011568546295166}, {'batch': 998, 'nrem': 23, 'rem': 0, 'pressure': 20.24327376484871}, {'batch': 1166, 'nrem': 28, 'rem': 0, 'pressure': 20.041540322825313}, {'batch': 1184, 'nrem': 11, 'rem': 0, 'pressure': 3.8631005063652992}]"
sch_surp20_err_200,2,ctx,200,random,nrem,False,0.8523,0.13007735459938966,"[23, 25, 20, 19, 17, 19, 23, 17, 22, 15]",29.22805404663086,,,,,,,,,,,internal,249.0,,,,,,,,,,,,,,13.0,0.0,8.0,"[{'batch': 22, 'nrem': 20, 'rem': 0, 'pressure': 20.094983100891113}, {'batch': 260, 'nrem': 14, 'rem': 0, 'pressure': 20.87614700384438}, {'batch': 284, 'nrem': 11, 'rem': 0, 'pressure': 20.46085488796234}, {'batch': 486, 'nrem': 12, 'rem': 0, 'pressure': 20.034154810011387}, {'batch': 509, 'nrem': 19, 'rem': 0, 'pressure': 20.329209581017494}, {'batch': 535, 'nrem': 18, 'rem': 0, 'pressure': 20.23640328645706}, {'batch': 713, 'nrem': 31, 'rem': 0, 'pressure': 20.977946992963552}, {'batch': 739, 'nrem': 18, 'rem': 0, 'pressure': 20.295108944177628}, {'batch': 951, 'nrem': 24, 'rem': 0, 'pressure': 21.177686675451696}, {'batch': 973, 'nrem': 22, 'rem': 0, 'pressure': 20.35414582490921}, {'batch': 1000, 'nrem': 18, 'rem': 0, 'pressure': 20.308877527713776}, {'batch': 1159, 'nrem': 29, 'rem': 0, 'pressure': 20.040556266903877}, {'batch': 1184, 'nrem': 13, 'rem': 0, 'pressure': 7.8269490748643875}]"
sch_surp20_fixed_1000,0,ctx,1000,random,nrem,False,0.8687,0.12215143385254607,"[85, 114, 89, 88, 95, 96, 88, 127, 110, 108]",34.401124715805054,,,,,,,,,,,internal,260.0,,,,,,,,,,,,,,13.0,0.0,8.0,"[{'batch': 20, 'nrem': 20, 'rem': 0, 'pressure': 20.09989023208618}, {'batch': 258, 'nrem': 20, 'rem': 0, 'pressure': 20.537096394225955}, {'batch': 284, 'nrem': 20, 'rem': 0, 'pressure': 20.365093648433685}, {'batch': 492, 'nrem': 20, 'rem': 0, 'pressure': 21.281601678580046}, {'batch': 515, 'nrem': 20, 'rem': 0, 'pressure': 20.517681896686554}, {'batch': 549, 'nrem': 20, 'rem': 0, 'pressure': 20.025977969169617}, {'batch': 715, 'nrem': 20, 'rem': 0, 'pressure': 20.090376360341907}, {'batch': 737, 'nrem': 20, 'rem': 0, 'pressure': 20.312025606632233}, {'batch': 953, 'nrem': 20, 'rem': 0, 'pressure': 20.975664001889527}, {'batch': 975, 'nrem': 20, 'rem': 0, 'pressure': 20.514380931854248}, {'batch': 1001, 'nrem': 20, 'rem': 0, 'pressure': 20.100342571735382}, {'batch': 1109, 'nrem': 20, 'rem': 0, 'pressure': 20.052384667098522}, {'batch': 1184, 'nrem': 20, 'rem': 0, 'pressure': 14.661706928163767}]"
sch_surp20_fixed_1000,1,ctx,1000,random,nrem,False,0.8459,0.09107663897320281,"[101, 112, 92, 84, 116, 106, 87, 99, 103, 100]",33.92681384086609,,,,,,,,,,,internal,240.0,,,,,,,,,,,,,,12.0,0.0,8.0,"[{'batch': 24, 'nrem': 20, 'rem': 0, 'pressure': 20.04379975795746}, {'batch': 261, 'nrem': 20, 'rem': 0, 'pressure': 20.717531103640795}, {'batch': 291, 'nrem': 20, 'rem': 0, 'pressure': 20.364707589149475}, {'batch': 491, 'nrem': 20, 'rem': 0, 'pressure': 20.504245184361935}, {'batch': 514, 'nrem': 20, 'rem': 0, 'pressure': 20.348618030548096}, {'batch': 559, 'nrem': 20, 'rem': 0, 'pressure': 20.053991302847862}, {'batch': 718, 'nrem': 20, 'rem': 0, 'pressure': 20.66999999433756}, {'batch': 742, 'nrem': 20, 'rem': 0, 'pressure': 20.547752618789673}, {'batch': 955, 'nrem': 20, 'rem': 0, 'pressure': 20.15333864185959}, {'batch': 980, 'nrem': 20, 'rem': 0, 'pressure': 20.46496081352234}, {'batch': 1014, 'nrem': 20, 'rem': 0, 'pressure': 20.1500141620636}, {'batch': 1184, 'nrem': 20, 'rem': 0, 'pressure': 19.907509518787265}]"
sch_surp20_fixed_1000,2,ctx,1000,random,nrem,False,0.8102,0.2056110873715772,"[90, 106, 98, 90, 95, 96, 102, 105, 95, 123]",34.29656958580017,,,,,,,,,,,internal,260.0,,,,,,,,,,,,,,13.0,0.0,8.0,"[{'batch': 22, 'nrem': 20, 'rem': 0, 'pressure': 20.094983100891113}, {'batch': 260, 'nrem': 20, 'rem': 0, 'pressure': 20.5233590118587}, {'batch': 284, 'nrem': 20, 'rem': 0, 'pressure': 20.02370697259903}, {'batch': 490, 'nrem': 20, 'rem': 0, 'pressure': 20.194773890078068}, {'batch': 511, 'nrem': 20, 'rem': 0, 'pressure': 20.743813514709473}, {'batch': 533, 'nrem': 20, 'rem': 0, 'pressure': 20.02761322259903}, {'batch': 685, 'nrem': 20, 'rem': 0, 'pressure': 20.01074566319585}, {'batch': 727, 'nrem': 20, 'rem': 0, 'pressure': 20.53235860168934}, {'batch': 950, 'nrem': 20, 'rem': 0, 'pressure': 20.470510355196893}, {'batch': 973, 'nrem': 20, 'rem': 0, 'pressure': 20.464017748832703}, {'batch': 1001, 'nrem': 20, 'rem': 0, 'pressure': 20.12011170387268}, {'batch': 1120, 'nrem': 20, 'rem': 0, 'pressure': 20.003779236227274}, {'batch': 1184, 'nrem': 20, 'rem': 0, 'pressure': 11.590147880837321}]"
sch_surp20_fixed_200,0,ctx,200,random,nrem,False,0.8247,0.186007832503273,"[14, 22, 22, 23, 22, 15, 27, 13, 22, 20]",29.514636039733887,,,,,,,,,,,internal,260.0,,,,,,,,,,,,,,13.0,0.0,8.0,"[{'batch': 20, 'nrem': 20, 'rem': 0, 'pressure': 20.09989023208618}, {'batch': 258, 'nrem': 20, 'rem': 0, 'pressure': 20.686702170409262}, {'batch': 283, 'nrem': 20, 'rem': 0, 'pressure': 20.2891765832901}, {'batch': 491, 'nrem': 20, 'rem': 0, 'pressure': 21.09309735149145}, {'batch': 515, 'nrem': 20, 'rem': 0, 'pressure': 20.292230010032654}, {'batch': 556, 'nrem': 20, 'rem': 0, 'pressure': 20.018568374216557}, {'batch': 716, 'nrem': 20, 'rem': 0, 'pressure': 20.274608246982098}, {'batch': 738, 'nrem': 20, 'rem': 0, 'pressure': 20.270557761192322}, {'batch': 950, 'nrem': 20, 'rem': 0, 'pressure': 21.198076813481748}, {'batch': 973, 'nrem': 20, 'rem': 0, 'pressure': 20.56337743997574}, {'batch': 1004, 'nrem': 20, 'rem': 0, 'pressure': 20.035660326480865}, {'batch': 1132, 'nrem': 20, 'rem': 0, 'pressure': 20.032802928239107}, {'batch': 1184, 'nrem': 20, 'rem': 0, 'pressure': 10.722974117845297}]"
sch_surp20_fixed_200,1,ctx,200,random,nrem,False,0.8703,0.13393945452225375,"[17, 21, 19, 16, 22, 19, 18, 22, 31, 15]",29.49236512184143,,,,,,,,,,,internal,260.0,,,,,,,,,,,,,,13.0,0.0,9.0,"[{'batch': 24, 'nrem': 20, 'rem': 0, 'pressure': 20.04379975795746}, {'batch': 260, 'nrem': 20, 'rem': 0, 'pressure': 20.07849076576531}, {'batch': 290, 'nrem': 20, 'rem': 0, 'pressure': 20.233940809965134}, {'batch': 491, 'nrem': 20, 'rem': 0, 'pressure': 20.013808112591505}, {'batch': 513, 'nrem': 20, 'rem': 0, 'pressure': 20.364084720611572}, {'batch': 543, 'nrem': 20, 'rem': 0, 'pressure': 20.17418423295021}, {'batch': 715, 'nrem': 20, 'rem': 0, 'pressure': 20.884497361257672}, {'batch': 737, 'nrem': 20, 'rem': 0, 'pressure': 20.533457100391388}, {'batch': 951, 'nrem': 20, 'rem': 0, 'pressure': 20.185486439615488}, {'batch': 973, 'nrem': 20, 'rem': 0, 'pressure': 20.265086829662323}, {'batch': 998, 'nrem': 20, 'rem': 0, 'pressure': 20.05792999267578}, {'batch': 1160, 'nrem': 20, 'rem': 0, 'pressure': 20.034977225586772}, {'batch': 1184, 'nrem': 20, 'rem': 0, 'pressure': 6.985094375908375}]"
sch_surp20_fixed_200,2,ctx,200,random,nrem,False,0.8234,0.12834011020168998,"[15, 21, 16, 17, 24, 21, 28, 22, 20, 16]",29.158785820007324,,,,,,,,,,,internal,260.0,,,,,,,,,,,,,,13.0,0.0,9.0,"[{'batch': 22, 'nrem': 20, 'rem': 0, 'pressure': 20.094983100891113}, {'batch': 260, 'nrem': 20, 'rem': 0, 'pressure': 20.87614700384438}, {'batch': 284, 'nrem': 20, 'rem': 0, 'pressure': 20.451041847467422}, {'batch': 489, 'nrem': 20, 'rem': 0, 'pressure': 20.02351402118802}, {'batch': 510, 'nrem': 20, 'rem': 0, 'pressure': 20.11270898580551}, {'batch': 539, 'nrem': 20, 'rem': 0, 'pressure': 20.007574498653412}, {'batch': 715, 'nrem': 20, 'rem': 0, 'pressure': 20.230106925591826}, {'batch': 737, 'nrem': 20, 'rem': 0, 'pressure': 20.599277913570404}, {'batch': 950, 'nrem': 20, 'rem': 0, 'pressure': 20.69313959032297}, {'batch': 972, 'nrem': 20, 'rem': 0, 'pressure': 20.661543309688568}, {'batch': 997, 'nrem': 20, 'rem': 0, 'pressure': 20.17402356863022}, {'batch': 1066, 'nrem': 20, 'rem': 0, 'pressure': 20.003321815282106}, {'batch': 1184, 'nrem': 20, 'rem': 0, 'pressure': 19.522585734725}]"
sch_surp40_err_1000,0,ctx,1000,random,nrem,False,0.8553,0.10475094518981634,"[98, 108, 111, 112, 92, 76, 99, 109, 106, 89]",30.09391951560974,,,,,,,,,,,internal,231.0,,,,,,,,,,,,,,7.0,0.0,3.0,"[{'batch': 106, 'nrem': 5, 'rem': 0, 'pressure': 40.03630156069994}, {'batch': 326, 'nrem': 32, 'rem': 0, 'pressure': 40.04487750865519}, {'batch': 519, 'nrem': 34, 'rem': 0, 'pressure': 40.4906947016716}, {'batch': 716, 'nrem': 40, 'rem': 0, 'pressure': 40.472012190148234}, {'batch': 951, 'nrem': 40, 'rem': 0, 'pressure': 40.43758943025023}, {'batch': 1102, 'nrem': 40, 'rem': 0, 'pressure': 40.01197764277458}, {'batch': 1184, 'nrem': 40, 'rem': 0, 'pressure': 21.47612877935171}]"
sch_surp40_err_1000,1,ctx,1000,random,nrem,False,0.8114,0.18035516555611364,"[99, 106, 106, 114, 83, 85, 107, 107, 93, 100]",27.886818408966064,,,,,,,,,,,internal,149.0,,,,,,,,,,,,,,5.0,0.0,3.0,"[{'batch': 253, 'nrem': 5, 'rem': 0, 'pressure': 40.16559868864715}, {'batch': 486, 'nrem': 24, 'rem': 0, 'pressure': 40.02029608562589}, {'batch': 710, 'nrem': 40, 'rem': 0, 'pressure': 41.557409171015024}, {'batch': 953, 'nrem': 40, 'rem': 0, 'pressure': 40.32817213982344}, {'batch': 1184, 'nrem': 40, 'rem': 0, 'pressure': 37.87890680599958}]"
sch_surp40_err_1000,2,ctx,1000,random,nrem,False,0.8904,0.10221233140282604,"[103, 109, 102, 103, 96, 97, 103, 100, 88, 99]",30.008151292800903,,,,,,,,,,,internal,226.0,,,,,,,,,,,,,,7.0,0.0,3.0,"[{'batch': 184, 'nrem': 5, 'rem': 0, 'pressure': 40.0053007081151}, {'batch': 351, 'nrem': 30, 'rem': 0, 'pressure': 40.01291346177459}, {'batch': 521, 'nrem': 31, 'rem': 0, 'pressure': 40.48035437986255}, {'batch': 716, 'nrem': 40, 'rem': 0, 'pressure': 40.58739122003317}, {'batch': 959, 'nrem': 40, 'rem': 0, 'pressure': 40.516061917413026}, {'batch': 1169, 'nrem': 40, 'rem': 0, 'pressure': 40.017991337925196}, {'batch': 1184, 'nrem': 40, 'rem': 0, 'pressure': 6.3330985605716705}]"
sch_surp40_err_200,0,ctx,200,random,nrem,False,0.8052,0.13034199626400642,"[13, 22, 19, 15, 24, 26, 22, 22, 21, 16]",31.16211771965027,,,,,,,,,,,internal,205.0,,,,,,,,,,,,,,7.0,0.0,3.0,"[{'batch': 106, 'nrem': 5, 'rem': 0, 'pressure': 40.03630156069994}, {'batch': 323, 'nrem': 25, 'rem': 0, 'pressure': 40.008494202047586}, {'batch': 517, 'nrem': 31, 'rem': 0, 'pressure': 40.2321688644588}, {'batch': 720, 'nrem': 29, 'rem': 0, 'pressure': 40.46632787771523}, {'batch': 954, 'nrem': 39, 'rem': 0, 'pressure': 40.11448896396905}, {'batch': 1050, 'nrem': 40, 'rem': 0, 'pressure': 40.03439059481025}, {'batch': 1184, 'nrem': 36, 'rem': 0, 'pressure': 24.533143995329738}]"
sch_surp40_err_200,1,ctx,200,random,nrem,False,0.8234,0.14230152337780935,"[12, 30, 14, 22, 17, 17, 22, 26, 14, 26]",30.145975589752197,,,,,,,,,,,internal,165.0,,,,,,,,,,,,,,6.0,0.0,4.0,"[{'batch': 253, 'nrem': 5, 'rem': 0, 'pressure': 40.16559868864715}, {'batch': 490, 'nrem': 24, 'rem': 0, 'pressure': 41.47826267592609}, {'batch': 602, 'nrem': 31, 'rem': 0, 'pressure': 40.00387533381581}, {'batch': 753, 'nrem': 31, 'rem': 0, 'pressure': 40.10476381890476}, {'batch': 978, 'nrem': 34, 'rem': 0, 'pressure': 40.223914289847016}, {'batch': 1184, 'nrem': 40, 'rem': 0, 'pressure': 34.02378347888589}]"
sch_surp40_err_200,2,ctx,200,random,nrem,False,0.7811,0.11991772323413505,"[23, 19, 15, 14, 22, 20, 22, 24, 22, 19]",30.32989192008972,,,,,,,,,,,internal,184.0,,,,,,,,,,,,,,6.0,0.0,3.0,"[{'batch': 184, 'nrem': 5, 'rem': 0, 'pressure': 40.0053007081151}, {'batch': 350, 'nrem': 30, 'rem': 0, 'pressure': 40.005882466211915}, {'batch': 520, 'nrem': 29, 'rem': 0, 'pressure': 40.16479575634003}, {'batch': 722, 'nrem': 40, 'rem': 0, 'pressure': 40.63072320818901}, {'batch': 964, 'nrem': 40, 'rem': 0, 'pressure': 40.805895333644}, {'batch': 1184, 'nrem': 40, 'rem': 0, 'pressure': 38.71457120217383}]"
sp11_night,0,ctx,1000,random,nrem,False,0.8671,0.12568013036497314,"[118, 91, 88, 103, 91, 82, 102, 112, 107, 106]",46.61836075782776,,,,,"[0.6888604491780975, 0.629870230533397]",0.79223686439895,"[62.34277391311201, 15.031846890728234, 6.8312110340814876]","(512, 256)",0.05,112257.65270996094,,,,,,,,,,,,,,,,,,,
sp11_night,1,ctx,1000,random,nrem,False,0.9125,0.04807052906512446,"[107, 111, 120, 125, 101, 64, 92, 93, 91, 96]",37.375667095184326,,,,,"[0.6824511411627685, 0.7057714695621398]",0.79223686439895,"[62.34277391311201, 16.14343779162031, 8.348903901750322]","(512, 256)",0.05,112257.65270996094,,,,,,,,,,,,,,,,,,,
sp11_night,2,ctx,1000,random,nrem,False,0.8361,0.15063699288244087,"[98, 116, 105, 93, 107, 104, 101, 99, 98, 79]",38.84271240234375,,,,,"[0.6521546616909888, 0.5804481789562075]",0.79223686439895,"[62.34277391311201, 14.523575859205055, 7.315422237093212]","(512, 256)",0.05,112257.65270996094,,,,,,,,,,,,,,,,,,,
sp11_pb_ep,0,ctx,1000,random,local,False,0.8651,0.11477451781017689,"[85, 107, 94, 106, 95, 109, 103, 111, 95, 95]",245.92076778411865,,,,,"[0.5775686532863218, 0.7513811427970115]",0.79223686439895,"[62.34277391311201, 12.418152998850319, 7.741008747149636]","(512, 256)",0.05,112257.65270996094,local,2768.0,"[0.8118339053468208, 0.9066790101156069]","[0.5375296288099937, 0.521489763460149]",pressure,6.4,"[0.8118339053468208, 0.9066790101156069]",,3.489821745788873,,,,,,,,,,
sp11_pb_ep,1,ctx,1000,random,local,False,0.8797,0.07535155538744756,"[104, 117, 107, 103, 76, 86, 100, 109, 97, 101]",189.34133386611938,,,,,"[0.5844987563642509, 0.7639455952165974]",0.79223686439895,"[62.34277391311201, 9.860633789630594, 6.794285512778828]","(512, 256)",0.05,112257.65270996094,local,2784.0,"[0.8109621946839081, 0.9021192528735632]","[0.5364823836469274, 0.5312516190133046]",pressure,6.4,"[0.8109621946839081, 0.9021192528735632]",,3.5146774763557147,,,,,,,,,,
sp11_pb_ep,2,ctx,1000,random,local,False,0.853,0.12036749415912187,"[91, 127, 85, 116, 90, 101, 92, 106, 94, 98]",187.83111453056335,,,,,"[0.581476329991838, 0.7844127811750383]",0.79223686439895,"[62.34277391311201, 10.864261640946378, 9.173577945002483]","(512, 256)",0.05,112257.65270996094,local,2768.0,"[0.8112919978323699, 0.9083498916184971]","[0.529393838944635, 0.5209726010088545]",pressure,6.4,"[0.8112919978323699, 0.9083498916184971]",,3.52127102768001,,,,,,,,,,
sp11_pb_loc,0,ctx,1000,random,local,False,0.8455,0.14136870777526023,"[92, 124, 65, 91, 113, 79, 92, 128, 101, 115]",252.0400309562683,,,,,"[0.6205904499527531, 0.782406159731741]",0.79223686439895,"[62.34277391311201, 9.581746453741403, 8.092691938301837]","(512, 256)",0.05,112257.65270996094,local,2784.0,"[0.8070671695402298, 0.9092133620689655]","[0.528709522459185, 0.525580831685628]",pressure,6.4,"[0.8070671695402298, 0.9092133620689655]",,3.5020490491218657,,,,,,,,,,
sp11_pb_loc,1,ctx,1000,random,local,False,0.8418,0.14009385931122909,"[94, 99, 105, 95, 106, 108, 95, 89, 99, 110]",189.58475422859192,,,,,"[0.6115264197551802, 0.777419933063722]",0.79223686439895,"[62.34277391311201, 10.022057689591517, 8.521290620286837]","(512, 256)",0.05,112257.65270996094,local,2784.0,"[0.8045977011494253, 0.9046336206896551]","[0.5312753111530824, 0.5290576221271494]",pressure,6.4,"[0.8045977011494253, 0.9046336206896551]",,3.535083284384724,,,,,,,,,,
sp11_pb_loc,2,ctx,1000,random,local,False,0.8512,0.13404943335777433,"[119, 112, 94, 102, 106, 82, 90, 100, 106, 89]",194.72586154937744,,,,,"[0.6084638579119417, 0.7427623833151122]",0.79223686439895,"[62.34277391311201, 10.312588358636074, 8.1243416342384]","(512, 256)",0.05,112257.65270996094,local,2768.0,"[0.812872561416185, 0.9074692919075145]","[0.5241622307440105, 0.5220031927883453]",pressure,6.4,"[0.812872561416185, 0.9074692919075145]",,3.5071500026366746,,,,,,,,,,
sp11_refr_ep,0,ctx,1000,random,local,False,0.9008,0.08652033729108793,"[103, 121, 84, 112, 103, 81, 91, 114, 103, 88]",657.145717382431,,,,,"[0.7841399141817423, 0.5437307530555634]",0.79223686439895,"[62.34277391311201, 10.686194566295018, 5.960520802621743]","(512, 256)",0.05,112257.67834498733,local,18760.0,"[0.8556713502798508, 0.8939638442830491]","[0.5141651282424547, 0.5467580165964232]",,0.0,"[0.8556713502798508, 0.8939638442830491]",,,,,,,,,,,,
sp11_refr_ep,1,ctx,1000,random,local,False,0.9081,0.06906108199204433,"[92, 117, 91, 122, 91, 80, 96, 99, 104, 108]",364.1443793773651,,,,,"[0.7850611538555594, 0.5369079702758836]",0.79223686439895,"[62.34277391311201, 11.332946902211132, 7.4594306821021865]","(512, 256)",0.05,112257.65270996094,local,18760.0,"[0.8602786847014925, 0.8993593000399787]","[0.5102991323600382, 0.5412205942423899]",,0.0,"[0.8602786847014925, 0.8993593000399787]",,,,,,,,,,,,
sp11_refr_ep,2,ctx,1000,random,local,False,0.9083,0.06596287957574071,"[103, 116, 109, 100, 94, 104, 93, 90, 93, 98]",363.3070306777954,,,,,"[0.7853217520979572, 0.5039797184232628]",0.79223686439895,"[62.34277391311201, 11.019608663152658, 6.868633816123677]","(512, 256)",0.05,112257.65270996094,local,18760.0,"[0.860021842517324, 0.8882273204291045]","[0.5169514825168465, 0.5495983329401024]",,0.0,"[0.860021842517324, 0.8882273204291045]",,,,,,,,,,,,
sp11_refr_loc,0,ctx,1000,random,local,False,0.9068,0.06453604148261383,"[107, 100, 91, 91, 98, 90, 103, 96, 107, 117]",698.5030364990234,,,,,"[0.7453229414665697, 0.5006223660873161]",0.79223686439895,"[62.34277391311201, 10.665281692716718, 5.6099612107179615]","(512, 256)",0.05,112257.65270996094,local,18760.0,"[0.8582420625666312, 0.8927946761727079]","[0.5162053290250173, 0.5513311415146203]",,0.0,"[0.8582420625666312, 0.8927946761727079]",,,,,,,,,,,,
sp11_refr_loc,1,ctx,1000,random,local,False,0.9107,0.07188707954272414,"[100, 103, 92, 99, 95, 97, 89, 98, 113, 114]",426.7158212661743,,,,,"[0.7721262397814959, 0.46739344207876565]",0.79223686439895,"[62.34277391311201, 12.941824277813248, 9.08538523066441]","(512, 256)",0.05,112257.65270996094,local,18760.0,"[0.8613289578891258, 0.8896742570628998]","[0.5181080444590814, 0.5541287995135186]",,0.0,"[0.8613289578891258, 0.8896742570628998]",,,,,,,,,,,,
sp11_refr_loc,2,ctx,1000,random,local,False,0.9086,0.06914903375212086,"[101, 117, 107, 98, 108, 93, 75, 118, 98, 85]",369.4994170665741,,,,,"[0.7918658084555188, 0.5836106690836728]",0.79223686439895,"[62.34277391311201, 10.932845885932723, 8.617085043412427]","(512, 256)",0.05,112257.65270996094,local,18760.0,"[0.8586965076958956, 0.8945547791178038]","[0.5147507002668531, 0.5548628886410994]",,0.0,"[0.8586965076958956, 0.8945547791178038]",,,,,,,,,,,,
static_bp_none,0,bp,0,,,True,0.9747,0.0,"[0, 0, 0, 0, 0, 0, 0, 0, 0, 0]",7.753998517990112,,,,,,,,,,,,,,,,,,,,,,,,,,,,,
static_bp_none,1,bp,0,,,True,0.9744,0.0,"[0, 0, 0, 0, 0, 0, 0, 0, 0, 0]",7.72481894493103,,,,,,,,,,,,,,,,,,,,,,,,,,,,,
static_bp_none,2,bp,0,,,True,0.9752,0.0,"[0, 0, 0, 0, 0, 0, 0, 0, 0, 0]",7.7731359004974365,,,,,,,,,,,,,,,,,,,,,,,,,,,,,
static_ctx_gen,0,ctx,0,,,True,0.9381,0.0,"[0, 0, 0, 0, 0, 0, 0, 0, 0, 0]",28.151671648025513,0.9714999794960022,0.9919999837875366,0.46734678745269775,0.9732000231742859,,,,,,,,,,,,,,,,,,,,,,,,,
static_ctx_gen,1,ctx,0,,,True,0.9369,0.0,"[0, 0, 0, 0, 0, 0, 0, 0, 0, 0]",28.055193424224854,0.9900000095367432,0.9994999766349792,0.44983533024787903,0.9732999801635742,,,,,,,,,,,,,,,,,,,,,,,,,
static_ctx_gen,2,ctx,0,,,True,0.9433,0.0,"[0, 0, 0, 0, 0, 0, 0, 0, 0, 0]",28.230801820755005,0.9940000176429749,0.9990000128746033,0.4563741981983185,0.972000002861023,,,,,,,,,,,,,,,,,,,,,,,,,
static_ctx_neg,0,ctx,0,,,True,0.9387,0.0,"[0, 0, 0, 0, 0, 0, 0, 0, 0, 0]",26.932831525802612,0.8759999871253967,0.8215000033378601,0.5029582977294922,0.9732000231742859,,,,,,,,,,,,,,,,,,,,,,,,,
static_ctx_neg,1,ctx,0,,,True,0.9395,0.0,"[0, 0, 0, 0, 0, 0, 0, 0, 0, 0]",26.975632905960083,0.906499981880188,0.8379999995231628,0.48332181572914124,0.9732999801635742,,,,,,,,,,,,,,,,,,,,,,,,,
static_ctx_neg,2,ctx,0,,,True,0.9419,0.0,"[0, 0, 0, 0, 0, 0, 0, 0, 0, 0]",26.962140321731567,0.8995000123977661,0.8389999866485596,0.4875085949897766,0.972000002861023,,,,,,,,,,,,,,,,,,,,,,,,,
static_ctx_none,0,ctx,0,,,True,0.9467,0.0,"[0, 0, 0, 0, 0, 0, 0, 0, 0, 0]",18.57961869239807,,,,,,,,,,,,,,,,,,,,,,,,,,,,,
static_ctx_none,1,ctx,0,,,True,0.9432,0.0,"[0, 0, 0, 0, 0, 0, 0, 0, 0, 0]",18.558436155319214,,,,,,,,,,,,,,,,,,,,,,,,,,,,,
static_ctx_none,2,ctx,0,,,True,0.9445,0.0,"[0, 0, 0, 0, 0, 0, 0, 0, 0, 0]",18.252615451812744,,,,,,,,,,,,,,,,,,,,,,,,,,,,,
static_ctx_none_w512s5,0,ctx,0,,,True,0.9502,0.0,"[0, 0, 0, 0, 0, 0, 0, 0, 0, 0]",36.020222187042236,,,,,"[nan, nan]",,"[62.34277391311193, 22.615600531073365, 9.12475603802683]","(512, 256)",0.05,112257.65270996094,,,,,,,,,,,,,,,,,,,
static_ctx_none_w512s5,1,ctx,0,,,True,0.9508,0.0,"[0, 0, 0, 0, 0, 0, 0, 0, 0, 0]",51.628201484680176,,,,,"[nan, nan]",,"[62.34277391311193, 20.496520833204794, 8.282878272067608]","(512, 256)",0.05,112257.65270996094,,,,,,,,,,,,,,,,,,,
static_ctx_none_w512s5,2,ctx,0,,,True,0.9526,0.0,"[0, 0, 0, 0, 0, 0, 0, 0, 0, 0]",24.904326677322388,,,,,"[nan, nan]",,"[62.34277391311183, 21.88842260762008, 8.509951013856849]","(512, 256)",0.05,112257.65270996094,,,,,,,,,,,,,,,,,,,
static_ctx_nrem_surp_1000,0,ctx,1000,surprise,nrem,True,0.9513,0.0,"[61, 32, 121, 119, 96, 148, 73, 89, 138, 123]",22.079639673233032,,,,,,,,,,,,,,,,,,,,,,,,,,,,,
static_ctx_nrem_surp_1000,1,ctx,1000,surprise,nrem,True,0.9455,0.0,"[55, 33, 103, 138, 102, 124, 65, 96, 155, 129]",21.9925434589386,,,,,,,,,,,,,,,,,,,,,,,,,,,,,
static_ctx_nrem_surp_1000,2,ctx,1000,surprise,nrem,True,0.9461,0.0,"[49, 41, 117, 111, 113, 126, 65, 102, 156, 120]",21.858102798461914,,,,,,,,,,,,,,,,,,,,,,,,,,,,,
static_g10_ach15_w512s5,0,ctx,1000,random,local,True,0.9189,0.0,"[90, 98, 111, 100, 98, 97, 113, 109, 91, 93]",980.2164297103882,,,,,"[nan, nan]",,"[62.34277391311201, 12.344493580020261, 11.34730740484394]","(512, 256)",0.05,112257.65270996094,local,18750.0,"[0.7532091666666667, 0.7739589583333333]","[0.5176294787073136, 0.519573094941775]",,0.0,"[0.7532091666666667, 0.7739589583333333]",1.0,,,,,,,,,,,
static_g10_ach15_w512s5,1,ctx,1000,random,local,True,0.9179,0.0,"[100, 108, 109, 93, 95, 95, 78, 94, 114, 114]",666.7645547389984,,,,,"[nan, nan]",,"[62.34277391311201, 12.900391537649382, 11.032840802263854]","(512, 256)",0.05,112257.65270996094,local,18750.0,"[0.7664603125, 0.758855625]","[0.5142860529162238, 0.5209908288487295]",,0.0,"[0.7664603125, 0.758855625]",1.0,,,,,,,,,,,
static_g10_ach15_w512s5,2,ctx,1000,random,local,True,0.9229,0.0,"[114, 96, 93, 106, 84, 104, 106, 104, 89, 104]",457.1092584133148,,,,,"[nan, nan]",,"[62.34277391311201, 11.642312296038241, 10.607822911250732]","(512, 256)",0.05,112257.65270996094,local,18750.0,"[0.7615536458333333, 0.7700447916666666]","[0.5146765424569448, 0.5194345794598758]",,0.0,"[0.7615536458333333, 0.7700447916666666]",1.0,,,,,,,,,,,
static_g10_ach25_w512s5,0,ctx,1000,random,local,True,0.9189,0.0,"[90, 98, 111, 100, 98, 97, 113, 109, 91, 93]",970.4326541423798,,,,,"[nan, nan]",,"[62.34277391311201, 12.344493580020261, 11.34730740484394]","(512, 256)",0.05,112257.65270996094,local,18750.0,"[0.7532091666666667, 0.7739589583333333]","[0.5176294787073136, 0.519573094941775]",,0.0,"[0.7532091666666667, 0.7739589583333333]",1.0,,,,,,,,,,,
static_g10_ach25_w512s5,1,ctx,1000,random,local,True,0.9179,0.0,"[100, 108, 109, 93, 95, 95, 78, 94, 114, 114]",756.5272109508514,,,,,"[nan, nan]",,"[62.34277391311201, 12.900391537649382, 11.032840802263854]","(512, 256)",0.05,112257.65270996094,local,18750.0,"[0.7664603125, 0.758855625]","[0.5142860529162238, 0.5209908288487295]",,0.0,"[0.7664603125, 0.758855625]",1.0,,,,,,,,,,,
static_g10_ach25_w512s5,2,ctx,1000,random,local,True,0.9229,0.0,"[114, 96, 93, 106, 84, 104, 106, 104, 89, 104]",452.71154952049255,,,,,"[nan, nan]",,"[62.34277391311201, 11.642312296038241, 10.607822911250732]","(512, 256)",0.05,112257.65270996094,local,18750.0,"[0.7615536458333333, 0.7700447916666666]","[0.5146765424569448, 0.5194345794598758]",,0.0,"[0.7615536458333333, 0.7700447916666666]",1.0,,,,,,,,,,,
static_g10_ach40_w512s5,0,ctx,1000,random,local,True,0.9453,0.0,"[90, 98, 111, 100, 98, 97, 113, 109, 91, 93]",959.1845300197601,,,,,"[nan, nan]",,"[62.34277391311201, 16.25239779652868, 10.588521360679803]","(512, 256)",0.05,112257.65270996094,local,18750.0,"[0.6831791666666667, 0.6545485416666667]","[0.14652992406507334, 0.13320718040401736]",,0.0,"[0.6831791666666667, 0.6545485416666667]",0.01888,,,,,,,,,,,
static_g10_ach40_w512s5,1,ctx,1000,random,local,True,0.9457,0.0,"[100, 108, 109, 93, 95, 95, 78, 94, 114, 114]",504.51424765586853,,,,,"[nan, nan]",,"[62.34277391311201, 17.517030500747595, 10.13107439039137]","(512, 256)",0.05,112257.65270996094,local,18750.0,"[0.6851203125, 0.6586145833333333]","[0.14318660568870603, 0.12787385821888844]",,0.0,"[0.6851203125, 0.6586145833333333]",0.02064,,,,,,,,,,,
static_g10_nov11_w512s5,0,ctx,1000,random,local,True,0.9429,0.0,"[90, 98, 111, 100, 98, 97, 113, 109, 91, 93]",760.6664671897888,,,,,"[nan, nan]",,"[62.34277391311201, 12.162477227966932, 10.061214599465277]","(512, 256)",0.05,112257.65270996094,local,18750.0,"[0.7023932291666667, 0.700620625]","[0.2509269609928131, 0.2312115262254576]",,0.0,"[0.7023932291666667, 0.700620625]",0.26693333333333336,,,,,,,,,,,
static_g10_nov11_w512s5,1,ctx,1000,random,local,True,0.9387,0.0,"[100, 108, 109, 93, 95, 95, 78, 94, 114, 114]",457.24594616889954,,,,,"[nan, nan]",,"[62.34277391311201, 11.485729558963914, 9.596675692201769]","(512, 256)",0.05,112257.65270996094,local,18750.0,"[0.7092383333333333, 0.6975816666666667]","[0.24588796752753356, 0.23529158093497157]",,0.0,"[0.7092383333333333, 0.6975816666666667]",0.26410666666666666,,,,,,,,,,,
static_g10_nov11_w512s5,2,ctx,1000,random,local,True,0.932,0.0,"[114, 96, 93, 106, 84, 104, 106, 104, 89, 104]",309.54277896881104,,,,,"[nan, nan]",,"[62.34277391311193, 13.152737387378954, 9.95765889478738]","(512, 256)",0.05,112257.65270996094,local,18750.0,"[0.7049397916666666, 0.6964314583333333]","[0.25387381707350415, 0.2363060004863143]",,0.0,"[0.7049397916666666, 0.6964314583333333]",0.2743466666666667,,,,,,,,,,,
static_g10_nov13_w512s5,0,ctx,1000,random,local,True,0.9442,0.0,"[90, 98, 111, 100, 98, 97, 113, 109, 91, 93]",761.9156675338745,,,,,"[nan, nan]",,"[62.34277391311201, 14.239204557283777, 10.015429159126462]","(512, 256)",0.05,112257.65270996094,local,18750.0,"[0.6742530208333334, 0.6733975]","[0.2108577293964227, 0.18141183785572648]",,0.0,"[0.6742530208333334, 0.6733975]",0.13317333333333334,,,,,,,,,,,
static_g10_nov13_w512s5,1,ctx,1000,random,local,True,0.9413,0.0,"[100, 108, 109, 93, 95, 95, 78, 94, 114, 114]",457.168714761734,,,,,"[nan, nan]",,"[62.34277391311201, 15.341370950849523, 9.81997323012131]","(512, 256)",0.05,112257.65270996094,local,18750.0,"[0.6739832291666666, 0.6625564583333333]","[0.19252586655971904, 0.17323045134494702]",,0.0,"[0.6739832291666666, 0.6625564583333333]",0.09525333333333333,,,,,,,,,,,
static_g10_nov13_w512s5,2,ctx,1000,random,local,True,0.9451,0.0,"[114, 96, 93, 106, 84, 104, 106, 104, 89, 104]",319.4188859462738,,,,,"[nan, nan]",,"[62.34277391311193, 14.849673697588432, 10.30919050285946]","(512, 256)",0.05,112257.65270996094,local,18750.0,"[0.6649891666666666, 0.6540708333333334]","[0.20383346131483715, 0.18328099477350712]",,0.0,"[0.6649891666666666, 0.6540708333333334]",0.09578666666666667,,,,,,,,,,,
static_g10_nov15_w512s5,0,ctx,1000,random,local,True,0.955,0.0,"[90, 98, 111, 100, 98, 97, 113, 109, 91, 93]",681.1455070972443,,,,,"[nan, nan]",,"[62.34277391311201, 19.207866706184227, 9.93917183013949]","(512, 256)",0.05,112257.65270996094,local,18750.0,"[0.6430644791666666, 0.6497533333333333]","[0.17457910152673722, 0.14075002903103828]",,0.0,"[0.6430644791666666, 0.6497533333333333]",0.014026666666666666,,,,,,,,,,,
static_g10_nov15_w512s5,1,ctx,1000,random,local,True,0.9476,0.0,"[100, 108, 109, 93, 95, 95, 78, 94, 114, 114]",454.01003313064575,,,,,"[nan, nan]",,"[62.34277391311201, 22.45075793993865, 10.680758125960118]","(512, 256)",0.05,112257.65270996094,local,18750.0,"[0.644596875, 0.6411635416666667]","[0.1658242118590822, 0.1461171277649204]",,0.0,"[0.644596875, 0.6411635416666667]",0.0,,,,,,,,,,,
static_g10_nov15_w512s5,2,ctx,1000,random,local,True,0.9487,0.0,"[114, 96, 93, 106, 84, 104, 106, 104, 89, 104]",323.77266359329224,,,,,"[nan, nan]",,"[62.34277391311193, 23.859655659229542, 12.154139754430819]","(512, 256)",0.05,112257.65270996094,local,18750.0,"[0.6384940625, 0.629375]","[0.17981987644692263, 0.1652951579665641]",,0.0,"[0.6384940625, 0.629375]",0.0,,,,,,,,,,,
static_g10_rf25_w512s5,0,ctx,1000,random,local,True,0.9159,0.0,"[90, 98, 111, 100, 98, 97, 113, 109, 91, 93]",835.1857445240021,,,,,"[nan, nan]",,"[62.34277391311193, 12.781411069491485, 11.171519459796851]","(512, 256)",0.05,112257.65270996094,local,18750.0,"[0.7581196875, 0.7749504166666666]","[0.5173266744311651, 0.5178660183254877]",,0.0,"[0.7581196875, 0.7749504166666666]",,,,,,,,,,,,
static_g10_rf25_w512s5,1,ctx,1000,random,local,True,0.9207,0.0,"[100, 108, 109, 93, 95, 95, 78, 94, 114, 114]",1071.9773631095886,,,,,"[nan, nan]",,"[62.34277391311193, 12.493630261400083, 10.919632646212433]","(512, 256)",0.05,112257.65270996094,local,18750.0,"[0.7628198958333333, 0.763106875]","[0.5145582037029416, 0.5206767425863444]",,0.0,"[0.7628198958333333, 0.763106875]",,,,,,,,,,,,
static_g10_rf25_w512s5,2,ctx,1000,random,local,True,0.9196,0.0,"[114, 96, 93, 106, 84, 104, 106, 104, 89, 104]",602.3522214889526,,,,,"[nan, nan]",,"[62.34277391311193, 12.846718827181041, 10.936471738898899]","(512, 256)",0.05,112257.65270996094,local,18750.0,"[0.7605613541666667, 0.7704602083333333]","[0.5153529284572601, 0.5177943459415932]",,0.0,"[0.7605613541666667, 0.7704602083333333]",,,,,,,,,,,,
static_g10_rf50_w512s5,0,ctx,1000,random,local,True,0.9234,0.0,"[90, 98, 111, 100, 98, 97, 113, 109, 91, 93]",882.6597957611084,,,,,"[nan, nan]",,"[62.34277391311193, 13.336213778443984, 11.40692716411215]","(512, 256)",0.05,112257.65270996094,local,18750.0,"[0.7545009375, 0.7749691666666667]","[0.5175815313688914, 0.5186236995458603]",,0.0,"[0.7545009375, 0.7749691666666667]",,,,,,,,,,,,
static_g10_rf50_w512s5,1,ctx,1000,random,local,True,0.9194,0.0,"[100, 108, 109, 93, 95, 95, 78, 94, 114, 114]",635.79998254776,,,,,"[nan, nan]",,"[62.34277391311193, 12.683602434879035, 11.16936719744009]","(512, 256)",0.05,112257.65270996094,local,18750.0,"[0.7656435416666667, 0.7592322916666666]","[0.5139476371472825, 0.5205242193357646]",,0.0,"[0.7656435416666667, 0.7592322916666666]",,,,,,,,,,,,
static_g10_rf50_w512s5,2,ctx,1000,random,local,True,0.9176,0.0,"[114, 96, 93, 106, 84, 104, 106, 104, 89, 104]",532.0771253108978,,,,,"[nan, nan]",,"[62.34277391311193, 12.381341257378377, 11.059153353360394]","(512, 256)",0.05,112257.65270996094,local,18750.0,"[0.7602054166666666, 0.77012125]","[0.5154703803555171, 0.518014174922357]",,0.0,"[0.7602054166666666, 0.77012125]",,,,,,,,,,,,
static_g10_rp05_w512s5,0,ctx,1000,random,local,True,0.9192,0.0,"[90, 98, 111, 100, 98, 97, 113, 109, 91, 93]",562.1068735122681,,,,,"[nan, nan]",,"[62.34277391311193, 14.200289030860919, 9.205475197791742]","(512, 256)",0.05,112257.65270996094,local,18750.0,"[0.7034301041666666, 0.7122902083333333]","[0.2917993040561676, 0.28895349483847615]",,0.0,"[0.7034301041666666, 0.7122902083333333]",,,,,,,,,,,,
static_g10_rp05_w512s5,1,ctx,1000,random,local,True,0.913,0.0,"[100, 108, 109, 93, 95, 95, 78, 94, 114, 114]",880.8737425804138,,,,,"[nan, nan]",,"[62.34277391311193, 13.958198724127675, 9.076771879065495]","(512, 256)",0.05,112257.65270996094,local,18750.0,"[0.7148520833333334, 0.707645]","[0.29033109108306465, 0.2911099526660144]",,0.0,"[0.7148520833333334, 0.707645]",,,,,,,,,,,,
static_g10_rp05_w512s5,2,ctx,1000,random,local,True,0.9164,0.0,"[114, 96, 93, 106, 84, 104, 106, 104, 89, 104]",633.3466091156006,,,,,"[nan, nan]",,"[62.34277391311193, 15.281501123378167, 9.132958378358332]","(512, 256)",0.05,112257.65270996094,local,18750.0,"[0.70452, 0.6988735416666667]","[0.29235549905459085, 0.2918555736971398]",,0.0,"[0.70452, 0.6988735416666667]",,,,,,,,,,,,
static_g10_rp1_w512s5,0,ctx,1000,random,local,True,0.9255,0.0,"[90, 98, 111, 100, 98, 97, 113, 109, 91, 93]",836.9842479228973,,,,,"[nan, nan]",,"[62.34277391311193, 11.702290844208802, 7.155785540057875]","(512, 256)",0.05,112257.65270996094,local,18750.0,"[0.6977579166666666, 0.7097335416666667]","[0.21855588369965553, 0.21157963648657005]",,0.0,"[0.6977579166666666, 0.7097335416666667]",,,,,,,,,,,,
static_g10_rp1_w512s5,1,ctx,1000,random,local,True,0.9232,0.0,"[100, 108, 109, 93, 95, 95, 78, 94, 114, 114]",860.5763652324677,,,,,"[nan, nan]",,"[62.34277391311193, 11.176230690705387, 6.839214704093167]","(512, 256)",0.05,112257.65270996094,local,18750.0,"[0.6996213541666667, 0.714001875]","[0.2203429313411067, 0.21224022970383366]",,0.0,"[0.6996213541666667, 0.714001875]",,,,,,,,,,,,
static_g10_rp1_w512s5,2,ctx,1000,random,local,True,0.9167,0.0,"[114, 96, 93, 106, 84, 104, 106, 104, 89, 104]",629.8050663471222,,,,,"[nan, nan]",,"[62.34277391311193, 11.939437370521523, 7.220846844267026]","(512, 256)",0.05,112257.65270996094,local,18750.0,"[0.7024801041666666, 0.6953358333333334]","[0.22498722671548527, 0.21799405334755778]",,0.0,"[0.7024801041666666, 0.6953358333333334]",,,,,,,,,,,,
static_g10_rp2_w512s5,0,ctx,1000,random,local,True,0.931,0.0,"[90, 98, 111, 100, 98, 97, 113, 109, 91, 93]",716.2697660923004,,,,,"[nan, nan]",,"[62.34277391311193, 9.738445403878893, 4.465982164099934]","(512, 256)",0.05,112257.65270996094,local,18750.0,"[0.6776888541666667, 0.691070625]","[0.18843396013299624, 0.17485781194910407]",,0.0,"[0.6776888541666667, 0.691070625]",,,,,,,,,,,,
static_g10_rp2_w512s5,1,ctx,1000,random,local,True,0.9314,0.0,"[100, 108, 109, 93, 95, 95, 78, 94, 114, 114]",1012.9748389720917,,,,,"[nan, nan]",,"[62.34277391311193, 11.087830682458915, 5.511422047380702]","(512, 256)",0.05,112257.65270996094,local,18750.0,"[0.6758540625, 0.6958052083333334]","[0.18908288442946972, 0.16493500752190748]",,0.0,"[0.6758540625, 0.6958052083333334]",,,,,,,,,,,,
static_g10_rp2_w512s5,2,ctx,1000,random,local,True,0.9328,0.0,"[114, 96, 93, 106, 84, 104, 106, 104, 89, 104]",633.2362821102142,,,,,"[nan, nan]",,"[62.34277391311193, 12.36789782865402, 6.848878369336876]","(512, 256)",0.05,112257.65270996094,local,18750.0,"[0.6731094791666666, 0.6783460416666667]","[0.19925544614950816, 0.1747872189167142]",,0.0,"[0.6731094791666666, 0.6783460416666667]",,,,,,,,,,,,
static_g10_rp4_w512s5,0,ctx,1000,random,local,True,0.9451,0.0,"[90, 98, 111, 100, 98, 97, 113, 109, 91, 93]",881.0695407390594,,,,,"[nan, nan]",,"[62.34277391311193, 13.156761790495766, 7.432144235462175]","(512, 256)",0.05,112257.65270996094,local,18750.0,"[0.6649296875, 0.6634285416666666]","[0.17632263328572115, 0.15031591835285227]",,0.0,"[0.6649296875, 0.6634285416666666]",,,,,,,,,,,,
static_g10_rp4_w512s5,1,ctx,1000,random,local,True,0.9371,0.0,"[100, 108, 109, 93, 95, 95, 78, 94, 114, 114]",644.0399177074432,,,,,"[nan, nan]",,"[62.34277391311193, 13.107527780452232, 5.508748780934603]","(512, 256)",0.05,112257.65270996094,local,18750.0,"[0.6611158333333333, 0.6616204166666667]","[0.17789936984894175, 0.15531790628711384]",,0.0,"[0.6611158333333333, 0.6616204166666667]",,,,,,,,,,,,
static_g10_rp4_w512s5,2,ctx,1000,random,local,True,0.9384,0.0,"[114, 96, 93, 106, 84, 104, 106, 104, 89, 104]",542.2651414871216,,,,,"[nan, nan]",,"[62.34277391311193, 13.414606408967229, 7.542375852736921]","(512, 256)",0.05,112257.65270996094,local,18750.0,"[0.6597736458333333, 0.6509783333333333]","[0.1848844862496853, 0.16722932495901982]",,0.0,"[0.6597736458333333, 0.6509783333333333]",,,,,,,,,,,,
static_g11_prog03_w512s5,0,ctx,1000,random,local,True,0.9304,0.0,"[90, 98, 111, 100, 98, 97, 113, 109, 91, 93]",770.8181433677673,,,,,"[nan, nan]",,"[62.34277391311193, 11.85605245584288, 10.788411369130051]","(512, 256)",0.05,112257.65270996094,local,18750.0,"[0.7671208333333334, 0.7252091666666667]","[0.33612860009759665, 0.3520504024448991]",,0.0,"[0.7671208333333334, 0.7252091666666667]",0.5666133333333333,,,,,,,,,,,
static_g11_prog03_w512s5,1,ctx,1000,random,local,True,0.931,0.0,"[100, 108, 109, 93, 95, 95, 78, 94, 114, 114]",660.8858170509338,,,,,"[nan, nan]",,"[62.34277391311193, 10.896227696942189, 9.607282153940078]","(512, 256)",0.05,112257.65270996094,local,18750.0,"[0.7685028125, 0.7189222916666667]","[0.28747069689661264, 0.3066072143929203]",,0.0,"[0.7685028125, 0.7189222916666667]",0.4597866666666667,,,,,,,,,,,
static_g11_prog03_w512s5,2,ctx,1000,random,local,True,0.9216,0.0,"[114, 96, 93, 106, 84, 104, 106, 104, 89, 104]",402.53210711479187,,,,,"[nan, nan]",,"[62.34277391311193, 11.322373798206595, 10.373593403654025]","(512, 256)",0.05,112257.65270996094,local,18750.0,"[0.763815625, 0.7113358333333333]","[0.2542672965400666, 0.27014719682753086]",,0.0,"[0.763815625, 0.7113358333333333]",0.37712,,,,,,,,,,,
static_g11_prog05_w512s5,0,ctx,1000,random,local,True,0.9417,0.0,"[90, 98, 111, 100, 98, 97, 113, 109, 91, 93]",747.4006564617157,,,,,"[nan, nan]",,"[62.34277391311193, 14.087492652826626, 10.150930687391002]","(512, 256)",0.05,112257.65270996094,local,18750.0,"[0.6847002083333333, 0.6779997916666667]","[0.19050370476434628, 0.16220375482797622]",,0.0,"[0.6847002083333333, 0.6779997916666667]",0.11077333333333333,,,,,,,,,,,
static_g11_prog05_w512s5,1,ctx,1000,random,local,True,0.9449,0.0,"[100, 108, 109, 93, 95, 95, 78, 94, 114, 114]",549.7241790294647,,,,,"[nan, nan]",,"[62.34277391311193, 14.6043896953404, 9.548519856378181]","(512, 256)",0.05,112257.65270996094,local,18750.0,"[0.6933273958333334, 0.690535625]","[0.17093218787637848, 0.14152581764295696]",,0.0,"[0.6933273958333334, 0.690535625]",0.09306666666666667,,,,,,,,,,,
static_g11_prog05_w512s5,2,ctx,1000,random,local,True,0.9417,0.0,"[114, 96, 93, 106, 84, 104, 106, 104, 89, 104]",405.116827249527,,,,,"[nan, nan]",,"[62.34277391311193, 13.654834707688536, 9.600587555595297]","(512, 256)",0.05,112257.65270996094,local,18750.0,"[0.6840366666666666, 0.6914158333333333]","[0.18087840157488982, 0.13612479564423363]",,0.0,"[0.6840366666666666, 0.6914158333333333]",0.09290666666666667,,,,,,,,,,,
static_g12_adam_leak_w512s5,0,ctx,1000,random,local,True,0.9319,0.0,"[90, 98, 111, 100, 98, 97, 113, 109, 91, 93]",408.575856924057,,,,,"[nan, nan]",,"[62.34277391311183, 16.995106753911433, 11.59266912474703]","(512, 256)",0.05,112257.65270996094,local,18750.0,"[0.7149289583333334, 0.752349375]","[0.5244443763430914, 0.5186154581769308]",,0.0,"[0.7149289583333334, 0.752349375]",,,,,,,,,,,,
static_g12_adam_leak_w512s5,1,ctx,1000,random,local,True,0.9267,0.0,"[100, 108, 109, 93, 95, 95, 78, 94, 114, 114]",391.28437781333923,,,,,"[nan, nan]",,"[62.34277391311183, 18.32147466766916, 11.624382230010399]","(512, 256)",0.05,112257.65270996094,local,18750.0,"[0.72618125, 0.7436635416666667]","[0.5211303602609784, 0.5212101815804342]",,0.0,"[0.72618125, 0.7436635416666667]",,,,,,,,,,,,
static_g12_adam_leak_w512s5,2,ctx,1000,random,local,True,0.9252,0.0,"[114, 96, 93, 106, 84, 104, 106, 104, 89, 104]",363.3153922557831,,,,,"[nan, nan]",,"[62.34277391311183, 15.78808254388438, 11.004501324272148]","(512, 256)",0.05,112257.65270996094,local,18750.0,"[0.7191992708333333, 0.753286875]","[0.5243399523067475, 0.5176378091876209]",,0.0,"[0.7191992708333333, 0.753286875]",,,,,,,,,,,,
static_g12_mirror_w512s5,0,ctx,1000,random,local,True,0.9212,0.0,"[90, 98, 111, 100, 98, 97, 113, 109, 91, 93]",1052.491334438324,,,,,"[nan, nan]",,"[62.34277391311201, 10.798024255374948, 7.515093885385298]","(512, 256)",0.05,112257.65270996094,local,18750.0,"[1.0, 1.0]","[1.0, 1.0]",,0.0,"[1.0, 1.0]",,,"{'epochs_per_task': 5, 'batch': 256, 'nrem_batches': 20, 'nrem_gain': 3.0, 'val': False}",,,,0.0,,,,,
static_g12_mirror_w512s5,1,ctx,1000,random,local,True,0.9267,0.0,"[100, 108, 109, 93, 95, 95, 78, 94, 114, 114]",968.9692261219025,,,,,"[nan, nan]",,"[62.34277391311201, 10.43144778571819, 6.886970953103988]","(512, 256)",0.05,112257.65270996094,local,18750.0,"[1.0, 1.0]","[1.0, 1.0]",,0.0,"[1.0, 1.0]",,,"{'epochs_per_task': 5, 'batch': 256, 'nrem_batches': 20, 'nrem_gain': 3.0, 'val': False}",,,,0.0,,,,,
static_g12_mirror_w512s5,2,ctx,1000,random,local,True,0.9176,0.0,"[114, 96, 93, 106, 84, 104, 106, 104, 89, 104]",1016.999493598938,,,,,"[nan, nan]",,"[62.34277391311201, 11.303378312648857, 7.726559322714901]","(512, 256)",0.05,112257.65270996094,local,18750.0,"[1.0, 1.0]","[1.0, 1.0]",,0.0,"[1.0, 1.0]",,,"{'epochs_per_task': 5, 'batch': 256, 'nrem_batches': 20, 'nrem_gain': 3.0, 'val': False}",,,,0.0,,,,,
static_g12_sgd_none_w512s5,0,ctx,1000,random,local,True,0.9566,0.0,"[90, 98, 111, 100, 98, 97, 113, 109, 91, 93]",297.3309316635132,,,,,"[nan, nan]",,"[62.34277391311183, 16.267953606648817, 9.05569642945227]","(512, 256)",0.05,112257.65270996094,local,18750.0,"[1.0, 1.0]","[1.0, 1.0]",,0.0,"[1.0, 1.0]",,,,,,,,,,,,
static_g12_sgd_none_w512s5,1,ctx,1000,random,local,True,0.957,0.0,"[100, 108, 109, 93, 95, 95, 78, 94, 114, 114]",301.392386674881,,,,,"[nan, nan]",,"[62.34277391311183, 17.82302140863416, 9.438152533612374]","(512, 256)",0.05,112257.65270996094,local,18750.0,"[1.0, 1.0]","[1.0, 1.0]",,0.0,"[1.0, 1.0]",,,,,,,,,,,,
static_g12_sgd_none_w512s5,2,ctx,1000,random,local,True,0.9576,0.0,"[114, 96, 93, 106, 84, 104, 106, 104, 89, 104]",261.2376956939697,,,,,"[nan, nan]",,"[62.34277391311183, 17.06159845166321, 8.948194392707034]","(512, 256)",0.05,112257.65270996094,local,18750.0,"[1.0, 1.0]","[1.0, 1.0]",,0.0,"[1.0, 1.0]",,,,,,,,,,,,
static_g12_sgd_prog05_w512s5,0,ctx,1000,random,local,True,0.9528,0.0,"[90, 98, 111, 100, 98, 97, 113, 109, 91, 93]",307.378134727478,,,,,"[nan, nan]",,"[62.34277391311183, 14.54615255269341, 9.612990586623697]","(512, 256)",0.05,112257.65270996094,local,18750.0,"[0.6530391666666666, 0.71067625]","[0.24231959967215855, 0.1534903817473352]",,0.0,"[0.6530391666666666, 0.71067625]",0.12592,,,,,,,,,,,
static_g12_sgd_prog05_w512s5,1,ctx,1000,random,local,True,0.9547,0.0,"[100, 108, 109, 93, 95, 95, 78, 94, 114, 114]",299.2010462284088,,,,,"[nan, nan]",,"[62.34277391311183, 16.343050513889462, 9.86060918263309]","(512, 256)",0.05,112257.65270996094,local,18750.0,"[0.6505029166666667, 0.712455625]","[0.2497281103048722, 0.16839904672205447]",,0.0,"[0.6505029166666667, 0.712455625]",0.1376,,,,,,,,,,,
static_g12_sgd_prog05_w512s5,2,ctx,1000,random,local,True,0.9438,0.0,"[114, 96, 93, 106, 84, 104, 106, 104, 89, 104]",297.1384196281433,,,,,"[nan, nan]",,"[62.34277391311183, 14.413861878471831, 9.20309539496507]","(512, 256)",0.05,112257.65270996094,local,18750.0,"[0.6430194791666667, 0.7050220833333334]","[0.2514692101887862, 0.1554649043799937]",,0.0,"[0.6430194791666667, 0.7050220833333334]",0.11434666666666667,,,,,,,,,,,
static_g12_sgd_refr_w512s5,0,ctx,1000,random,local,True,0.9359,0.0,"[90, 98, 111, 100, 98, 97, 113, 109, 91, 93]",271.05347657203674,,,,,"[nan, nan]",,"[62.34277391311193, 11.59746712357468, 10.239185833767428]","(512, 256)",0.05,112257.65270996094,local,18750.0,"[0.7487320833333333, 0.7979233333333333]","[0.5186313086605072, 0.5208677451721827]",,0.0,"[0.7487320833333333, 0.7979233333333333]",,,,,,,,,,,,
static_g12_sgd_refr_w512s5,1,ctx,1000,random,local,True,0.9334,0.0,"[100, 108, 109, 93, 95, 95, 78, 94, 114, 114]",273.98098397254944,,,,,"[nan, nan]",,"[62.34277391311193, 12.0117614941629, 10.427584675474234]","(512, 256)",0.05,112257.65270996094,local,18750.0,"[0.7509791666666666, 0.796375625]","[0.5175934746583303, 0.5233944191789627]",,0.0,"[0.7509791666666666, 0.796375625]",,,,,,,,,,,,
static_g12_sgd_refr_w512s5,2,ctx,1000,random,local,True,0.9331,0.0,"[114, 96, 93, 106, 84, 104, 106, 104, 89, 104]",276.27240681648254,,,,,"[nan, nan]",,"[62.34277391311193, 11.061403485048467, 10.436147937910622]","(512, 256)",0.05,112257.65270996094,local,18750.0,"[0.7494988541666666, 0.7899779166666666]","[0.5177621833451589, 0.5233091576894124]",,0.0,"[0.7494988541666666, 0.7899779166666666]",,,,,,,,,,,,
static_g12_sgd_refr_w512s5,3,ctx,1000,random,local,True,0.9305,0.0,"[114, 88, 117, 84, 90, 99, 107, 99, 107, 95]",297.7996265888214,,,,,"[nan, nan]",,"[62.34277391311183, 11.91890202725913, 10.158203833491994]","(512, 256)",0.05,112257.65270996094,local,18750.0,"[0.7366269791666666, 0.7972039583333334]","[0.5216512346426646, 0.5195138109381994]",,0.0,"[0.7366269791666666, 0.7972039583333334]",,,,,,,,,,,,
static_g12_sgd_refr_w512s5,4,ctx,1000,random,local,True,0.934,0.0,"[89, 86, 110, 96, 93, 101, 100, 113, 104, 108]",249.38681936264038,,,,,"[nan, nan]",,"[62.34277391311183, 10.95034747128664, 10.485055447242296]","(512, 256)",0.05,112257.65270996094,local,18750.0,"[0.7600771875, 0.797946875]","[0.5162557248449325, 0.5247219574276606]",,0.0,"[0.7600771875, 0.797946875]",,,,,,,,,,,,
static_g12_sgd_refr_w512s5,5,ctx,1000,random,local,True,0.9316,0.0,"[95, 116, 99, 102, 102, 71, 114, 110, 90, 101]",202.6199712753296,,,,,"[nan, nan]",,"[62.34277391311183, 11.966664025139929, 9.870786346326494]","(512, 256)",0.05,112257.65270996094,local,18750.0,"[0.7389592708333333, 0.8025227083333333]","[0.5186864886045456, 0.5217017655404409]",,0.0,"[0.7389592708333333, 0.8025227083333333]",,,,,,,,,,,,
static_g12_sgd_silent_w512s5,0,ctx,1000,random,local,True,0.9596,0.0,"[90, 98, 111, 100, 98, 97, 113, 109, 91, 93]",312.13345670700073,,,,,"[nan, nan]",,"[62.34277391311183, 28.798620033277214, 10.133425547376376]","(512, 256)",0.05,112257.65270996094,local,18750.0,"[0.6060427083333333, 0.6765764583333334]","[0.22247220794677736, 0.11421282512292266]",,0.0,"[0.6060427083333333, 0.6765764583333334]",,,,,,,,,,,,
static_g12_sgd_silent_w512s5,1,ctx,1000,random,local,True,0.9602,0.0,"[100, 108, 109, 93, 95, 95, 78, 94, 114, 114]",300.32401847839355,,,,,"[nan, nan]",,"[62.34277391311183, 32.72554112968384, 9.963210227472514]","(512, 256)",0.05,112257.65270996094,local,18750.0,"[0.5962701041666667, 0.6905195833333333]","[0.2359840247273445, 0.10767500746548175]",,0.0,"[0.5962701041666667, 0.6905195833333333]",,,,,,,,,,,,
static_g12_sgd_silent_w512s5,2,ctx,1000,random,local,True,0.9612,0.0,"[114, 96, 93, 106, 84, 104, 106, 104, 89, 104]",274.97992038726807,,,,,"[nan, nan]",,"[62.34277391311183, 30.4737738455184, 9.854442657012484]","(512, 256)",0.05,112257.65270996094,local,18750.0,"[0.6038342708333333, 0.691464375]","[0.2238750216893355, 0.1113256244965891]",,0.0,"[0.6038342708333333, 0.691464375]",,,,,,,,,,,,
static_g12_soft_refr_w512s5,0,ctx,1000,random,local,True,0.8541,0.0,"[90, 98, 111, 100, 98, 97, 113, 109, 91, 93]",395.358122587204,,,,,"[nan, nan]",,"[62.34277391311193, 7.288769491155677, 6.084716377108854]","(512, 256)",0.05,112257.65270996094,local,18750.0,"[0.6978858333333333, 0.6978027083333334]","[0.14534776809066535, 0.29412384466409686]",,0.0,"[0.6978858333333333, 0.6978027083333334]",,,,,,,,,,,,
static_g12_soft_refr_w512s5,1,ctx,1000,random,local,True,0.8743,0.0,"[100, 108, 109, 93, 95, 95, 78, 94, 114, 114]",382.38449120521545,,,,,"[nan, nan]",,"[62.34277391311193, 8.524534647861932, 8.667101524425824]","(512, 256)",0.05,112257.65270996094,local,18750.0,"[0.692956875, 0.7200070833333333]","[0.1558575959278395, 0.3808689928770562]",,0.0,"[0.692956875, 0.7200070833333333]",,,,,,,,,,,,
static_g12_soft_refr_w512s5,2,ctx,1000,random,local,True,0.8503,0.0,"[114, 96, 93, 106, 84, 104, 106, 104, 89, 104]",425.27347707748413,,,,,"[nan, nan]",,"[62.34277391311193, 7.076255101199061, 4.907095202138559]","(512, 256)",0.05,112257.65270996094,local,18750.0,"[0.7025326041666666, 0.7060985416666666]","[0.13258382363078494, 0.3274839260838926]",,0.0,"[0.7025326041666666, 0.7060985416666666]",,,,,,,,,,,,
static_g13_sgd_block2048_w512s5,0,ctx,1000,random,local,True,0.9447,0.0,"[90, 98, 111, 100, 98, 97, 113, 109, 91, 93]",293.1180648803711,,,,,"[nan, nan]",,"[62.34277391311183, 12.665959293893259, 10.786913210177149]","(512, 256)",0.05,112257.65270996094,local,18750.0,"[0.7469535416666667, 0.7586822916666667]","[0.38726433263490595, 0.3775744401108722]",,0.0,"[0.7469535416666667, 0.7586822916666667]",0.6321066666666667,,,,,,,,,,,
static_g13_sgd_block2048_w512s5,1,ctx,1000,random,local,True,0.9439,0.0,"[100, 108, 109, 93, 95, 95, 78, 94, 114, 114]",292.9036240577698,,,,,"[nan, nan]",,"[62.34277391311183, 12.489816215160275, 9.955916960145363]","(512, 256)",0.05,112257.65270996094,local,18750.0,"[0.7423154166666667, 0.7393583333333333]","[0.3614108836991588, 0.3619630845813453]",,0.0,"[0.7423154166666667, 0.7393583333333333]",0.5830933333333334,,,,,,,,,,,
static_g13_sgd_block2048_w512s5,2,ctx,1000,random,local,True,0.9374,0.0,"[114, 96, 93, 106, 84, 104, 106, 104, 89, 104]",289.89275765419006,,,,,"[nan, nan]",,"[62.34277391311183, 12.535613658443774, 10.707070326280093]","(512, 256)",0.05,112257.65270996094,local,18750.0,"[0.7515696875, 0.7578935416666667]","[0.40820323259462915, 0.39465072184115646]",,0.0,"[0.7515696875, 0.7578935416666667]",0.6778666666666666,,,,,,,,,,,
static_g13_sgd_block2048_w512s5,3,ctx,1000,random,local,True,0.9423,0.0,"[114, 88, 117, 84, 90, 99, 107, 99, 107, 95]",303.75912141799927,,,,,"[nan, nan]",,"[62.34277391311183, 12.584578890353487, 8.892645909922312]","(512, 256)",0.05,112257.65270996094,local,18750.0,"[0.7123379166666667, 0.7231579166666666]","[0.33061009237428507, 0.30242267104382314]",,0.0,"[0.7123379166666667, 0.7231579166666666]",0.4351466666666667,,,,,,,,,,,
static_g13_sgd_block2048_w512s5,4,ctx,1000,random,local,True,0.938,0.0,"[89, 86, 110, 96, 93, 101, 100, 113, 104, 108]",249.88725686073303,,,,,"[nan, nan]",,"[62.34277391311183, 11.921613198119505, 10.411608237764941]","(512, 256)",0.05,112257.65270996094,local,18750.0,"[0.7537413541666667, 0.7607460416666667]","[0.3956836704927683, 0.3876760217762987]",,0.0,"[0.7537413541666667, 0.7607460416666667]",0.6586133333333334,,,,,,,,,,,
static_g13_sgd_block2048_w512s5,5,ctx,1000,random,local,True,0.9464,0.0,"[95, 116, 99, 102, 102, 71, 114, 110, 90, 101]",202.16078162193298,,,,,"[nan, nan]",,"[62.34277391311183, 13.16649783379268, 9.779346480558454]","(512, 256)",0.05,112257.65270996094,local,18750.0,"[0.7289580208333334, 0.7604452083333333]","[0.37492871952096624, 0.35794696752116084]",,0.0,"[0.7289580208333334, 0.7604452083333333]",0.59168,,,,,,,,,,,
static_g13_sgd_block4096_w512s5,0,ctx,1000,random,local,True,0.9342,0.0,"[90, 98, 111, 100, 98, 97, 113, 109, 91, 93]",293.34030532836914,,,,,"[nan, nan]",,"[62.34277391311183, 12.032198840984842, 9.985573581701715]","(512, 256)",0.05,112257.65270996094,local,18750.0,"[0.7596790625, 0.7788595833333334]","[0.45664862437307835, 0.4559955025845269]",,0.0,"[0.7596790625, 0.7788595833333334]",0.83152,,,,,,,,,,,
static_g13_sgd_block4096_w512s5,1,ctx,1000,random,local,True,0.9334,0.0,"[100, 108, 109, 93, 95, 95, 78, 94, 114, 114]",293.7977442741394,,,,,"[nan, nan]",,"[62.34277391311183, 12.011761494162903, 10.42758467547423]","(512, 256)",0.05,112257.65270996094,local,18750.0,"[0.7509791666666666, 0.796375625]","[0.5175934746583303, 0.5233944191789627]",,0.0,"[0.7509791666666666, 0.796375625]",1.0,,,,,,,,,,,
static_g13_sgd_block4096_w512s5,2,ctx,1000,random,local,True,0.9331,0.0,"[114, 96, 93, 106, 84, 104, 106, 104, 89, 104]",290.52646255493164,,,,,"[nan, nan]",,"[62.34277391311183, 11.06140348504847, 10.436147937910631]","(512, 256)",0.05,112257.65270996094,local,18750.0,"[0.7494988541666666, 0.7899779166666666]","[0.5177621833451589, 0.5233091576894124]",,0.0,"[0.7494988541666666, 0.7899779166666666]",1.0,,,,,,,,,,,
static_g13_sgd_block512_w512s5,0,ctx,1000,random,local,True,0.9357,0.0,"[90, 98, 111, 100, 98, 97, 113, 109, 91, 93]",292.1185231208801,,,,,"[nan, nan]",,"[62.34277391311183, 12.3601710217428, 9.961325629980221]","(512, 256)",0.05,112257.65270996094,local,18750.0,"[0.7151420833333333, 0.7237429166666667]","[0.313136202712059, 0.28530491672083735]",,0.0,"[0.7151420833333333, 0.7237429166666667]",0.39925333333333335,,,,,,,,,,,
static_g13_sgd_block512_w512s5,1,ctx,1000,random,local,True,0.9456,0.0,"[100, 108, 109, 93, 95, 95, 78, 94, 114, 114]",290.61846590042114,,,,,"[nan, nan]",,"[62.34277391311183, 12.374257327614924, 10.39610188745939]","(512, 256)",0.05,112257.65270996094,local,18750.0,"[0.7043065625, 0.7256616666666666]","[0.3095548849952221, 0.2700971903284887]",,0.0,"[0.7043065625, 0.7256616666666666]",0.3688533333333333,,,,,,,,,,,
static_g13_sgd_block512_w512s5,2,ctx,1000,random,local,True,0.9393,0.0,"[114, 96, 93, 106, 84, 104, 106, 104, 89, 104]",289.52700757980347,,,,,"[nan, nan]",,"[62.34277391311183, 12.761700017531533, 10.157050307009193]","(512, 256)",0.05,112257.65270996094,local,18750.0,"[0.7010838541666666, 0.7146810416666667]","[0.3114134284389019, 0.2704413444463412]",,0.0,"[0.7010838541666666, 0.7146810416666667]",0.3592,,,,,,,,,,,
static_g13_sgd_flip1024_w512s5,0,ctx,1000,random,local,True,0.9447,0.0,"[90, 98, 111, 100, 98, 97, 113, 109, 91, 93]",295.9805209636688,,,,,"[nan, nan]",,"[62.34277391311183, 12.665959293893259, 10.786913210177149]","(512, 256)",0.05,112257.65270996094,local,18750.0,"[0.7469535416666667, 0.7586822916666667]","[0.38726433263490595, 0.3775744401108722]",,0.0,"[0.7469535416666667, 0.7586822916666667]",0.6321066666666667,,,,,,,,,,,
static_g13_sgd_flip1024_w512s5,1,ctx,1000,random,local,True,0.9439,0.0,"[100, 108, 109, 93, 95, 95, 78, 94, 114, 114]",299.9023950099945,,,,,"[nan, nan]",,"[62.34277391311183, 12.489816215160275, 9.955916960145363]","(512, 256)",0.05,112257.65270996094,local,18750.0,"[0.7423154166666667, 0.7393583333333333]","[0.3614108836991588, 0.3619630845813453]",,0.0,"[0.7423154166666667, 0.7393583333333333]",0.5830933333333334,,,,,,,,,,,
static_g13_sgd_flip1024_w512s5,2,ctx,1000,random,local,True,0.9374,0.0,"[114, 96, 93, 106, 84, 104, 106, 104, 89, 104]",297.58266162872314,,,,,"[nan, nan]",,"[62.34277391311183, 12.535613658443774, 10.707070326280093]","(512, 256)",0.05,112257.65270996094,local,18750.0,"[0.7515696875, 0.7578935416666667]","[0.40820323259462915, 0.39465072184115646]",,0.0,"[0.7515696875, 0.7578935416666667]",0.6778666666666666,,,,,,,,,,,
static_g13_sgd_flip4096_w512s5,0,ctx,1000,random,local,True,0.931,0.0,"[90, 98, 111, 100, 98, 97, 113, 109, 91, 93]",298.4446692466736,,,,,"[nan, nan]",,"[62.34277391311183, 12.53966784255271, 9.699258137003905]","(512, 256)",0.05,112257.65270996094,local,18750.0,"[0.7265001041666667, 0.7286497916666667]","[0.3270485437009732, 0.3090585729521513]",,0.0,"[0.7265001041666667, 0.7286497916666667]",0.45594666666666667,,,,,,,,,,,
static_g13_sgd_flip4096_w512s5,1,ctx,1000,random,local,True,0.9445,0.0,"[100, 108, 109, 93, 95, 95, 78, 94, 114, 114]",296.77311182022095,,,,,"[nan, nan]",,"[62.34277391311183, 12.15449378855782, 10.005538310248477]","(512, 256)",0.05,112257.65270996094,local,18750.0,"[0.7414388541666667, 0.7384252083333334]","[0.37286804924041034, 0.3689876087807119]",,0.0,"[0.7414388541666667, 0.7384252083333334]",0.60224,,,,,,,,,,,
static_g13_sgd_flip4096_w512s5,2,ctx,1000,random,local,True,0.9431,0.0,"[114, 96, 93, 106, 84, 104, 106, 104, 89, 104]",297.8404369354248,,,,,"[nan, nan]",,"[62.34277391311183, 11.797178484451491, 9.072119547405215]","(512, 256)",0.05,112257.65270996094,local,18750.0,"[0.7326369791666667, 0.7382791666666667]","[0.3543389855329196, 0.3341346188123524]",,0.0,"[0.7326369791666667, 0.7382791666666667]",0.52592,,,,,,,,,,,
static_g13_sgd_flip512_w512s5,0,ctx,1000,random,local,True,0.9447,0.0,"[90, 98, 111, 100, 98, 97, 113, 109, 91, 93]",296.5026607513428,,,,,"[nan, nan]",,"[62.34277391311183, 12.665959293893259, 10.786913210177149]","(512, 256)",0.05,112257.65270996094,local,18750.0,"[0.7469535416666667, 0.7586822916666667]","[0.38726433263490595, 0.3775744401108722]",,0.0,"[0.7469535416666667, 0.7586822916666667]",0.6321066666666667,,,,,,,,,,,
static_g13_sgd_flip512_w512s5,1,ctx,1000,random,local,True,0.9439,0.0,"[100, 108, 109, 93, 95, 95, 78, 94, 114, 114]",299.86099004745483,,,,,"[nan, nan]",,"[62.34277391311183, 12.489816215160275, 9.955916960145363]","(512, 256)",0.05,112257.65270996094,local,18750.0,"[0.7423154166666667, 0.7393583333333333]","[0.3614108836991588, 0.3619630845813453]",,0.0,"[0.7423154166666667, 0.7393583333333333]",0.5830933333333334,,,,,,,,,,,
static_g13_sgd_flip512_w512s5,2,ctx,1000,random,local,True,0.9374,0.0,"[114, 96, 93, 106, 84, 104, 106, 104, 89, 104]",298.6830060482025,,,,,"[nan, nan]",,"[62.34277391311183, 12.535613658443774, 10.707070326280093]","(512, 256)",0.05,112257.65270996094,local,18750.0,"[0.7515696875, 0.7578935416666667]","[0.40820323259462915, 0.39465072184115646]",,0.0,"[0.7515696875, 0.7578935416666667]",0.6778666666666666,,,,,,,,,,,
static_g14_adam_refr_e3e3_w512s5,0,ctx,1000,random,local,True,0.936,0.0,"[90, 98, 111, 100, 98, 97, 113, 109, 91, 93]",409.3843584060669,,,,,"[nan, nan]",,"[62.34277391311183, 10.924223941393436, 10.458027267212493]","(512, 256)",0.05,112257.59604263306,local,18750.0,"[0.8343916666666666, 0.7618810416666667]","[0.50266669728597, 0.5280249988412857]",,0.0,"[0.8343916666666666, 0.7618810416666667]",,,,,,,,,,,,
static_g14_adam_refr_e3e3_w512s5,1,ctx,1000,random,local,True,0.9348,0.0,"[100, 108, 109, 93, 95, 95, 78, 94, 114, 114]",407.6267337799072,,,,,"[nan, nan]",,"[62.34277391311183, 10.622963543959958, 9.615810287433622]","(512, 256)",0.05,112257.50937271118,local,18750.0,"[0.832228125, 0.7706429166666666]","[0.5030486451842139, 0.525722980547746]",,0.0,"[0.832228125, 0.7706429166666666]",,,,,,,,,,,,
static_g14_adam_refr_e3e3_w512s5,2,ctx,1000,random,local,True,0.9357,0.0,"[114, 96, 93, 106, 84, 104, 106, 104, 89, 104]",408.7347140312195,,,,,"[nan, nan]",,"[62.34277391311183, 10.937467093134746, 10.494678514175764]","(512, 256)",0.05,112257.54937934875,local,18750.0,"[0.8350105208333334, 0.763778125]","[0.5030277488104502, 0.5267020405006408]",,0.0,"[0.8350105208333334, 0.763778125]",,,,,,,,,,,,
static_g14_adam_refr_e3e4_w512s5,0,ctx,1000,random,local,True,0.897,0.0,"[90, 98, 111, 100, 98, 97, 113, 109, 91, 93]",408.82198095321655,,,,,"[nan, nan]",,"[62.34277391311183, 9.157812900610194, 10.718603194864418]","(512, 256)",0.05,112257.65270996094,local,18750.0,"[0.7621680208333333, 0.8022416666666666]","[0.5183486725234986, 0.510828434343338]",,0.0,"[0.7621680208333333, 0.8022416666666666]",,,,,,,,,,,,
static_g14_adam_refr_e3e4_w512s5,1,ctx,1000,random,local,True,0.8947,0.0,"[100, 108, 109, 93, 95, 95, 78, 94, 114, 114]",406.76008796691895,,,,,"[nan, nan]",,"[62.34277391311183, 9.596833275677536, 11.276192646538712]","(512, 256)",0.05,112257.65270996094,local,18750.0,"[0.772519375, 0.8054458333333333]","[0.5147015847555796, 0.5106642153517406]",,0.0,"[0.772519375, 0.8054458333333333]",,,,,,,,,,,,
static_g14_adam_refr_e3e4_w512s5,2,ctx,1000,random,local,True,0.8864,0.0,"[114, 96, 93, 106, 84, 104, 106, 104, 89, 104]",424.7584910392761,,,,,"[nan, nan]",,"[62.34277391311183, 9.275117076362728, 11.179222491672103]","(512, 256)",0.05,112257.65270996094,local,18750.0,"[0.7702414583333334, 0.8079385416666667]","[0.5168055352020263, 0.5103823003466924]",,0.0,"[0.7702414583333334, 0.8079385416666667]",,,,,,,,,,,,
static_g14_sgd_block2048_e01_w512s5,0,ctx,1000,random,local,True,0.932,0.0,"[90, 98, 111, 100, 98, 97, 113, 109, 91, 93]",297.8004205226898,,,,,"[nan, nan]",,"[62.34277391311183, 10.4320209049682, 8.845826203578383]","(512, 256)",0.05,112257.65270996094,local,18750.0,"[0.7155944791666666, 0.7847039583333333]","[0.3936582255928715, 0.36554178523744146]",,0.0,"[0.7155944791666666, 0.7847039583333333]",0.6377066666666666,,,,,,,,,,,
static_g14_sgd_block2048_e01_w512s5,1,ctx,1000,random,local,True,0.9189,0.0,"[100, 108, 109, 93, 95, 95, 78, 94, 114, 114]",342.76975321769714,,,,,"[nan, nan]",,"[62.34277391311183, 9.925839633380045, 6.5209972862845795]","(512, 256)",0.05,112257.65270996094,local,18750.0,"[0.719418125, 0.7765675]","[0.39938969157894455, 0.3594422341278692]",,0.0,"[0.719418125, 0.7765675]",0.6259733333333334,,,,,,,,,,,
static_g14_sgd_block2048_e01_w512s5,2,ctx,1000,random,local,True,0.9283,0.0,"[114, 96, 93, 106, 84, 104, 106, 104, 89, 104]",252.9855194091797,,,,,"[nan, nan]",,"[62.34277391311183, 9.795386141970736, 7.975688943775315]","(512, 256)",0.05,112257.65270996094,local,18750.0,"[0.7209517708333333, 0.775251875]","[0.40203334654907386, 0.36048957003285487]",,0.0,"[0.7209517708333333, 0.775251875]",0.6166933333333333,,,,,,,,,,,
static_g14_sgd_block2048_e05_w512s5,0,ctx,1000,random,local,True,0.938,0.0,"[90, 98, 111, 100, 98, 97, 113, 109, 91, 93]",298.85082960128784,,,,,"[nan, nan]",,"[62.34277391311183, 12.796279148727953, 9.945064975796356]","(512, 256)",0.05,112257.65270996094,local,18750.0,"[0.7866246875, 0.7819127083333334]","[0.4458603162755569, 0.4620060872161885]",,0.0,"[0.7866246875, 0.7819127083333334]",0.8272,,,,,,,,,,,
static_g14_sgd_block2048_e05_w512s5,1,ctx,1000,random,local,True,0.9254,0.0,"[100, 108, 109, 93, 95, 95, 78, 94, 114, 114]",334.9071159362793,,,,,"[nan, nan]",,"[62.34277391311183, 13.604126512865218, 7.6358170773127085]","(512, 256)",0.05,112156.39271068573,local,18750.0,"[0.79652, 0.8927939583333333]","[0.4744680087029934, 0.48008176626324656]",,0.0,"[0.79652, 0.8927939583333333]",0.89776,,,,,,,,,,,
static_g14_sgd_block2048_e05_w512s5,2,ctx,1000,random,local,True,0.9498,0.0,"[114, 96, 93, 106, 84, 104, 106, 104, 89, 104]",251.553857088089,,,,,"[nan, nan]",,"[62.34277391311183, 11.484586473882732, 10.725393912251505]","(512, 256)",0.05,112257.639377594,local,18750.0,"[0.7776569791666667, 0.773631875]","[0.44544392179528874, 0.4536159189450244]",,0.0,"[0.7776569791666667, 0.773631875]",0.8134933333333333,,,,,,,,,,,
static_g14_sgd_refr_e005_w512s5,0,ctx,1000,random,local,True,0.9067,0.0,"[90, 98, 111, 100, 98, 97, 113, 109, 91, 93]",297.7577826976776,,,,,"[nan, nan]",,"[62.34277391311183, 8.273879695199824, 5.664517443554629]","(512, 256)",0.05,112257.65270996094,local,18750.0,"[0.6983378125, 0.86508625]","[0.5327382113488516, 0.5068351307487488]",,0.0,"[0.6983378125, 0.86508625]",,,,,,,,,,,,
static_g14_sgd_refr_e005_w512s5,1,ctx,1000,random,local,True,0.9071,0.0,"[100, 108, 109, 93, 95, 95, 78, 94, 114, 114]",298.82615780830383,,,,,"[nan, nan]",,"[62.34277391311183, 7.679635039743157, 7.463898066750832]","(512, 256)",0.05,112257.65270996094,local,18750.0,"[0.6980951041666666, 0.8600266666666667]","[0.5337932164446513, 0.5079256306091945]",,0.0,"[0.6980951041666666, 0.8600266666666667]",,,,,,,,,,,,
static_g14_sgd_refr_e005_w512s5,2,ctx,1000,random,local,True,0.9034,0.0,"[114, 96, 93, 106, 84, 104, 106, 104, 89, 104]",313.83741664886475,,,,,"[nan, nan]",,"[62.34277391311183, 8.318970744555127, 6.70982909238962]","(512, 256)",0.05,112257.65270996094,local,18750.0,"[0.7029798958333333, 0.8576833333333334]","[0.5339765067529678, 0.508480727856954]",,0.0,"[0.7029798958333333, 0.8576833333333334]",,,,,,,,,,,,
static_g14_sgd_refr_e01_w512s5,0,ctx,1000,random,local,True,0.9205,0.0,"[90, 98, 111, 100, 98, 97, 113, 109, 91, 93]",302.30028104782104,,,,,"[nan, nan]",,"[62.34277391311183, 9.980872139141626, 6.913962052169508]","(512, 256)",0.05,112257.65270996094,local,18750.0,"[0.7317214583333334, 0.8235014583333333]","[0.5239675857432683, 0.5147716195901235]",,0.0,"[0.7317214583333334, 0.8235014583333333]",,,,,,,,,,,,
static_g14_sgd_refr_e01_w512s5,1,ctx,1000,random,local,True,0.9166,0.0,"[100, 108, 109, 93, 95, 95, 78, 94, 114, 114]",298.4080288410187,,,,,"[nan, nan]",,"[62.34277391311183, 9.096831900619154, 8.167687117980357]","(512, 256)",0.05,112257.65270996094,local,18750.0,"[0.7318583333333334, 0.8196820833333334]","[0.5233225151348114, 0.5152382321993509]",,0.0,"[0.7318583333333334, 0.8196820833333334]",,,,,,,,,,,,
static_g14_sgd_refr_e01_w512s5,2,ctx,1000,random,local,True,0.9195,0.0,"[114, 96, 93, 106, 84, 104, 106, 104, 89, 104]",298.49632954597473,,,,,"[nan, nan]",,"[62.34277391311183, 9.648884488199316, 9.52517433691333]","(512, 256)",0.05,112257.65270996094,local,18750.0,"[0.7278742708333333, 0.8234420833333334]","[0.5257040142218272, 0.5154562892993291]",,0.0,"[0.7278742708333333, 0.8234420833333334]",,,,,,,,,,,,
static_g14_sgd_refr_e05_w512s5,0,ctx,1000,random,local,True,0.9339,0.0,"[90, 98, 111, 100, 98, 97, 113, 109, 91, 93]",294.83316111564636,,,,,"[nan, nan]",,"[62.34277391311183, 12.555848526935446, 10.350765923679068]","(512, 256)",0.05,112229.6560459137,local,18750.0,"[0.790713125, 0.8300291666666667]","[0.5094320785029729, 0.5191874683125813]",,0.0,"[0.790713125, 0.8300291666666667]",,,,,,,,,,,,
static_g14_sgd_refr_e05_w512s5,1,ctx,1000,random,local,True,0.9369,0.0,"[100, 108, 109, 93, 95, 95, 78, 94, 114, 114]",296.6855945587158,,,,,"[nan, nan]",,"[62.34277391311183, 12.137181100480499, 10.473530711514453]","(512, 256)",0.05,112257.65270996094,local,18750.0,"[0.7746909375, 0.7965579166666666]","[0.5111601176563899, 0.5229168723138173]",,0.0,"[0.7746909375, 0.7965579166666666]",,,,,,,,,,,,
static_g14_sgd_refr_e05_w512s5,2,ctx,1000,random,local,True,0.9412,0.0,"[114, 96, 93, 106, 84, 104, 106, 104, 89, 104]",297.8055353164673,,,,,"[nan, nan]",,"[62.34277391311183, 12.854848772734035, 10.838127832804318]","(512, 256)",0.05,112257.65270996094,local,18750.0,"[0.7732609375, 0.7902564583333334]","[0.5124309709739685, 0.5242242620563508]",,0.0,"[0.7732609375, 0.7902564583333334]",,,,,,,,,,,,
static_g14_sgd_refr_e1_w512s5,0,ctx,1000,random,local,True,0.8983,0.0,"[90, 98, 111, 100, 98, 97, 113, 109, 91, 93]",285.940146446228,,,,,"[nan, nan]",,"[62.34277391311183, 12.16575269832377, 8.996917353025792]","(512, 256)",0.05,112147.51604366302,local,18750.0,"[0.830276875, 0.9113539583333333]","[0.5048281250667572, 0.51693348057429]",,0.0,"[0.830276875, 0.9113539583333333]",,,,,,,,,,,,
static_g14_sgd_refr_e1_w512s5,1,ctx,1000,random,local,True,0.894,0.0,"[100, 108, 109, 93, 95, 95, 78, 94, 114, 114]",291.2887136936188,,,,,"[nan, nan]",,"[62.34277391311183, 12.690815743510282, 6.528612296562851]","(512, 256)",0.05,112146.19604277611,local,18750.0,"[0.8294105208333333, 0.916338125]","[0.5050446037387848, 0.5149088195522626]",,0.0,"[0.8294105208333333, 0.916338125]",,,,,,,,,,,,
static_g14_sgd_refr_e1_w512s5,2,ctx,1000,random,local,True,0.8831,0.0,"[114, 96, 93, 106, 84, 104, 106, 104, 89, 104]",284.649621963501,,,,,"[nan, nan]",,"[62.34277391311183, 13.152846600756007, 7.618223577403453]","(512, 256)",0.05,112155.1493768692,local,18750.0,"[0.8348155208333333, 0.9274764583333334]","[0.5046134822177887, 0.5148752052879334]",,0.0,"[0.8348155208333333, 0.9274764583333334]",,,,,,,,,,,,
static_g15_sgd_anchor_l1e3m1e3_w512s5,0,ctx,1000,random,local,True,0.9283,0.0,"[90, 98, 111, 100, 98, 97, 113, 109, 91, 93]",327.93075728416443,,,,,"[nan, nan]",,"[62.34277391311183, 12.292278220929198, 10.031044181909962]","(512, 256)",0.05,112257.65270996094,local,18750.0,"[0.7189463541666666, 0.7778175]","[0.5272299335670472, 0.5226084583075842]",,0.0,"[0.7189463541666666, 0.7778175]",,,,,,,,,,,,
static_g15_sgd_anchor_l1e3m1e3_w512s5,1,ctx,1000,random,local,True,0.9273,0.0,"[100, 108, 109, 93, 95, 95, 78, 94, 114, 114]",330.8018252849579,,,,,"[nan, nan]",,"[62.34277391311183, 12.301530144992634, 10.74120844454412]","(512, 256)",0.05,112257.65270996094,local,18750.0,"[0.7141048958333334, 0.781430625]","[0.5271519438823065, 0.5237319962326685]",,0.0,"[0.7141048958333334, 0.781430625]",,,,,,,,,,,,
static_g15_sgd_anchor_l1e3m1e3_w512s5,2,ctx,1000,random,local,True,0.9312,0.0,"[114, 96, 93, 106, 84, 104, 106, 104, 89, 104]",329.89389753341675,,,,,"[nan, nan]",,"[62.34277391311183, 11.18968735995468, 10.407078220807222]","(512, 256)",0.05,112257.65270996094,local,18750.0,"[0.7188567708333333, 0.7812260416666666]","[0.528272929948171, 0.5216615465005239]",,0.0,"[0.7188567708333333, 0.7812260416666666]",,,,,,,,,,,,
static_g15_sgd_anchor_l1e3m1e4_w512s5,0,ctx,1000,random,local,True,0.9223,0.0,"[90, 98, 111, 100, 98, 97, 113, 109, 91, 93]",328.30688858032227,,,,,"[nan, nan]",,"[62.34277391311183, 13.838475373608, 10.322596811324967]","(512, 256)",0.05,112257.65270996094,local,18750.0,"[0.6577553125, 0.7680270833333334]","[0.5458551539262135, 0.5226262507629394]",,0.0,"[0.6577553125, 0.7680270833333334]",,,,,,,,,,,,
static_g15_sgd_anchor_l1e3m1e4_w512s5,1,ctx,1000,random,local,True,0.9189,0.0,"[100, 108, 109, 93, 95, 95, 78, 94, 114, 114]",318.8914895057678,,,,,"[nan, nan]",,"[62.34277391311183, 12.373051232289543, 8.741911637221412]","(512, 256)",0.05,112257.67834498733,local,18750.0,"[0.6595689583333333, 0.7620077083333333]","[0.5454354599634806, 0.5227600313011805]",,0.0,"[0.6595689583333333, 0.7620077083333333]",,,,,,,,,,,,
static_g15_sgd_anchor_l1e3m1e4_w512s5,2,ctx,1000,random,local,True,0.9194,0.0,"[114, 96, 93, 106, 84, 104, 106, 104, 89, 104]",319.3116157054901,,,,,"[nan, nan]",,"[62.34277391311183, 13.14290763925701, 9.571903416603078]","(512, 256)",0.05,112257.65270996094,local,18750.0,"[0.65896375, 0.756013125]","[0.5468169999790191, 0.5234694219001135]",,0.0,"[0.65896375, 0.756013125]",,,,,,,,,,,,
static_g15_sgd_anchor_l1e3m3e4_w512s5,0,ctx,1000,random,local,True,0.9276,0.0,"[90, 98, 111, 100, 98, 97, 113, 109, 91, 93]",322.26048135757446,,,,,"[nan, nan]",,"[62.34277391311183, 12.03805300446318, 10.956606246966901]","(512, 256)",0.05,112257.65270996094,local,18750.0,"[0.6879527083333333, 0.7732110416666667]","[0.5367940332015355, 0.5225190390412012]",,0.0,"[0.6879527083333333, 0.7732110416666667]",,,,,,,,,,,,
static_g15_sgd_anchor_l1e3m3e4_w512s5,1,ctx,1000,random,local,True,0.9256,0.0,"[100, 108, 109, 93, 95, 95, 78, 94, 114, 114]",320.6227169036865,,,,,"[nan, nan]",,"[62.34277391311183, 12.091995661081556, 9.947538315867376]","(512, 256)",0.05,112257.65270996094,local,18750.0,"[0.6901240625, 0.7731466666666666]","[0.536270232313474, 0.522325735971133]",,0.0,"[0.6901240625, 0.7731466666666666]",,,,,,,,,,,,
static_g15_sgd_anchor_l1e3m3e4_w512s5,2,ctx,1000,random,local,True,0.9261,0.0,"[114, 96, 93, 106, 84, 104, 106, 104, 89, 104]",320.4175457954407,,,,,"[nan, nan]",,"[62.34277391311183, 11.2427745136388, 10.77550097424956]","(512, 256)",0.05,112257.65270996094,local,18750.0,"[0.6903688541666667, 0.766656875]","[0.5376780697663625, 0.521887711373965]",,0.0,"[0.6903688541666667, 0.766656875]",,,,,,,,,,,,
static_g15_sgd_anchor_l3e3m1e4_w512s5,0,ctx,1000,random,local,True,0.9026,0.0,"[90, 98, 111, 100, 98, 97, 113, 109, 91, 93]",321.07885551452637,,,,,"[nan, nan]",,"[62.34277391311183, 21.00008089992812, 11.531158149846421]","(512, 256)",0.05,112257.65270996094,local,18750.0,"[0.6245520833333333, 0.743320625]","[0.5546522789812088, 0.5250887549813589]",,0.0,"[0.6245520833333333, 0.743320625]",,,,,,,,,,,,
static_g15_sgd_anchor_l3e3m1e4_w512s5,1,ctx,1000,random,local,True,0.905,0.0,"[100, 108, 109, 93, 95, 95, 78, 94, 114, 114]",331.7098476886749,,,,,"[nan, nan]",,"[62.34277391311183, 19.827883252069952, 10.781424418136304]","(512, 256)",0.05,112257.65270996094,local,18750.0,"[0.6250147916666666, 0.734530625]","[0.5545563713773092, 0.5277501474428177]",,0.0,"[0.6250147916666666, 0.734530625]",,,,,,,,,,,,
static_g15_sgd_anchor_l3e3m1e4_w512s5,2,ctx,1000,random,local,True,0.9021,0.0,"[114, 96, 93, 106, 84, 104, 106, 104, 89, 104]",297.85030937194824,,,,,"[nan, nan]",,"[62.34277391311183, 20.5373532830467, 12.352705144124085]","(512, 256)",0.05,112257.65270996094,local,18750.0,"[0.6252413541666667, 0.7324552083333333]","[0.5555562066205343, 0.5295778505929312]",,0.0,"[0.6252413541666667, 0.7324552083333333]",,,,,,,,,,,,
static_g15_sgd_anchor_l3e3m3e4_w512s5,0,ctx,1000,random,local,True,0.911,0.0,"[90, 98, 111, 100, 98, 97, 113, 109, 91, 93]",320.54634046554565,,,,,"[nan, nan]",,"[62.34277391311183, 13.287760432579924, 10.872203909269425]","(512, 256)",0.05,112257.65270996094,local,18750.0,"[0.6431513541666667, 0.755973125]","[0.55065286195755, 0.5234858000675837]",,0.0,"[0.6431513541666667, 0.755973125]",,,,,,,,,,,,
static_g15_sgd_anchor_l3e3m3e4_w512s5,1,ctx,1000,random,local,True,0.9076,0.0,"[100, 108, 109, 93, 95, 95, 78, 94, 114, 114]",330.1133408546448,,,,,"[nan, nan]",,"[62.34277391311183, 12.941461082925915, 10.581740393281933]","(512, 256)",0.05,112257.65270996094,local,18750.0,"[0.6437986458333333, 0.748956875]","[0.5505293029212952, 0.5247346038150787]",,0.0,"[0.6437986458333333, 0.748956875]",,,,,,,,,,,,
static_g15_sgd_anchor_l3e3m3e4_w512s5,2,ctx,1000,random,local,True,0.9081,0.0,"[114, 96, 93, 106, 84, 104, 106, 104, 89, 104]",264.71872186660767,,,,,"[nan, nan]",,"[62.34277391311183, 13.335378269675816, 9.394123793379324]","(512, 256)",0.05,112257.65270996094,local,18750.0,"[0.6449688541666667, 0.746884375]","[0.5506766693703333, 0.525377402472496]",,0.0,"[0.6449688541666667, 0.746884375]",,,,,,,,,,,,
static_g15_sgd_anchor_l3e4m1e4_w512s5,0,ctx,1000,random,local,True,0.9322,0.0,"[90, 98, 111, 100, 98, 97, 113, 109, 91, 93]",328.9244041442871,,,,,"[nan, nan]",,"[62.34277391311183, 12.066325098735879, 9.846831889199063]","(512, 256)",0.05,112257.65270996094,local,18750.0,"[0.7141872916666666, 0.79133875]","[0.5289641402292251, 0.5201222939634323]",,0.0,"[0.7141872916666666, 0.79133875]",,,,,,,,,,,,
static_g15_sgd_anchor_l3e4m1e4_w512s5,1,ctx,1000,random,local,True,0.9282,0.0,"[100, 108, 109, 93, 95, 95, 78, 94, 114, 114]",329.4637050628662,,,,,"[nan, nan]",,"[62.34277391311183, 11.803682723573008, 10.437246173384956]","(512, 256)",0.05,112257.65270996094,local,18750.0,"[0.7107982291666667, 0.7850539583333334]","[0.5290392088158925, 0.5211784251737595]",,0.0,"[0.7107982291666667, 0.7850539583333334]",,,,,,,,,,,,
static_g15_sgd_anchor_l3e4m1e4_w512s5,2,ctx,1000,random,local,True,0.9334,0.0,"[114, 96, 93, 106, 84, 104, 106, 104, 89, 104]",321.6644446849823,,,,,"[nan, nan]",,"[62.34277391311183, 11.656667347540168, 10.752544616670226]","(512, 256)",0.05,112257.65270996094,local,18750.0,"[0.7189967708333334, 0.7894985416666667]","[0.5287539533646901, 0.5190754941622416]",,0.0,"[0.7189967708333334, 0.7894985416666667]",,,,,,,,,,,,
static_g15_sgd_anchor_l3e4m3e4_w512s5,0,ctx,1000,random,local,True,0.9351,0.0,"[90, 98, 111, 100, 98, 97, 113, 109, 91, 93]",331.1859006881714,,,,,"[nan, nan]",,"[62.34277391311183, 12.257524778206125, 10.305616225838499]","(512, 256)",0.05,112257.65270996094,local,18750.0,"[0.7305166666666667, 0.792740625]","[0.5236000619109472, 0.5191303237136206]",,0.0,"[0.7305166666666667, 0.792740625]",,,,,,,,,,,,
static_g15_sgd_anchor_l3e4m3e4_w512s5,1,ctx,1000,random,local,True,0.9339,0.0,"[100, 108, 109, 93, 95, 95, 78, 94, 114, 114]",325.71234488487244,,,,,"[nan, nan]",,"[62.34277391311183, 11.657324619455386, 10.43221988343378]","(512, 256)",0.05,112257.65270996094,local,18750.0,"[0.7262710416666667, 0.7907529166666667]","[0.5237648440376917, 0.5204369878117243]",,0.0,"[0.7262710416666667, 0.7907529166666667]",,,,,,,,,,,,
static_g15_sgd_anchor_l3e4m3e4_w512s5,2,ctx,1000,random,local,True,0.9308,0.0,"[114, 96, 93, 106, 84, 104, 106, 104, 89, 104]",332.02318000793457,,,,,"[nan, nan]",,"[62.34277391311183, 11.188982633135522, 10.256229845190441]","(512, 256)",0.05,112257.65270996094,local,18750.0,"[0.7272788541666667, 0.795311875]","[0.5250459785795212, 0.518785449886322]",,0.0,"[0.7272788541666667, 0.795311875]",,,,,,,,,,,,
static_g15_sgd_anchorblock_w512s5,0,ctx,1000,random,local,True,0.9378,0.0,"[90, 98, 111, 100, 98, 97, 113, 109, 91, 93]",325.4420509338379,,,,,"[nan, nan]",,"[62.34277391311183, 12.189969082362792, 9.920813994129036]","(512, 256)",0.05,112257.65270996094,local,18750.0,"[0.7223178125, 0.7635825]","[0.45623530430793763, 0.43484887287393215]",,0.0,"[0.7223178125, 0.7635825]",0.7781333333333333,,,,,,,,,,,
static_g15_sgd_anchorblock_w512s5,1,ctx,1000,random,local,True,0.9427,0.0,"[100, 108, 109, 93, 95, 95, 78, 94, 114, 114]",264.51527881622314,,,,,"[nan, nan]",,"[62.34277391311183, 11.636255228757003, 9.982466189148287]","(512, 256)",0.05,112257.65270996094,local,18750.0,"[0.7176653125, 0.7488402083333333]","[0.41479669517378015, 0.3926209897500773]",,0.0,"[0.7176653125, 0.7488402083333333]",0.6669333333333334,,,,,,,,,,,
static_g15_sgd_anchorblock_w512s5,2,ctx,1000,random,local,True,0.933,0.0,"[114, 96, 93, 106, 84, 104, 106, 104, 89, 104]",262.9898612499237,,,,,"[nan, nan]",,"[62.34277391311183, 11.89884443236307, 10.099671905227204]","(512, 256)",0.05,112257.65270996094,local,18750.0,"[0.7208113541666666, 0.7613054166666666]","[0.4355161521383127, 0.40292287130455173]",,0.0,"[0.7208113541666666, 0.7613054166666666]",0.7056,,,,,,,,,,,
static_g15_sgd_util10_w512s5,0,ctx,1000,random,local,True,0.9434,0.0,"[90, 98, 111, 100, 98, 97, 113, 109, 91, 93]",304.6966941356659,,,,,"[nan, nan]",,"[62.34277391311183, 11.361495829472736, 8.689535547339762]","(512, 256)",0.05,112257.65270996094,local,18750.0,"[0.7237723958333333, 0.7898845833333333]","[0.396027555205822, 0.3502905574131012]",,0.0,"[0.7237723958333333, 0.7898845833333333]",,,,,,,,,,,,
static_g15_sgd_util10_w512s5,1,ctx,1000,random,local,True,0.9399,0.0,"[100, 108, 109, 93, 95, 95, 78, 94, 114, 114]",307.5409803390503,,,,,"[nan, nan]",,"[62.34277391311183, 11.86315068708839, 8.397202413994881]","(512, 256)",0.05,112257.65270996094,local,18750.0,"[0.7279367708333333, 0.797449375]","[0.3880898689802488, 0.3404870960148176]",,0.0,"[0.7279367708333333, 0.797449375]",,,,,,,,,,,,
static_g15_sgd_util10_w512s5,2,ctx,1000,random,local,True,0.9422,0.0,"[114, 96, 93, 106, 84, 104, 106, 104, 89, 104]",305.6440269947052,,,,,"[nan, nan]",,"[62.34277391311183, 11.87558086003286, 6.864838093994956]","(512, 256)",0.05,112257.65270996094,local,18750.0,"[0.7284040625, 0.7920108333333333]","[0.3915292944669724, 0.347652506907781]",,0.0,"[0.7284040625, 0.7920108333333333]",,,,,,,,,,,,
static_g15_sgd_util25_w512s5,0,ctx,1000,random,local,True,0.9552,0.0,"[90, 98, 111, 100, 98, 97, 113, 109, 91, 93]",307.06717228889465,,,,,"[nan, nan]",,"[62.34277391311183, 19.926298569930932, 9.09541411742477]","(512, 256)",0.05,112257.65270996094,local,18750.0,"[0.6725604166666667, 0.7328016666666667]","[0.26836092379252113, 0.15200376258293788]",,0.0,"[0.6725604166666667, 0.7328016666666667]",,,,,,,,,,,,
static_g15_sgd_util25_w512s5,1,ctx,1000,random,local,True,0.9523,0.0,"[100, 108, 109, 93, 95, 95, 78, 94, 114, 114]",311.8738522529602,,,,,"[nan, nan]",,"[62.34277391311183, 19.867747528229398, 9.747773392438765]","(512, 256)",0.05,112257.65270996094,local,18750.0,"[0.672545625, 0.7294891666666666]","[0.26790257246096927, 0.15502946530794104]",,0.0,"[0.672545625, 0.7294891666666666]",,,,,,,,,,,,
static_g15_sgd_util25_w512s5,2,ctx,1000,random,local,True,0.9556,0.0,"[114, 96, 93, 106, 84, 104, 106, 104, 89, 104]",307.6818871498108,,,,,"[nan, nan]",,"[62.34277391311183, 21.066757524768803, 9.717317590890225]","(512, 256)",0.05,112257.65270996094,local,18750.0,"[0.6705048958333333, 0.729846875]","[0.27098012124617893, 0.15999523156151174]",,0.0,"[0.6705048958333333, 0.729846875]",,,,,,,,,,,,
static_g17_adam_leak_s10,0,ctx,1000,random,local,True,0.9418,0.0,"[90, 98, 111, 100, 98, 97, 113, 109, 91, 93]",482.9705135822296,,,,,"[nan, nan]",,"[62.34277391311183, 13.1409019593926, 10.539271394096595]","(512, 256)",0.1,114307.67224121094,local,18750.0,"[0.63575625, 0.6293877083333334]","[0.5047784645764033, 0.5153437955272694]",,0.0,"[0.63575625, 0.6293877083333334]",,,,,,,,,,,,
static_g17_adam_leak_s10,1,ctx,1000,random,local,True,0.9413,0.0,"[100, 108, 109, 93, 95, 95, 78, 94, 114, 114]",479.72415494918823,,,,,"[nan, nan]",,"[62.34277391311183, 13.476041863621495, 10.356620849480754]","(512, 256)",0.1,114307.67224121094,local,18750.0,"[0.6291614583333334, 0.6224072916666666]","[0.5050879748217265, 0.5146232453107834]",,0.0,"[0.6291614583333334, 0.6224072916666666]",,,,,,,,,,,,
static_g17_adam_leak_s10,2,ctx,1000,random,local,True,0.946,0.0,"[114, 96, 93, 106, 84, 104, 106, 104, 89, 104]",487.9172501564026,,,,,"[nan, nan]",,"[62.34277391311183, 12.935104974873198, 11.026370247716969]","(512, 256)",0.1,114307.67224121094,local,18750.0,"[0.6404945833333333, 0.6197870833333333]","[0.5047668805107971, 0.5151913170019785]",,0.0,"[0.6404945833333333, 0.6197870833333333]",,,,,,,,,,,,
static_g17_adam_none_s10,0,ctx,1000,random,local,True,0.9509,0.0,"[90, 98, 111, 100, 98, 97, 113, 109, 91, 93]",497.01849937438965,,,,,"[nan, nan]",,"[62.34277391311183, 14.114914803751022, 9.388505925972137]","(512, 256)",0.1,114307.67224121094,local,18750.0,"[1.0, 1.0]","[1.0, 1.0]",,0.0,"[1.0, 1.0]",,,,,,,,,,,,
static_g17_adam_none_s10,1,ctx,1000,random,local,True,0.9547,0.0,"[100, 108, 109, 93, 95, 95, 78, 94, 114, 114]",478.36704206466675,,,,,"[nan, nan]",,"[62.34277391311183, 14.127264613554942, 9.334979190559281]","(512, 256)",0.1,114307.67224121094,local,18750.0,"[1.0, 1.0]","[1.0, 1.0]",,0.0,"[1.0, 1.0]",,,,,,,,,,,,
static_g17_adam_none_s10,2,ctx,1000,random,local,True,0.9558,0.0,"[114, 96, 93, 106, 84, 104, 106, 104, 89, 104]",288.1084909439087,,,,,"[nan, nan]",,"[62.34277391311183, 13.66470807847807, 9.593953939749]","(512, 256)",0.1,114307.67224121094,local,18750.0,"[1.0, 1.0]","[1.0, 1.0]",,0.0,"[1.0, 1.0]",,,,,,,,,,,,
static_g17_adam_refr_s10,0,ctx,1000,random,local,True,0.9446,0.0,"[90, 98, 111, 100, 98, 97, 113, 109, 91, 93]",544.533753156662,,,,,"[nan, nan]",,"[62.34277391311183, 12.793065794065534, 10.909574755864265]","(512, 256)",0.1,114307.67224121094,local,18750.0,"[0.6680048958333333, 0.636440625]","[0.5029487560160955, 0.5113994569814702]",,0.0,"[0.6680048958333333, 0.636440625]",,,,,,,,,,,,
static_g17_adam_refr_s10,1,ctx,1000,random,local,True,0.9476,0.0,"[100, 108, 109, 93, 95, 95, 78, 94, 114, 114]",513.2251744270325,,,,,"[nan, nan]",,"[62.34277391311183, 12.898461638399105, 10.598787616152077]","(512, 256)",0.1,114307.67224121094,local,18750.0,"[0.6661744791666667, 0.645818125]","[0.5027000110324223, 0.5115569634882609]",,0.0,"[0.6661744791666667, 0.645818125]",,,,,,,,,,,,
static_g17_adam_refr_s10,2,ctx,1000,random,local,True,0.9469,0.0,"[114, 96, 93, 106, 84, 104, 106, 104, 89, 104]",423.3868730068207,,,,,"[nan, nan]",,"[62.34277391311183, 12.574690355938174, 10.832354334911912]","(512, 256)",0.1,114307.67224121094,local,18750.0,"[0.6700863541666666, 0.6325222916666666]","[0.5030007035336395, 0.5126580877399445]",,0.0,"[0.6700863541666666, 0.6325222916666666]",,,,,,,,,,,,
static_g17_adam_refr_s10,3,ctx,1000,random,local,True,0.9435,0.0,"[114, 88, 117, 84, 90, 99, 107, 99, 107, 95]",492.1277768611908,,,,,"[nan, nan]",,"[62.34277391311183, 12.89008676395255, 10.435616070552989]","(512, 256)",0.1,114307.67224121094,local,18750.0,"[0.6682863541666667, 0.64747375]","[0.5029979352617264, 0.5101433405025303]",,0.0,"[0.6682863541666667, 0.64747375]",,,,,,,,,,,,
static_g17_adam_refr_s10,4,ctx,1000,random,local,True,0.9437,0.0,"[89, 86, 110, 96, 93, 101, 100, 113, 104, 108]",298.6220555305481,,,,,"[nan, nan]",,"[62.34277391311183, 12.451772340589338, 10.444992071497733]","(512, 256)",0.1,114307.67224121094,local,18750.0,"[0.6819366666666666, 0.6581541666666667]","[0.5022673662988345, 0.511945877405107]",,0.0,"[0.6819366666666666, 0.6581541666666667]",,,,,,,,,,,,
static_g17_adam_refr_s10,5,ctx,1000,random,local,True,0.9476,0.0,"[95, 116, 99, 102, 102, 71, 114, 110, 90, 101]",290.4665102958679,,,,,"[nan, nan]",,"[62.34277391311183, 12.436333771237539, 10.931626230746359]","(512, 256)",0.1,114307.67224121094,local,18750.0,"[0.6644002083333334, 0.6521458333333333]","[0.5028410576955478, 0.5135240256285667]",,0.0,"[0.6644002083333334, 0.6521458333333333]",,,,,,,,,,,,
static_g17_mirror_s10,0,ctx,1000,random,local,True,0.9239,0.0,"[90, 98, 111, 100, 98, 97, 113, 109, 91, 93]",1039.3761126995087,,,,,"[nan, nan]",,"[62.34277391311201, 11.447401866897607, 7.455882715309267]","(512, 256)",0.1,114307.67224121094,local,18750.0,"[1.0, 1.0]","[1.0, 1.0]",,0.0,"[1.0, 1.0]",,,"{'epochs_per_task': 5, 'batch': 256, 'nrem_batches': 20, 'nrem_gain': 3.0, 'val': False}",,,,0.0,,,,,
static_g17_mirror_s10,1,ctx,1000,random,local,True,0.9229,0.0,"[100, 108, 109, 93, 95, 95, 78, 94, 114, 114]",1012.2395112514496,,,,,"[nan, nan]",,"[62.34277391311201, 10.839464081988563, 7.328677151204455]","(512, 256)",0.1,114307.67224121094,local,18750.0,"[1.0, 1.0]","[1.0, 1.0]",,0.0,"[1.0, 1.0]",,,"{'epochs_per_task': 5, 'batch': 256, 'nrem_batches': 20, 'nrem_gain': 3.0, 'val': False}",,,,0.0,,,,,
static_g17_mirror_s10,2,ctx,1000,random,local,True,0.9206,0.0,"[114, 96, 93, 106, 84, 104, 106, 104, 89, 104]",1061.2191259860992,,,,,"[nan, nan]",,"[62.34277391311201, 9.03293010667861, 10.144999534657414]","(512, 256)",0.1,114307.67224121094,local,18750.0,"[1.0, 1.0]","[1.0, 1.0]",,0.0,"[1.0, 1.0]",,,"{'epochs_per_task': 5, 'batch': 256, 'nrem_batches': 20, 'nrem_gain': 3.0, 'val': False}",,,,0.0,,,,,
static_g17_sgd_anchor_s10,0,ctx,1000,random,local,True,0.9461,0.0,"[90, 98, 111, 100, 98, 97, 113, 109, 91, 93]",430.7723753452301,,,,,"[nan, nan]",,"[62.34277391311183, 12.527357545800912, 10.690558955238268]","(512, 256)",0.1,114307.67224121094,local,18750.0,"[0.5993515625, 0.6713045833333333]","[0.5077705066887538, 0.5132079325143496]",,0.0,"[0.5993515625, 0.6713045833333333]",,,,,,,,,,,,
static_g17_sgd_anchor_s10,1,ctx,1000,random,local,True,0.9471,0.0,"[100, 108, 109, 93, 95, 95, 78, 94, 114, 114]",406.12282133102417,,,,,"[nan, nan]",,"[62.34277391311183, 11.692081445808974, 10.2920695874466]","(512, 256)",0.1,114307.67224121094,local,18750.0,"[0.5962829166666667, 0.6662708333333334]","[0.5073009308004379, 0.5138706918207805]",,0.0,"[0.5962829166666667, 0.6662708333333334]",,,,,,,,,,,,
static_g17_sgd_anchor_s10,2,ctx,1000,random,local,True,0.9483,0.0,"[114, 96, 93, 106, 84, 104, 106, 104, 89, 104]",420.478964805603,,,,,"[nan, nan]",,"[62.34277391311183, 11.907132001133856, 10.866600766774566]","(512, 256)",0.1,114307.67224121094,local,18750.0,"[0.5991311458333334, 0.6561939583333334]","[0.5078416447130839, 0.5140255364497502]",,0.0,"[0.5991311458333334, 0.6561939583333334]",,,,,,,,,,,,
static_g17_sgd_anchor_s10,3,ctx,1000,random,local,True,0.9422,0.0,"[114, 88, 117, 84, 90, 99, 107, 99, 107, 95]",371.6642105579376,,,,,"[nan, nan]",,"[62.34277391311183, 12.067907580700409, 10.593938484979882]","(512, 256)",0.1,114307.67224121094,local,18750.0,"[0.5981904166666666, 0.664583125]","[0.5076001792319615, 0.5131090626796087]",,0.0,"[0.5981904166666666, 0.664583125]",,,,,,,,,,,,
static_g17_sgd_anchor_s10,4,ctx,1000,random,local,True,0.9421,0.0,"[89, 86, 110, 96, 93, 101, 100, 113, 104, 108]",218.8876075744629,,,,,"[nan, nan]",,"[62.34277391311183, 11.953022720064359, 10.419348026956225]","(512, 256)",0.1,114307.67224121094,local,18750.0,"[0.5934757291666667, 0.6745547916666667]","[0.5079391493725777, 0.5138499504288038]",,0.0,"[0.5934757291666667, 0.6745547916666667]",,,,,,,,,,,,
static_g17_sgd_anchor_s10,5,ctx,1000,random,local,True,0.9475,0.0,"[95, 116, 99, 102, 102, 71, 114, 110, 90, 101]",219.69796466827393,,,,,"[nan, nan]",,"[62.34277391311183, 12.030934605147387, 11.0618422765866]","(512, 256)",0.1,114307.67224121094,local,18750.0,"[0.5995682291666666, 0.6708460416666666]","[0.5071304293219249, 0.5137100620063146]",,0.0,"[0.5995682291666666, 0.6708460416666666]",,,,,,,,,,,,
static_g17_sgd_none_s10,0,ctx,1000,random,local,True,0.9602,0.0,"[90, 98, 111, 100, 98, 97, 113, 109, 91, 93]",363.68781042099,,,,,"[nan, nan]",,"[62.34277391311183, 15.6644393269052, 9.373659143964318]","(512, 256)",0.1,114307.67224121094,local,18750.0,"[1.0, 1.0]","[1.0, 1.0]",,0.0,"[1.0, 1.0]",,,,,,,,,,,,
static_g17_sgd_none_s10,1,ctx,1000,random,local,True,0.9623,0.0,"[100, 108, 109, 93, 95, 95, 78, 94, 114, 114]",359.54243874549866,,,,,"[nan, nan]",,"[62.34277391311183, 15.789347992968821, 9.658832281243658]","(512, 256)",0.1,114307.67224121094,local,18750.0,"[1.0, 1.0]","[1.0, 1.0]",,0.0,"[1.0, 1.0]",,,,,,,,,,,,
static_g17_sgd_none_s10,2,ctx,1000,random,local,True,0.9611,0.0,"[114, 96, 93, 106, 84, 104, 106, 104, 89, 104]",359.2472369670868,,,,,"[nan, nan]",,"[62.34277391311183, 15.762442664958654, 9.360722311394811]","(512, 256)",0.1,114307.67224121094,local,18750.0,"[1.0, 1.0]","[1.0, 1.0]",,0.0,"[1.0, 1.0]",,,,,,,,,,,,
static_g17_sgd_prog05_s10,0,ctx,1000,random,local,True,0.9543,0.0,"[90, 98, 111, 100, 98, 97, 113, 109, 91, 93]",371.0137765407562,,,,,"[nan, nan]",,"[62.34277391311183, 16.24512260841478, 9.589434990265625]","(512, 256)",0.1,114307.67224121094,local,18750.0,"[0.40753125, 0.4986275]","[0.1743533951330185, 0.11423359153745075]",,0.0,"[0.40753125, 0.4986275]",0.09045333333333333,,,,,,,,,,,
static_g17_sgd_prog05_s10,1,ctx,1000,random,local,True,0.9559,0.0,"[100, 108, 109, 93, 95, 95, 78, 94, 114, 114]",354.66388273239136,,,,,"[nan, nan]",,"[62.34277391311183, 17.110746565154226, 9.744721626044083]","(512, 256)",0.1,114307.67224121094,local,18750.0,"[0.41538708333333335, 0.5209277083333334]","[0.17095926010588805, 0.11401742446052532]",,0.0,"[0.41538708333333335, 0.5209277083333334]",0.09456,,,,,,,,,,,
static_g17_sgd_prog05_s10,2,ctx,1000,random,local,True,0.9543,0.0,"[114, 96, 93, 106, 84, 104, 106, 104, 89, 104]",355.4479727745056,,,,,"[nan, nan]",,"[62.34277391311183, 16.34628017832503, 9.266143326296223]","(512, 256)",0.1,114307.67224121094,local,18750.0,"[0.40913104166666664, 0.5235172916666667]","[0.16610440836926302, 0.10804967997901142]",,0.0,"[0.40913104166666664, 0.5235172916666667]",0.08144,,,,,,,,,,,
static_g17_sgd_prog05_s10,3,ctx,1000,random,local,True,0.9512,0.0,"[114, 88, 117, 84, 90, 99, 107, 99, 107, 95]",354.2650489807129,,,,,"[nan, nan]",,"[62.34277391311183, 17.090869400088053, 9.34881719197617]","(512, 256)",0.1,114307.67224121094,local,18750.0,"[0.40004666666666666, 0.4811991666666667]","[0.17848758448719979, 0.11538477422614893]",,0.0,"[0.40004666666666666, 0.4811991666666667]",0.08544,,,,,,,,,,,
static_g17_sgd_prog05_s10,4,ctx,1000,random,local,True,0.9541,0.0,"[89, 86, 110, 96, 93, 101, 100, 113, 104, 108]",342.71122097969055,,,,,"[nan, nan]",,"[62.34277391311183, 15.438668845214012, 9.873704374953293]","(512, 256)",0.1,114307.67224121094,local,18750.0,"[0.4280394791666667, 0.5363397916666667]","[0.1736625184470415, 0.1248351007480671]",,0.0,"[0.4280394791666667, 0.5363397916666667]",0.11184,,,,,,,,,,,
static_g17_sgd_prog05_s10,5,ctx,1000,random,local,True,0.9506,0.0,"[95, 116, 99, 102, 102, 71, 114, 110, 90, 101]",350.2383997440338,,,,,"[nan, nan]",,"[62.34277391311183, 16.054379899940532, 9.822586527510532]","(512, 256)",0.1,114307.67224121094,local,18750.0,"[0.41003510416666666, 0.5275791666666667]","[0.17393515468239784, 0.12016873782418669]",,0.0,"[0.41003510416666666, 0.5275791666666667]",0.10026666666666667,,,,,,,,,,,
static_g17_soft_s10,0,ctx,1000,random,local,True,0.8668,0.0,"[90, 98, 111, 100, 98, 97, 113, 109, 91, 93]",525.0590152740479,,,,,"[nan, nan]",,"[62.34277391311183, 7.75062476943055, 7.906494765457303]","(512, 256)",0.1,114307.67224121094,local,18750.0,"[0.47169385416666665, 0.4357829166666667]","[0.09846774649602671, 0.2097366749500235]",,0.0,"[0.47169385416666665, 0.4357829166666667]",,,,,,,,,,,,
static_g17_soft_s10,1,ctx,1000,random,local,True,0.8622,0.0,"[100, 108, 109, 93, 95, 95, 78, 94, 114, 114]",483.3021047115326,,,,,"[nan, nan]",,"[62.34277391311183, 8.08083033495995, 7.926989933679517]","(512, 256)",0.1,114307.67224121094,local,18750.0,"[0.46998, 0.44727979166666665]","[0.10404067928249637, 0.22561172757367293]",,0.0,"[0.46998, 0.44727979166666665]",,,,,,,,,,,,
static_g17_soft_s10,2,ctx,1000,random,local,True,0.8626,0.0,"[114, 96, 93, 106, 84, 104, 106, 104, 89, 104]",351.50822854042053,,,,,"[nan, nan]",,"[62.34277391311183, 8.55100372066748, 8.69860872293503]","(512, 256)",0.1,114307.67224121094,local,18750.0,"[0.47979520833333333, 0.4881552083333333]","[0.09343966715098669, 0.29237598163160183]",,0.0,"[0.47979520833333333, 0.4881552083333333]",,,,,,,,,,,,
static_g9_dg32_w256s10,0,ctx,0,,,True,0.8993,0.0,"[0, 0, 0, 0, 0, 0, 0, 0, 0, 0]",60.63043141365051,,,,,"[nan, nan]",,"[116.49263992002427, 22.849721751414684, 10.543014250246337]","(256, 128)",0.1,64816.229713822424,,,,,,,,,,,,,,,,,,,
static_g9_dg32_w256s10,1,ctx,0,,,True,0.8986,0.0,"[0, 0, 0, 0, 0, 0, 0, 0, 0, 0]",78.30465388298035,,,,,"[nan, nan]",,"[122.22120762579455, 20.941751598448025, 9.341319622633787]","(256, 128)",0.1,64798.69377562561,,,,,,,,,,,,,,,,,,,
static_g9_dg32_w512s5,0,ctx,0,,,True,0.8981,0.0,"[0, 0, 0, 0, 0, 0, 0, 0, 0, 0]",96.81701850891113,,,,,"[nan, nan]",,"[116.49263992002427, 24.710690660756526, 11.07755266695654]","(512, 256)",0.05,70240.31631546223,,,,,,,,,,,,,,,,,,,
static_g9_dg32_w512s5,1,ctx,0,,,True,0.9006,0.0,"[0, 0, 0, 0, 0, 0, 0, 0, 0, 0]",116.18397307395935,,,,,"[nan, nan]",,"[122.22120762579455, 30.90281784809623, 10.49242937998688]","(512, 256)",0.05,70205.2444390686,,,,,,,,,,,,,,,,,,,
static_g9_dg8_w256s10,0,ctx,0,,,True,0.9153,0.0,"[0, 0, 0, 0, 0, 0, 0, 0, 0, 0]",60.94653940200806,,,,,"[nan, nan]",,"[139.12754111928763, 18.154464303052965, 9.056441358841182]","(256, 128)",0.1,20624.47121794027,,,,,,,,,,,,,,,,,,,
static_g9_dg8_w256s10,1,ctx,0,,,True,0.9135,0.0,"[0, 0, 0, 0, 0, 0, 0, 0, 0, 0]",78.53749179840088,,,,,"[nan, nan]",,"[139.20131839478623, 18.27518151263327, 8.821760924331436]","(256, 128)",0.1,20624.85500701802,,,,,,,,,,,,,,,,,,,
static_g9_dg8_w512s5,0,ctx,0,,,True,0.9147,0.0,"[0, 0, 0, 0, 0, 0, 0, 0, 0, 0]",93.50540018081665,,,,,"[nan, nan]",,"[139.12754111928763, 24.37968397333896, 9.779505711127255]","(512, 256)",0.05,26303.482829709887,,,,,,,,,,,,,,,,,,,
static_g9_dg8_w512s5,1,ctx,0,,,True,0.912,0.0,"[0, 0, 0, 0, 0, 0, 0, 0, 0, 0]",116.06712484359741,,,,,"[nan, nan]",,"[139.20131839478623, 21.923796063641873, 9.479146678510435]","(512, 256)",0.05,26304.250407865387,,,,,,,,,,,,,,,,,,,
static_g9_dg8r_w256s10,0,ctx,0,,,True,0.9026,0.0,"[0, 0, 0, 0, 0, 0, 0, 0, 0, 0]",61.10936903953552,,,,,"[nan, nan]",,"[235.11899442938642, 18.557078441585244, 9.116855097864843]","(256, 128)",0.1,20628.285671216843,,,,,,,,,,,,,,,,,,,
static_g9_dg8r_w256s10,1,ctx,0,,,True,0.9071,0.0,"[0, 0, 0, 0, 0, 0, 0, 0, 0, 0]",78.71332430839539,,,,,"[nan, nan]",,"[228.5528613645626, 19.806335171132684, 9.663953997885395]","(256, 128)",0.1,20628.10637433472,,,,,,,,,,,,,,,,,,,
static_g9_dg8r_w512s5,0,ctx,0,,,True,0.9004,0.0,"[0, 0, 0, 0, 0, 0, 0, 0, 0, 0]",98.58041906356812,,,,,"[nan, nan]",,"[235.11899442938642, 22.23715086404465, 9.155833706478663]","(512, 256)",0.05,26311.111736263032,,,,,,,,,,,,,,,,,,,
static_g9_dg8r_w512s5,1,ctx,0,,,True,0.9083,0.0,"[0, 0, 0, 0, 0, 0, 0, 0, 0, 0]",120.00657653808594,,,,,"[nan, nan]",,"[228.5528613645626, 20.982795297202113, 9.398486911248318]","(512, 256)",0.05,26310.753142498783,,,,,,,,,,,,,,,,,,,
static_g9_dgdense_w256s10,0,ctx,0,,,True,0.6553,0.0,"[0, 0, 0, 0, 0, 0, 0, 0, 0, 0]",59.795379400253296,,,,,"[nan, nan]",,"[337.6365077677314, 16.97485926579166, 8.809554736414352]","(256, 128)",0.1,1455256.0554098277,,,,,,,,,,,,,,,,,,,
static_g9_dgdense_w256s10,1,ctx,0,,,True,0.6563,0.0,"[0, 0, 0, 0, 0, 0, 0, 0, 0, 0]",76.71486306190491,,,,,"[nan, nan]",,"[333.24964798092395, 14.695130642095304, 7.87497462102793]","(256, 128)",0.1,1455253.4235249227,,,,,,,,,,,,,,,,,,,
static_g9_dgdense_w512s5,0,ctx,0,,,True,0.6553,0.0,"[0, 0, 0, 0, 0, 0, 0, 0, 0, 0]",91.8855230808258,,,,,"[nan, nan]",,"[337.6365077677314, 17.964782625335104, 7.92107275953543]","(512, 256)",0.05,1458458.087626296,,,,,,,,,,,,,,,,,,,
static_g9_dgdense_w512s5,1,ctx,0,,,True,0.6525,0.0,"[0, 0, 0, 0, 0, 0, 0, 0, 0, 0]",112.69884204864502,,,,,"[nan, nan]",,"[333.24964798092395, 18.56249645867479, 8.367977153975996]","(512, 256)",0.05,1458451.9486123454,,,,,,,,,,,,,,,,,,,
static_loc16_none_br16_w512s5,0,ctx,1000,random,local,True,0.9494,0.0,"[90, 98, 111, 100, 98, 97, 113, 109, 91, 93]",974.1826446056366,,,,,"[nan, nan]",,"[62.34277391311201, 14.670365026522958, 9.686034393392358]","(512, 256)",0.05,112257.65270996094,local,18750.0,"[1.0, 1.0]","[1.0, 1.0]",,0.0,,,,,,,,,,,,,
static_loc16_none_br16_w512s5,1,ctx,1000,random,local,True,0.9483,0.0,"[100, 108, 109, 93, 95, 95, 78, 94, 114, 114]",634.0422523021698,,,,,"[nan, nan]",,"[62.34277391311201, 14.693630824079, 9.464767477825491]","(512, 256)",0.05,112257.65270996094,local,18750.0,"[1.0, 1.0]","[1.0, 1.0]",,0.0,,,,,,,,,,,,,
static_loc16_none_br16_w512s5,2,ctx,1000,random,local,True,0.9457,0.0,"[114, 96, 93, 106, 84, 104, 106, 104, 89, 104]",473.4444181919098,,,,,"[nan, nan]",,"[62.34277391311201, 15.6012150625786, 9.583720685543607]","(512, 256)",0.05,112257.65270996094,local,18750.0,"[1.0, 1.0]","[1.0, 1.0]",,0.0,,,,,,,,,,,,,
static_loc16_none_w256s10,0,ctx,1000,random,local,True,0.9504,0.0,"[91, 104, 110, 102, 95, 80, 111, 116, 95, 96]",766.9563620090485,,,,,"[nan, nan]",,"[62.34277391311193, 14.64855019001847, 9.431670882768097]","(256, 128)",0.1,56193.77557373047,local,18750.0,"[1.0, 1.0]","[1.0, 1.0]",,,,,,,,,,,,,,,
static_loc16_none_w256s10,1,ctx,1000,random,local,True,0.9501,0.0,"[98, 101, 104, 126, 98, 87, 92, 98, 94, 102]",980.9269404411316,,,,,"[nan, nan]",,"[62.34277391311193, 13.365442180685932, 9.630825658419104]","(256, 128)",0.1,56193.77557373047,local,18750.0,"[1.0, 1.0]","[1.0, 1.0]",,,,,,,,,,,,,,,
static_loc16_none_w256s10,2,ctx,1000,random,local,True,0.9475,0.0,"[94, 116, 105, 110, 104, 96, 103, 111, 87, 74]",1216.5081119537354,,,,,"[nan, nan]",,"[62.34277391311193, 14.021511485494768, 9.802663129506096]","(256, 128)",0.1,56193.77557373047,local,18750.0,"[1.0, 1.0]","[1.0, 1.0]",,,,,,,,,,,,,,,
static_loc16_none_w512s5,0,ctx,1000,random,local,True,0.9498,0.0,"[91, 104, 110, 102, 95, 80, 111, 116, 95, 96]",1002.9694631099701,,,,,"[nan, nan]",,"[62.34277391311193, 15.056369252640717, 9.659975213446112]","(512, 256)",0.05,112257.65270996094,local,18750.0,"[1.0, 1.0]","[1.0, 1.0]",,,,,,,,,,,,,,,
static_loc16_none_w512s5,1,ctx,1000,random,local,True,0.9522,0.0,"[98, 101, 104, 126, 98, 87, 92, 98, 94, 102]",2186.86372923851,,,,,"[nan, nan]",,"[62.34277391311193, 15.954335327936732, 10.150426097253602]","(512, 256)",0.05,112257.65270996094,local,18750.0,"[1.0, 1.0]","[1.0, 1.0]",,,,,,,,,,,,,,,
static_loc16_none_w512s5,2,ctx,1000,random,local,True,0.9493,0.0,"[94, 116, 105, 110, 104, 96, 103, 111, 87, 74]",1912.6672739982605,,,,,"[nan, nan]",,"[62.34277391311193, 16.010343071974294, 9.685486442370202]","(512, 256)",0.05,112257.65270996094,local,18750.0,"[1.0, 1.0]","[1.0, 1.0]",,,,,,,,,,,,,,,
static_loc16_refractory_br16_w512s5,0,ctx,1000,random,local,True,0.9189,0.0,"[90, 98, 111, 100, 98, 97, 113, 109, 91, 93]",1358.0265226364136,,,,,"[nan, nan]",,"[62.34277391311201, 12.344493580020261, 11.34730740484394]","(512, 256)",0.05,112257.65270996094,local,18750.0,"[0.7532091666666667, 0.7739589583333333]","[0.5176294787073136, 0.519573094941775]",,0.0,,,,,,,,,,,,,
static_loc16_refractory_br16_w512s5,1,ctx,1000,random,local,True,0.9179,0.0,"[100, 108, 109, 93, 95, 95, 78, 94, 114, 114]",664.4398341178894,,,,,"[nan, nan]",,"[62.34277391311201, 12.900391537649382, 11.032840802263854]","(512, 256)",0.05,112257.65270996094,local,18750.0,"[0.7664603125, 0.758855625]","[0.5142860529162238, 0.5209908288487295]",,0.0,,,,,,,,,,,,,
static_loc16_refractory_br16_w512s5,2,ctx,1000,random,local,True,0.9229,0.0,"[114, 96, 93, 106, 84, 104, 106, 104, 89, 104]",472.49869322776794,,,,,"[nan, nan]",,"[62.34277391311201, 11.642312296038241, 10.607822911250732]","(512, 256)",0.05,112257.65270996094,local,18750.0,"[0.7615536458333333, 0.7700447916666666]","[0.5146765424569448, 0.5194345794598758]",,0.0,,,,,,,,,,,,,
static_loc16_refractory_w256s10,0,ctx,1000,random,local,True,0.9377,0.0,"[91, 104, 110, 102, 95, 80, 111, 116, 95, 96]",643.4560358524323,,,,,"[nan, nan]",,"[62.34277391311193, 11.573822349280153, 10.476855309261891]","(256, 128)",0.1,56193.77557373047,local,18750.0,"[0.6603427083333333, 0.5919141666666666]","[0.509568270090421, 0.5155853810326259]",,,,,,,,,,,,,,,
static_loc16_refractory_w256s10,1,ctx,1000,random,local,True,0.9353,0.0,"[98, 101, 104, 126, 98, 87, 92, 98, 94, 102]",1136.486741065979,,,,,"[nan, nan]",,"[62.34277391311193, 12.678596072882634, 10.892063009678669]","(256, 128)",0.1,56193.768907547,local,18750.0,"[0.647178125, 0.6102804166666667]","[0.512005294564565, 0.5162412582333883]",,,,,,,,,,,,,,,
static_loc16_refractory_w256s10,2,ctx,1000,random,local,True,0.9369,0.0,"[94, 116, 105, 110, 104, 96, 103, 111, 87, 74]",1194.3281729221344,,,,,"[nan, nan]",,"[62.34277391311193, 11.521545422729858, 10.557304773542374]","(256, 128)",0.1,56193.77557373047,local,18750.0,"[0.6516691666666666, 0.6155775]","[0.5090131259298325, 0.5169717478052775]",,,,,,,,,,,,,,,
static_loc16_refractory_w512s5,0,ctx,1000,random,local,True,0.9226,0.0,"[91, 104, 110, 102, 95, 80, 111, 116, 95, 96]",1163.6285214424133,,,,,"[nan, nan]",,"[62.34277391311193, 14.764461921124465, 12.115777962971215]","(512, 256)",0.05,112257.65270996094,local,18750.0,"[0.7485021875, 0.7633997916666667]","[0.53643199517409, 0.5279293601846695]",,,,,,,,,,,,,,,
static_loc16_refractory_w512s5,1,ctx,1000,random,local,True,0.931,0.0,"[98, 101, 104, 126, 98, 87, 92, 98, 94, 102]",2121.5411818027496,,,,,"[nan, nan]",,"[62.34277391311193, 11.988841719822284, 11.893307461459225]","(512, 256)",0.05,112257.65270996094,local,18750.0,"[0.7574938541666667, 0.7594152083333333]","[0.5326114296318839, 0.5289949949718018]",,,,,,,,,,,,,,,
static_loc16_refractory_w512s5,2,ctx,1000,random,local,True,0.9291,0.0,"[94, 116, 105, 110, 104, 96, 103, 111, 87, 74]",1309.3746700286865,,,,,"[nan, nan]",,"[62.34277391311193, 11.889840658352378, 10.623443474433701]","(512, 256)",0.05,112257.65270996094,local,18750.0,"[0.7651791666666666, 0.7635816666666667]","[0.5295781997442246, 0.5280714065790673]",,,,,,,,,,,,,,,
static_loc16_silent_br16_w512s5,0,ctx,1000,random,local,True,0.9532,0.0,"[90, 98, 111, 100, 98, 97, 113, 109, 91, 93]",313.27936577796936,,,,,"[nan, nan]",,"[62.34277391311183, 23.0454364531094, 10.526213179730455]","(512, 256)",0.05,112257.65270996094,local,18750.0,"[0.6421225, 0.65022125]","[0.16678661028305689, 0.13327806172311307]",,0.0,"[0.6421225, 0.65022125]",,,,,,,,,,,,
static_loc16_silent_br16_w512s5,1,ctx,1000,random,local,True,0.9489,0.0,"[100, 108, 109, 93, 95, 95, 78, 94, 114, 114]",311.2996594905853,,,,,"[nan, nan]",,"[62.34277391311183, 22.49696213260278, 10.59452891065955]","(512, 256)",0.05,112257.65270996094,local,18750.0,"[0.6443798958333333, 0.6423308333333333]","[0.16718925846067567, 0.14476166027888657]",,0.0,"[0.6443798958333333, 0.6423308333333333]",,,,,,,,,,,,
static_loc16_silent_br16_w512s5,2,ctx,1000,random,local,True,0.9487,0.0,"[114, 96, 93, 106, 84, 104, 106, 104, 89, 104]",309.74537801742554,,,,,"[nan, nan]",,"[62.34277391311183, 23.85965565922953, 12.15413975443082]","(512, 256)",0.05,112257.65270996094,local,18750.0,"[0.6384940625, 0.629375]","[0.17981987644692263, 0.1652951579665641]",,0.0,"[0.6384940625, 0.629375]",,,,,,,,,,,,
static_loc32_none_1000,0,ctx,1000,random,local,True,0.9578,0.0,"[86, 118, 101, 97, 105, 83, 100, 99, 109, 102]",212.38714933395386,,,,,,,,,,,local,4685.0,"[1.0, 1.0]","[1.0, 1.0]",,,,,,,,,,,,,,,
static_loc32_none_1000,1,ctx,1000,random,local,True,0.9535,0.0,"[107, 114, 94, 86, 104, 97, 103, 113, 104, 78]",210.60095500946045,,,,,,,,,,,local,4685.0,"[1.0, 1.0]","[1.0, 1.0]",,,,,,,,,,,,,,,
static_loc32_none_1000,2,ctx,1000,random,local,True,0.9554,0.0,"[103, 126, 93, 100, 99, 88, 111, 100, 80, 100]",214.25501561164856,,,,,,,,,,,local,4685.0,"[1.0, 1.0]","[1.0, 1.0]",,,,,,,,,,,,,,,
static_loc32_silent_1000,0,ctx,1000,random,local,True,0.9293,0.0,"[86, 118, 101, 97, 105, 83, 100, 99, 109, 102]",208.30075931549072,,,,,,,,,,,local,4685.0,"[0.26717249199573107, 0.2510455576307364]","[0.12095460999625851, 0.05597811725463722]",,,,,,,,,,,,,,,
static_loc32_silent_1000,1,ctx,1000,random,local,True,0.9268,0.0,"[107, 114, 94, 86, 104, 97, 103, 113, 104, 78]",208.8660056591034,,,,,,,,,,,local,4685.0,"[0.25761155949839915, 0.3064884605122732]","[0.11032150488907398, 0.035368340223105255]",,,,,,,,,,,,,,,
static_loc32_silent_1000,2,ctx,1000,random,local,True,0.9275,0.0,"[103, 126, 93, 100, 99, 88, 111, 100, 80, 100]",206.9523344039917,,,,,,,,,,,local,4685.0,"[0.26548742662753466, 0.2781900346851654]","[0.12711068676703133, 0.043587727990029274]",,,,,,,,,,,,,,,
static_sp11_refr_loc,0,ctx,1000,random,local,True,0.9134,0.0,"[94, 113, 94, 94, 109, 88, 99, 115, 106, 88]",481.2305612564087,,,,,"[nan, nan]",,"[62.34277391311201, 11.207132495618776, 11.422980960328289]","(512, 256)",0.05,112257.67834498733,local,18750.0,"[0.7536176041666667, 0.7659616666666667]","[0.5165290848747889, 0.5193054694159825]",,0.0,"[0.7536176041666667, 0.7659616666666667]",,,,,,,,,,,,
static_sp11_refr_loc,1,ctx,1000,random,local,True,0.9193,0.0,"[87, 107, 89, 107, 90, 77, 106, 104, 119, 114]",355.77196979522705,,,,,"[nan, nan]",,"[62.34277391311201, 10.825339871918162, 10.869444209289513]","(512, 256)",0.05,112257.65270996094,local,18750.0,"[0.7674085416666667, 0.7630991666666667]","[0.5127330726029227, 0.521959368088295]",,0.0,"[0.7674085416666667, 0.7630991666666667]",,,,,,,,,,,,
static_sp11_refr_loc,2,ctx,1000,random,local,True,0.9198,0.0,"[103, 109, 120, 94, 104, 66, 100, 101, 98, 105]",358.82344102859497,,,,,"[nan, nan]",,"[62.34277391311201, 11.908605302662007, 10.330312053906455]","(512, 256)",0.05,112257.65270996094,local,18750.0,"[0.7539794791666666, 0.7732420833333333]","[0.5161234611574809, 0.5181875800880293]",,0.0,"[0.7539794791666666, 0.7732420833333333]",,,,,,,,,,,,
bp_er_1000,0,bp,1000,random,er,False,0.8861476912818803,0.13451255477876303,"[101, 105, 97, 123, 106, 87, 91, 98, 95, 97]",18.733125686645508,,,,,,,,,,,,,,,,,,,,"{'epochs_per_task': 5, 'batch': 256, 'nrem_batches': 20, 'nrem_gain': 3.0, 'val': True}",,,,,,,,,
bp_er_1000,1,bp,1000,random,er,False,0.8923153858976496,0.1268539886188069,"[102, 92, 112, 105, 77, 87, 105, 117, 99, 104]",18.108911275863647,,,,,,,,,,,,,,,,,,,,"{'epochs_per_task': 5, 'batch': 256, 'nrem_batches': 20, 'nrem_gain': 3.0, 'val': True}",,,,,,,,,
bp_er_1000,2,bp,1000,random,er,False,0.8838139689948324,0.13822101953550955,"[94, 108, 91, 114, 111, 89, 107, 91, 87, 108]",18.264002561569214,,,,,,,,,,,,,,,,,,,,"{'epochs_per_task': 5, 'batch': 256, 'nrem_batches': 20, 'nrem_gain': 3.0, 'val': True}",,,,,,,,,
g16_sgd_block2048_s10_w512,0,ctx,1000,random,local,False,0.9173195532588765,0.06576840650916976,"[102, 110, 116, 92, 95, 85, 100, 114, 88, 98]",433.8409402370453,,,,,"[0.905610497165218, 0.7173593598381446]",0.795411040543649,"[43.12398710460892, 9.34922754659245, 5.499176033023091]","(512, 256)",0.1,114307.67224121094,local,16885.0,"[0.6750062462984898, 0.8314896727864969]","[0.49487655933064967, 0.511824246786142]",,0.0,"[0.6750062462984898, 0.8314896727864969]",0.9641101569440331,,"{'epochs_per_task': 5, 'batch': 256, 'nrem_batches': 20, 'nrem_gain': 3.0, 'val': True}",,,,0.0,,,,,
g16_sgd_block2048_s10_w512,1,ctx,1000,random,local,False,0.9144857476246041,0.06387612140152965,"[96, 106, 97, 118, 98, 77, 102, 120, 95, 91]",331.3145432472229,,,,,"[0.8948821541313106, 0.734291235695931]",0.795411040543649,"[43.12398710460892, 9.249955115994034, 5.647894510965466]","(512, 256)",0.1,114307.67224121094,local,16885.0,"[0.6801300618152206, 0.83116301450992]","[0.49042171689601455, 0.5045841819778535]",,0.0,"[0.6801300618152206, 0.83116301450992]",0.9559372223867338,,"{'epochs_per_task': 5, 'batch': 256, 'nrem_batches': 20, 'nrem_gain': 3.0, 'val': True}",,,,0.0,,,,,
g16_sgd_block2048_s10_w512,2,ctx,1000,random,local,False,0.9198199699949992,0.055841117074636404,"[89, 110, 112, 114, 83, 88, 95, 89, 109, 111]",297.6067626476288,,,,,"[0.8392398138213493, 0.7346926239060342]",0.795411040543649,"[43.12398710460892, 9.8391595087231, 6.55974094932814]","(512, 256)",0.1,114307.67224121094,local,16885.0,"[0.6779761298859935, 0.8335111600533017]","[0.490416520518031, 0.5117474070194472]",,0.0,"[0.6779761298859935, 0.8335111600533017]",0.9548119632810187,,"{'epochs_per_task': 5, 'batch': 256, 'nrem_batches': 20, 'nrem_gain': 3.0, 'val': True}",,,,0.0,,,,,
g16_sgd_refr_s10_w512,0,ctx,1000,random,local,False,0.9114852475412569,0.07397810636670962,"[102, 110, 116, 92, 95, 85, 100, 114, 88, 98]",434.7258503437042,,,,,"[0.8933377990597725, 0.7303213365714126]",0.795411040543649,"[43.12398710460892, 9.44854202988659, 5.459233885459654]","(512, 256)",0.1,114307.67224121094,local,16885.0,"[0.6709616523541605, 0.8342706636807817]","[0.506644682124641, 0.5365082574505795]",,0.0,"[0.6709616523541605, 0.8342706636807817]",,,"{'epochs_per_task': 5, 'batch': 256, 'nrem_batches': 20, 'nrem_gain': 3.0, 'val': True}",,,,0.0,,,,,
g16_sgd_refr_s10_w512,1,ctx,1000,random,local,False,0.9176529421570262,0.05999412704583934,"[96, 106, 97, 118, 98, 77, 102, 120, 95, 91]",411.50075101852417,,,,,"[0.9033903686645154, 0.6904458004248399]",0.795411040543649,"[43.12398710460892, 10.153943355590414, 5.702914601474801]","(512, 256)",0.1,114307.67224121094,local,16885.0,"[0.6762817635845425, 0.8360443811074919]","[0.5061940215005125, 0.5301171073749075]",,0.0,"[0.6762817635845425, 0.8360443811074919]",,,"{'epochs_per_task': 5, 'batch': 256, 'nrem_batches': 20, 'nrem_gain': 3.0, 'val': True}",,,,0.0,,,,,
g16_sgd_refr_s10_w512,2,ctx,1000,random,local,False,0.9201533588931489,0.05919160115707495,"[89, 110, 112, 114, 83, 88, 95, 89, 109, 111]",343.8642601966858,,,,,"[0.9009824210900794, 0.6866844326846155]",0.795411040543649,"[43.12398710460892, 8.881002762506403, 6.021110261378357]","(512, 256)",0.1,114307.67224121094,local,16885.0,"[0.6785399161607936, 0.8315278446106011]","[0.5062058712313046, 0.5303644977885041]",,0.0,"[0.6785399161607936, 0.8315278446106011]",,,"{'epochs_per_task': 5, 'batch': 256, 'nrem_batches': 20, 'nrem_gain': 3.0, 'val': True}",,,,0.0,,,,,
g16_sgd_refr_s10_w512_static,0,ctx,1000,random,local,True,0.941656942823804,0.0,"[107, 107, 94, 102, 103, 86, 105, 100, 100, 96]",415.0905930995941,,,,,"[nan, nan]",,"[43.12398710460892, 7.413206179551281, 5.001110949958955]","(512, 256)",0.1,114307.67224121094,local,16880.0,"[0.6422274187277843, 0.6918281157434835]","[0.5045457271267594, 0.5131081832925926]",,0.0,"[0.6422274187277843, 0.6918281157434835]",,,"{'epochs_per_task': 5, 'batch': 256, 'nrem_batches': 20, 'nrem_gain': 3.0, 'val': True}",,,,0.0,,,,,
g16_sgd_refr_s10_w512_static,1,ctx,1000,random,local,True,0.9368228038006334,0.0,"[107, 107, 88, 116, 103, 73, 105, 117, 89, 95]",321.20116567611694,,,,,"[nan, nan]",,"[43.12398710460892, 7.433275251138315, 4.674878798312699]","(512, 256)",0.1,114307.67224121094,local,16880.0,"[0.6392392994668247, 0.6947166117446683]","[0.5044035213032817, 0.5156671513887167]",,0.0,"[0.6392392994668247, 0.6947166117446683]",,,"{'epochs_per_task': 5, 'batch': 256, 'nrem_batches': 20, 'nrem_gain': 3.0, 'val': True}",,,,0.0,,,,,
g16_sgd_refr_s10_w512_static,2,ctx,1000,random,local,True,0.9414902483747292,0.0,"[101, 111, 102, 104, 83, 99, 103, 101, 94, 102]",337.6187620162964,,,,,"[nan, nan]",,"[43.12398710460892, 7.330908767247042, 4.78958605967155]","(512, 256)",0.1,114307.67224121094,local,16880.0,"[0.6390071923133887, 0.6760839380924171]","[0.504405090139552, 0.5143701339776129]",,0.0,"[0.6390071923133887, 0.6760839380924171]",,,"{'epochs_per_task': 5, 'batch': 256, 'nrem_batches': 20, 'nrem_gain': 3.0, 'val': True}",,,,0.0,,,,,
g16_sgd_silent_s10_w512,0,ctx,1000,random,local,False,0.8829804967494582,0.12994997969647554,"[102, 110, 116, 92, 95, 85, 100, 114, 88, 98]",418.45954418182373,,,,,"[0.8063128207752438, 0.8125509309509894]",0.795411040543649,"[43.12398710460892, 12.359045098096491, 4.421263047119909]","(512, 256)",0.1,114307.67224121094,local,16885.0,"[0.5133239330396802, 0.7657617245336097]","[0.14406459408180403, 0.16265088189078888]",,0.0,"[0.5133239330396802, 0.7657617245336097]",,,"{'epochs_per_task': 5, 'batch': 256, 'nrem_batches': 20, 'nrem_gain': 3.0, 'val': True}",,,,0.0,,,,,
g16_sgd_silent_s10_w512,1,ctx,1000,random,local,False,0.8731455242540423,0.1440070863941997,"[96, 106, 97, 118, 98, 77, 102, 120, 95, 91]",333.2816095352173,,,,,"[0.8058585116824878, 0.8411616819915843]",0.795411040543649,"[43.12398710460892, 12.651562131691719, 4.540681876994088]","(512, 256)",0.1,114307.67224121094,local,16885.0,"[0.5213267137992301, 0.776021848164051]","[0.1409173563038911, 0.16544860973656353]",,0.0,"[0.5213267137992301, 0.776021848164051]",,,"{'epochs_per_task': 5, 'batch': 256, 'nrem_batches': 20, 'nrem_gain': 3.0, 'val': True}",,,,0.0,,,,,
g16_sgd_silent_s10_w512,2,ctx,1000,random,local,False,0.8839806634439074,0.13096270414397013,"[89, 110, 112, 114, 83, 88, 95, 89, 109, 111]",243.03774785995483,,,,,"[0.8390115823426079, 0.8236484052799258]",0.795411040543649,"[43.12398710460892, 12.921271768351955, 4.109159247579322]","(512, 256)",0.1,114307.67224121094,local,16885.0,"[0.5336071679745336, 0.7792069977050636]","[0.13162022860175254, 0.15120162447500254]",,0.0,"[0.5336071679745336, 0.7792069977050636]",,,"{'epochs_per_task': 5, 'batch': 256, 'nrem_batches': 20, 'nrem_gain': 3.0, 'val': True}",,,,0.0,,,,,
g17_ctx_none_s10,0,ctx,0,,,False,0.1940323387231205,0.9943608096106417,"[0, 0, 0, 0, 0, 0, 0, 0, 0, 0]",31.62090253829956,,,,,"[0.6848042113171953, 0.7388911073517377]",0.795411040543649,"[43.12398710460892, 21.611383535023453, 2.707755331096971]","(512, 256)",0.1,114307.67224121094,,,,,,,,,,"{'epochs_per_task': 5, 'batch': 256, 'nrem_batches': 20, 'nrem_gain': 3.0, 'val': True}",,,,,,,,,
g17_ctx_none_s10,1,ctx,0,,,False,0.19419903317219536,0.9950209519200354,"[0, 0, 0, 0, 0, 0, 0, 0, 0, 0]",30.031523942947388,,,,,"[0.6733855978846963, 0.7192693780581705]",0.795411040543649,"[43.12398710460892, 20.850182102071336, 2.495590345147306]","(512, 256)",0.1,114307.67224121094,,,,,,,,,,"{'epochs_per_task': 5, 'batch': 256, 'nrem_batches': 20, 'nrem_gain': 3.0, 'val': True}",,,,,,,,,
g17_ctx_none_s10,2,ctx,0,,,False,0.19386564427404568,0.9945355793223648,"[0, 0, 0, 0, 0, 0, 0, 0, 0, 0]",29.661814212799072,,,,,"[0.6783273988956862, 0.7465830567983022]",0.795411040543649,"[43.12398710460892, 22.272600079721542, 2.959934843914431]","(512, 256)",0.1,114307.67224121094,,,,,,,,,,"{'epochs_per_task': 5, 'batch': 256, 'nrem_batches': 20, 'nrem_gain': 3.0, 'val': True}",,,,,,,,,
g17_night_s10,0,ctx,1000,random,nrem,False,0.9229871645274212,0.05444762488694488,"[85, 117, 99, 121, 103, 82, 80, 113, 91, 109]",50.87339234352112,,,,,"[0.7513618121587909, 0.6596073631933784]",0.795411040543649,"[43.12398710460892, 10.365678139910717, 4.969447715155345]","(512, 256)",0.1,114307.67224121094,,,,,,,,,,"{'epochs_per_task': 5, 'batch': 256, 'nrem_batches': 20, 'nrem_gain': 3.0, 'val': True}",,,,,,,,,
g17_night_s10,1,ctx,1000,random,nrem,False,0.8814802467077846,0.10604202451826797,"[78, 111, 96, 99, 94, 101, 100, 104, 111, 106]",40.39887833595276,,,,,"[0.7555483523209874, 0.7176641342149864]",0.795411040543649,"[43.12398710460892, 10.18291037372681, 4.471693667167546]","(512, 256)",0.1,114307.56890106201,,,,,,,,,,"{'epochs_per_task': 5, 'batch': 256, 'nrem_batches': 20, 'nrem_gain': 3.0, 'val': True}",,,,,,,,,
g17_night_s10,2,ctx,1000,random,nrem,False,0.9164860810135023,0.03609675190187331,"[112, 130, 93, 107, 98, 81, 89, 109, 92, 89]",42.16317820549011,,,,,"[0.7687912647082924, 0.6613483438247834]",0.795411040543649,"[43.12398710460892, 8.619264669492676, 4.573153888591562]","(512, 256)",0.1,114306.31558227539,,,,,,,,,,"{'epochs_per_task': 5, 'batch': 256, 'nrem_batches': 20, 'nrem_gain': 3.0, 'val': True}",,,,,,,,,
g17_sgd_none_s10,0,ctx,1000,random,local,False,0.8724787464577429,0.13435220618216243,"[102, 110, 116, 92, 95, 85, 100, 114, 88, 98]",402.11962723731995,,,,,"[0.8956753204221443, 0.7482676893044353]",0.795411040543649,"[43.12398710460892, 5.132837544912967, 3.0308000258299375]","(512, 256)",0.1,114258.53890228271,local,16885.0,"[1.0, 1.0]","[1.0, 1.0]",,0.0,"[1.0, 1.0]",,,"{'epochs_per_task': 5, 'batch': 256, 'nrem_batches': 20, 'nrem_gain': 3.0, 'val': True}",,,,0.0,,,,,
g17_sgd_none_s10,1,ctx,1000,random,local,False,0.7969661610268378,0.2192817054701948,"[96, 106, 97, 118, 98, 77, 102, 120, 95, 91]",408.6657371520996,,,,,"[0.8168446910319209, 0.668586761365836]",0.795411040543649,"[43.12398710460892, 6.15304016492168, 4.754180520964548]","(512, 256)",0.1,114166.44890594482,local,16885.0,"[1.0, 1.0]","[1.0, 1.0]",,0.0,"[1.0, 1.0]",,,"{'epochs_per_task': 5, 'batch': 256, 'nrem_batches': 20, 'nrem_gain': 3.0, 'val': True}",,,,0.0,,,,,
g17_sgd_none_s10,2,ctx,1000,random,local,False,0.8428071345224204,0.166578185997841,"[89, 110, 112, 114, 83, 88, 95, 89, 109, 111]",411.1560060977936,,,,,"[0.8975420096427467, 0.5996214421519146]",0.795411040543649,"[43.12398710460892, 5.501038196048598, 5.043634315894117]","(512, 256)",0.1,114194.96557044983,local,16885.0,"[1.0, 1.0]","[1.0, 1.0]",,0.0,"[1.0, 1.0]",,,"{'epochs_per_task': 5, 'batch': 256, 'nrem_batches': 20, 'nrem_gain': 3.0, 'val': True}",,,,0.0,,,,,
g19b_mnist,0,ctx,1000,random,local,False,0.9013168861476912,0.102393412369985,"[102, 110, 116, 92, 95, 85, 100, 114, 88, 98]",420.3070225715637,,,,,"[0.7858215585041025, 0.5688061453825484]",0.795411040543649,"[43.12398710460892, 12.049436857157778, 7.513464921267701]","(512, 256)",0.1,114307.64891433716,local,16885.0,"[0.6341920065886882, 0.7231975958691146]","[0.5138655240212032, 0.5774452569421523]",,0.0,"[0.6341920065886882, 0.7231975958691146]",,,"{'epochs_per_task': 5, 'batch': 256, 'nrem_batches': 20, 'nrem_gain': 3.0, 'val': True}","[None, None, 1.2451734698919293e-05, 5.516544133209062e-06]",,,0.0,,,,,
g19b_mnist,1,ctx,1000,random,local,False,0.899483247207868,0.10452501995918481,"[96, 106, 97, 118, 98, 77, 102, 120, 95, 91]",347.1282820701599,,,,,"[0.7769766497180338, 0.5914295553858453]",0.795411040543649,"[43.12398710460892, 11.25725675848464, 6.455544537205899]","(512, 256)",0.1,114307.67224121094,local,16885.0,"[0.6400199187518507, 0.7781460523393544]","[0.5124873923071044, 0.5960579928426585]",,0.0,"[0.6400199187518507, 0.7781460523393544]",,,"{'epochs_per_task': 5, 'batch': 256, 'nrem_batches': 20, 'nrem_gain': 3.0, 'val': True}","[None, None, 1.8600640697582612e-05, 2.65596957163128e-06]",,,0.0,,,,,
g19b_mnist,2,ctx,1000,random,local,False,0.9129854975829305,0.08609061832303436,"[89, 110, 112, 114, 83, 88, 95, 89, 109, 111]",279.5090911388397,,,,,"[0.7619936307848529, 0.6133328892769758]",0.795411040543649,"[43.12398710460892, 11.984867976250785, 6.831542419652411]","(512, 256)",0.1,114307.67224121094,local,16885.0,"[0.6358892646949955, 0.7375]","[0.5139368850158663, 0.5846637126147695]",,0.0,"[0.6358892646949955, 0.7375]",,,"{'epochs_per_task': 5, 'batch': 256, 'nrem_batches': 20, 'nrem_gain': 3.0, 'val': True}","[None, None, 1.1497625044101326e-05, 6.338125629013958e-06]",,,0.0,,,,,
g19b_mnist_static,0,ctx,1000,random,local,True,0.9536589431571929,0.0,"[107, 107, 94, 102, 103, 86, 105, 100, 100, 96]",421.56300711631775,,,,,"[nan, nan]",,"[43.12398710460892, 10.164238363916114, 5.621828690706268]","(512, 256)",0.1,114237.79223251343,local,16880.0,"[0.5880505313240522, 0.6373014477191943]","[0.5079862328025543, 0.5246421406663495]",,0.0,"[0.5880505313240522, 0.6373014477191943]",,,"{'epochs_per_task': 5, 'batch': 256, 'nrem_batches': 20, 'nrem_gain': 3.0, 'val': True}","[None, None, 6.523893737250447e-05, 6.738242265719108e-06]",,,0.0,,,,,
g19b_mnist_static,1,ctx,1000,random,local,True,0.9538256376062677,0.0,"[107, 107, 88, 116, 103, 73, 105, 117, 89, 95]",336.2991261482239,,,,,"[nan, nan]",,"[43.12398710460892, 10.20859892310228, 5.132958153792292]","(512, 256)",0.1,114269.06224060059,local,16880.0,"[0.589315318609301, 0.6125004628258294]","[0.507334544314557, 0.5312537307678876]",,0.0,"[0.589315318609301, 0.6125004628258294]",,,"{'epochs_per_task': 5, 'batch': 256, 'nrem_batches': 20, 'nrem_gain': 3.0, 'val': True}","[None, None, 6.862677955704126e-05, 9.209456549567785e-06]",,,0.0,,,,,
g19b_mnist_static,2,ctx,1000,random,local,True,0.9529921653608935,0.0,"[101, 111, 102, 104, 83, 99, 103, 101, 94, 102]",278.3673610687256,,,,,"[nan, nan]",,"[43.12398710460892, 10.33005318986591, 5.863891984692131]","(512, 256)",0.1,114274.20557785034,local,16880.0,"[0.5954666210011849, 0.5705612688832938]","[0.507260067697385, 0.5325466032700517]",,0.0,"[0.5954666210011849, 0.5705612688832938]",,,"{'epochs_per_task': 5, 'batch': 256, 'nrem_batches': 20, 'nrem_gain': 3.0, 'val': True}","[None, None, 6.289221073761062e-05, 9.50146222850976e-06]",,,0.0,,,,,
g20b_d5_skip,0,ctx,1000,random,local,False,0.9079846641106851,0.07664226441489264,"[102, 110, 116, 92, 95, 85, 100, 114, 88, 98]",941.8398816585541,,,,,"[0.7831555051328806, 0.6656089835238778, 0.6940741909182312, 0.7095635362042482, 0.41912488017169036]",0.795411040543649,"[43.12398710460892, 11.665888292798275, 10.684785366408162, 6.002799582519536, 4.941486396753121, 3.677034991618924]","(512, 256, 128, 128, 128)",0.1,127693.91765403748,local,16885.0,"[0.625829253960616, 0.6520393007847202, 0.6861979937814628, 0.7161334949659461, 0.7697919751258514]","[0.5144855487521386, 0.5417351560565117, 0.5504925415983276, 0.5656728716407755, 0.6448599847783201]",,0.0,"[0.625829253960616, 0.6520393007847202, 0.6861979937814628, 0.7161334949659461, 0.7697919751258514]",,,"{'epochs_per_task': 5, 'batch': 256, 'nrem_batches': 20, 'nrem_gain': 3.0, 'val': True}","[None, None, 1.6688637695213193e-06, 3.0314501871593866e-06, 1.0996179235768908e-06, 2.907643006376126e-06, 9.459826230325934e-06]",,,0.0,,,,,
g20b_d5_skip,1,ctx,1000,random,local,False,0.9101516919486581,0.07717703616880486,"[96, 106, 97, 118, 98, 77, 102, 120, 95, 91]",927.5301978588104,,,,,"[0.7683519145965879, 0.6042329607525309, 0.6931936330877224, 0.7601817046299805, 0.38286051709157526]",0.795411040543649,"[43.12398710460892, 11.486566247048168, 7.6566162353015805, 5.269379541884359, 4.385840713563173, 4.288743008451323]","(512, 256, 128, 128, 128)",0.1,127694.16119197756,local,16885.0,"[0.6303542345276874, 0.658404741634587, 0.704644932632514, 0.7307188332839799, 0.7512816479123482]","[0.5141937326724833, 0.538504417702613, 0.5533354616770563, 0.571384708217555, 0.6628833286475245]",,0.0,"[0.6303542345276874, 0.658404741634587, 0.704644932632514, 0.7307188332839799, 0.7512816479123482]",,,"{'epochs_per_task': 5, 'batch': 256, 'nrem_batches': 20, 'nrem_gain': 3.0, 'val': True}","[None, None, 1.6963580455468177e-06, 2.834796898855461e-06, 1.131676536711955e-06, 3.2466091553739373e-06, 1.0350740202255752e-05]",,,0.0,,,,,
g20b_d5_skip,2,ctx,1000,random,local,False,0.9093182197032839,0.07510179137615106,"[89, 110, 112, 114, 83, 88, 95, 89, 109, 111]",617.9343814849854,,,,,"[0.7656310093098689, 0.6333430078417408, 0.667457507986436, 0.6562075971286497, 0.4032182733494832]",0.795411040543649,"[43.12398710460892, 12.634196735780348, 10.191018389610521, 5.2892778921593715, 3.320725910573485, 3.2113417270866114]","(512, 256, 128, 128, 128)",0.1,127685.32288488,local,16885.0,"[0.6248566821513177, 0.6417414680189517, 0.7129909127924193, 0.7275669973349126, 0.7797013806633106]","[0.5143824403556734, 0.5448023109286715, 0.5687606857828674, 0.5794048784821917, 0.6325126799524519]",,0.0,"[0.6248566821513177, 0.6417414680189517, 0.7129909127924193, 0.7275669973349126, 0.7797013806633106]",,,"{'epochs_per_task': 5, 'batch': 256, 'nrem_batches': 20, 'nrem_gain': 3.0, 'val': True}","[None, None, 1.6379732434677098e-06, 2.5019945547004817e-06, 1.0697988644047357e-06, 3.0960174980854455e-06, 7.989127863785951e-06]",,,0.0,,,,,
g20b_d5_skip_static,0,ctx,1000,random,local,True,0.9586597766294382,0.0,"[107, 107, 94, 102, 103, 86, 105, 100, 100, 96]",799.4104356765747,,,,,"[nan, nan, nan, nan, nan]",,"[43.12398710460892, 14.364388315364794, 5.662490926918297, 4.568882828715084, 3.0106952559346833, 3.963366647991455]","(512, 256, 128, 128, 128)",0.1,127644.5171155855,local,16880.0,"[0.5830540950829384, 0.6403864132849526, 0.634293079828199, 0.675845119964455, 0.6070122741409952]","[0.5085351887269396, 0.5214968342083546, 0.5173165948893786, 0.5327731761030888, 0.5390649541223783]",,0.0,"[0.5830540950829384, 0.6403864132849526, 0.634293079828199, 0.675845119964455, 0.6070122741409952]",,,"{'epochs_per_task': 5, 'batch': 256, 'nrem_batches': 20, 'nrem_gain': 3.0, 'val': True}","[None, None, 4.693932705595503e-06, 1.1488117269898782e-05, 3.852175033816549e-06, 1.0096583467078602e-05, 1.4761713544290382e-05]",,,0.0,,,,,
g20b_d5_skip_static,1,ctx,1000,random,local,True,0.9613268878146358,0.0,"[107, 107, 88, 116, 103, 73, 105, 117, 89, 95]",739.6411328315735,,,,,"[nan, nan, nan, nan, nan]",,"[43.12398710460892, 13.207385602903148, 7.338147811767484, 4.687666782013074, 3.2198510986933893, 4.057044456743157]","(512, 256, 128, 128, 128)",0.1,127634.17878267169,local,16880.0,"[0.5798619853376777, 0.6267115299170616, 0.628475821978673, 0.6952060500592417, 0.6281319423874407]","[0.5081232969070921, 0.5246035002233788, 0.5209308845631037, 0.5514949658947392, 0.5472902445202049]",,0.0,"[0.5798619853376777, 0.6267115299170616, 0.628475821978673, 0.6952060500592417, 0.6281319423874407]",,,"{'epochs_per_task': 5, 'batch': 256, 'nrem_batches': 20, 'nrem_gain': 3.0, 'val': True}","[None, None, 4.774574493408032e-06, 1.1255915985966825e-05, 4.5722948392569685e-06, 1.0614833308688575e-05, 1.4229533971888118e-05]",,,0.0,,,,,
g20b_d5_skip_static,2,ctx,1000,random,local,True,0.9613268878146358,0.0,"[101, 111, 102, 104, 83, 99, 103, 101, 94, 102]",555.6195061206818,,,,,"[nan, nan, nan, nan, nan]",,"[43.12398710460892, 13.552357500698426, 5.999926087878844, 4.689140319338261, 3.52402667999141, 4.57963609852733]","(512, 256, 128, 128, 128)",0.1,127635.90745255351,local,16880.0,"[0.5742831984967417, 0.637469222082346, 0.6474507553317536, 0.6936782619964454, 0.5999236337381516]","[0.5088779683273409, 0.5240156231792334, 0.5243352549953907, 0.5354678739718564, 0.5379520342698524]",,0.0,"[0.5742831984967417, 0.637469222082346, 0.6474507553317536, 0.6936782619964454, 0.5999236337381516]",,,"{'epochs_per_task': 5, 'batch': 256, 'nrem_batches': 20, 'nrem_gain': 3.0, 'val': True}","[None, None, 4.893664910757283e-06, 1.0272958750603008e-05, 3.966327172999115e-06, 8.09468674822716e-06, 1.7021977352386297e-05]",,,0.0,,,,,
